0 verbose cli /usr/local/bin/node /usr/local/bin/npm
1 info using npm@11.17.0
2 info using node@v24.19.0
3 silly config load:file:/usr/local/lib/node_modules/npm/npmrc
4 silly config load:file:/Users/hazael/Desktop/uniswap/.npmrc
5 silly config load:file:/Users/hazael/.npmrc
6 silly config load:file:/usr/local/etc/npmrc
7 verbose title npm install prisma @types/bcryptjs
8 verbose argv "install" "--legacy-peer-deps" "--save-dev" "prisma" "@types/bcryptjs"
9 verbose logfile logs-max:10 dir:/Users/hazael/Desktop/uniswap/.npm_cache/_logs/2026-08-27T22_23_58_617Z-
10 verbose logfile /Users/hazael/Desktop/uniswap/.npm_cache/_logs/2026-08-27T22_23_58_617Z-debug-0.log
11 silly logfile done cleaning log files
12 silly packumentCache heap:4496293888 maxSize:1124073472 maxEntrySize:562036736
13 silly idealTree buildDeps
14 silly fetch manifest prisma@*
15 silly packumentCache full:https://registry.npmjs.org/prisma cache-miss
16 http fetch GET 200 https://registry.npmjs.org/prisma 762ms (cache miss)
17 silly packumentCache full:https://registry.npmjs.org/prisma set size:undefined disposed:false
18 silly fetch manifest @types/bcryptjs@*
19 silly packumentCache full:https://registry.npmjs.org/@types%2fbcryptjs cache-miss
20 http fetch GET 200 https://registry.npmjs.org/@types%2fbcryptjs 36ms (cache miss)
21 silly packumentCache full:https://registry.npmjs.org/@types%2fbcryptjs set size:undefined disposed:false
22 silly placeDep ROOT @types/bcryptjs@2.4.6 OK for: app-temp@0.1.0 want: *
23 silly placeDep ROOT prisma@8.0.0-rc.12 OK for: app-temp@0.1.0 want: *
24 silly fetch manifest open@^11.0.0
25 silly packumentCache full:https://registry.npmjs.org/open cache-miss
26 silly fetch manifest execa@^9.6.1
27 silly packumentCache full:https://registry.npmjs.org/execa cache-miss
28 silly fetch manifest dotenv@^17.4.2
29 silly packumentCache full:https://registry.npmjs.org/dotenv cache-miss
30 silly fetch manifest better-result@^2.9.2
31 silly packumentCache full:https://registry.npmjs.org/better-result cache-miss
32 silly fetch manifest @manypkg/tools@^2.1.2
33 silly packumentCache full:https://registry.npmjs.org/@manypkg%2ftools cache-miss
34 silly fetch manifest @prisma/cli-engine@0.3.0
35 silly packumentCache full:https://registry.npmjs.org/@prisma%2fcli-engine cache-miss
36 silly fetch manifest @prisma/compute-sdk@0.42.0
37 silly packumentCache full:https://registry.npmjs.org/@prisma%2fcompute-sdk cache-miss
38 silly fetch manifest @prisma/composer-cli@0.16.0
39 silly packumentCache full:https://registry.npmjs.org/@prisma%2fcomposer-cli cache-miss
40 silly fetch manifest @vercel/detect-agent@^1.2.3
41 silly packumentCache full:https://registry.npmjs.org/@vercel%2fdetect-agent cache-miss
42 silly fetch manifest @prisma/orm-toolchain@8.0.0-rc.8
43 silly packumentCache full:https://registry.npmjs.org/@prisma%2form-toolchain cache-miss
44 silly fetch manifest @prisma/management-api-sdk@1.69.0
45 silly packumentCache full:https://registry.npmjs.org/@prisma%2fmanagement-api-sdk cache-miss
46 http fetch GET 200 https://registry.npmjs.org/open 32ms (cache miss)
47 silly packumentCache full:https://registry.npmjs.org/open set size:undefined disposed:false
48 http fetch GET 200 https://registry.npmjs.org/execa 75ms (cache miss)
49 silly packumentCache full:https://registry.npmjs.org/execa set size:undefined disposed:false
50 http fetch GET 200 https://registry.npmjs.org/better-result 82ms (cache miss)
51 silly packumentCache full:https://registry.npmjs.org/better-result set size:undefined disposed:false
52 http fetch GET 200 https://registry.npmjs.org/@vercel%2fdetect-agent 93ms (cache miss)
53 silly packumentCache full:https://registry.npmjs.org/@vercel%2fdetect-agent set size:undefined disposed:false
54 http fetch GET 200 https://registry.npmjs.org/dotenv 98ms (cache miss)
55 silly packumentCache full:https://registry.npmjs.org/dotenv set size:undefined disposed:false
56 http fetch GET 200 https://registry.npmjs.org/@manypkg%2ftools 395ms (cache miss)
57 silly packumentCache full:https://registry.npmjs.org/@manypkg%2ftools set size:undefined disposed:false
58 http fetch GET 200 https://registry.npmjs.org/@prisma%2fmanagement-api-sdk 396ms (cache miss)
59 silly packumentCache full:https://registry.npmjs.org/@prisma%2fmanagement-api-sdk set size:undefined disposed:false
60 http fetch GET 200 https://registry.npmjs.org/@prisma%2fcli-engine 407ms (cache miss)
61 silly packumentCache full:https://registry.npmjs.org/@prisma%2fcli-engine set size:undefined disposed:false
62 http fetch GET 200 https://registry.npmjs.org/@prisma%2fcompute-sdk 414ms (cache miss)
63 silly packumentCache full:https://registry.npmjs.org/@prisma%2fcompute-sdk set size:undefined disposed:false
64 http fetch GET 200 https://registry.npmjs.org/@prisma%2form-toolchain 416ms (cache miss)
65 silly packumentCache full:https://registry.npmjs.org/@prisma%2form-toolchain set size:undefined disposed:false
66 http fetch GET 200 https://registry.npmjs.org/@prisma%2fcomposer-cli 426ms (cache miss)
67 silly packumentCache full:https://registry.npmjs.org/@prisma%2fcomposer-cli set size:undefined disposed:false
68 silly placeDep ROOT @manypkg/tools@2.1.2 OK for: prisma@8.0.0-rc.12 want: ^2.1.2
69 silly placeDep ROOT @prisma/cli-engine@0.3.0 OK for: prisma@8.0.0-rc.12 want: 0.3.0
70 silly placeDep ROOT @prisma/composer-cli@0.16.0 OK for: prisma@8.0.0-rc.12 want: 0.16.0
71 silly placeDep ROOT @prisma/compute-sdk@0.42.0 OK for: prisma@8.0.0-rc.12 want: 0.42.0
72 silly placeDep ROOT @prisma/management-api-sdk@1.69.0 OK for: prisma@8.0.0-rc.12 want: 1.69.0
73 silly placeDep ROOT @prisma/orm-toolchain@8.0.0-rc.8 OK for: prisma@8.0.0-rc.12 want: 8.0.0-rc.8
74 silly placeDep ROOT @vercel/detect-agent@1.2.5 OK for: prisma@8.0.0-rc.12 want: ^1.2.3
75 silly placeDep ROOT better-result@2.10.0 OK for: prisma@8.0.0-rc.12 want: ^2.9.2
76 silly placeDep ROOT dotenv@17.4.2 OK for: prisma@8.0.0-rc.12 want: ^17.4.2
77 silly placeDep ROOT execa@9.6.1 OK for: prisma@8.0.0-rc.12 want: ^9.6.1
78 silly placeDep ROOT open@11.0.1 OK for: prisma@8.0.0-rc.12 want: ^11.0.0
79 silly fetch manifest jju@^1.4.0
80 silly packumentCache full:https://registry.npmjs.org/jju cache-miss
81 silly fetch manifest yaml@^2.9.0
82 silly packumentCache full:https://registry.npmjs.org/yaml cache-miss
83 silly fetch manifest c12@3.3.4
84 silly packumentCache full:https://registry.npmjs.org/c12 cache-miss
85 silly fetch manifest colorette@^2.0.20
86 silly packumentCache full:https://registry.npmjs.org/colorette cache-miss
87 silly fetch manifest string-width@^8.2.1
88 silly packumentCache full:https://registry.npmjs.org/string-width cache-miss
89 silly fetch manifest @stricli/core@1.3.0
90 silly packumentCache full:https://registry.npmjs.org/@stricli%2fcore cache-miss
91 silly fetch manifest @clack/prompts@1.5.0
92 silly packumentCache full:https://registry.npmjs.org/@clack%2fprompts cache-miss
93 silly fetch manifest package-manager-detector@1.8.0
94 silly packumentCache full:https://registry.npmjs.org/package-manager-detector cache-miss
95 silly fetch manifest c12@^3.3.4
96 silly packumentCache full:https://registry.npmjs.org/c12 cache-miss
97 silly fetch manifest effect@4.0.0-rc.112
98 silly packumentCache full:https://registry.npmjs.org/effect cache-miss
99 silly fetch manifest alchemy@2.0.0-beta.74
100 silly packumentCache full:https://registry.npmjs.org/alchemy cache-miss
101 http fetch GET 200 https://registry.npmjs.org/jju 34ms (cache miss)
102 silly packumentCache full:https://registry.npmjs.org/jju set size:undefined disposed:false
103 silly fetch manifest esbuild@^0.28.1
104 silly packumentCache full:https://registry.npmjs.org/esbuild cache-miss
105 http fetch GET 200 https://registry.npmjs.org/package-manager-detector 36ms (cache miss)
106 silly packumentCache full:https://registry.npmjs.org/package-manager-detector set size:undefined disposed:false
107 silly fetch manifest @prisma/composer@0.16.0
108 silly packumentCache full:https://registry.npmjs.org/@prisma%2fcomposer cache-miss
109 http fetch GET 200 https://registry.npmjs.org/colorette 38ms (cache miss)
110 silly packumentCache full:https://registry.npmjs.org/colorette set size:undefined disposed:false
111 silly fetch manifest ws@^8.20.0
112 silly packumentCache full:https://registry.npmjs.org/ws cache-miss
113 http fetch GET 200 https://registry.npmjs.org/string-width 41ms (cache miss)
114 silly packumentCache full:https://registry.npmjs.org/string-width set size:undefined disposed:false
115 silly fetch manifest yaml@^2.8.2
116 silly packumentCache full:https://registry.npmjs.org/yaml cache-miss
117 http fetch GET 200 https://registry.npmjs.org/yaml 43ms (cache miss)
118 silly packumentCache full:https://registry.npmjs.org/yaml set size:undefined disposed:false
119 silly fetch manifest magicast@^0.5.3
120 silly packumentCache full:https://registry.npmjs.org/magicast cache-miss
121 http fetch GET 200 https://registry.npmjs.org/c12 46ms (cache miss)
122 silly packumentCache full:https://registry.npmjs.org/c12 set size:undefined disposed:false
123 silly fetch manifest picomatch@^4.0.4
124 silly packumentCache full:https://registry.npmjs.org/picomatch cache-miss
125 http cache https://registry.npmjs.org/yaml 10ms (cache hit)
126 silly packumentCache full:https://registry.npmjs.org/yaml set size:385754 disposed:false
127 silly fetch manifest tar-stream@^3.1.8
128 silly packumentCache full:https://registry.npmjs.org/tar-stream cache-miss
129 http cache https://registry.npmjs.org/picomatch 8ms (cache hit)
130 silly packumentCache full:https://registry.npmjs.org/picomatch set size:134451 disposed:false
131 silly fetch manifest @vercel/nft@^1.10.2
132 silly packumentCache full:https://registry.npmjs.org/@vercel%2fnft cache-miss
133 http fetch GET 200 https://registry.npmjs.org/c12 55ms (cache miss)
134 silly packumentCache full:https://registry.npmjs.org/c12 set size:undefined disposed:false
135 silly fetch manifest better-result@^2.7.0
136 silly packumentCache full:https://registry.npmjs.org/better-result cache-miss
137 http fetch GET 200 https://registry.npmjs.org/@stricli%2fcore 58ms (cache miss)
138 silly packumentCache full:https://registry.npmjs.org/@stricli%2fcore set size:undefined disposed:false
139 silly fetch manifest tiny-invariant@1.3.3
140 silly packumentCache full:https://registry.npmjs.org/tiny-invariant cache-miss
141 http cache https://registry.npmjs.org/better-result 3ms (cache hit)
142 silly packumentCache full:https://registry.npmjs.org/better-result set size:86996 disposed:false
143 silly fetch manifest openapi-fetch@0.14.0
144 silly packumentCache full:https://registry.npmjs.org/openapi-fetch cache-miss
145 http fetch GET 200 https://registry.npmjs.org/@clack%2fprompts 60ms (cache miss)
146 silly packumentCache full:https://registry.npmjs.org/@clack%2fprompts set size:undefined disposed:false
147 silly fetch manifest pathe@^2.0.3
148 silly packumentCache full:https://registry.npmjs.org/pathe cache-miss
149 http fetch GET 200 https://registry.npmjs.org/magicast 28ms (cache miss)
150 silly packumentCache full:https://registry.npmjs.org/magicast set size:undefined disposed:false
151 silly fetch manifest arktype@^2.2.2
152 silly packumentCache full:https://registry.npmjs.org/arktype cache-miss
153 http fetch GET 200 https://registry.npmjs.org/ws 38ms (cache miss)
154 silly packumentCache full:https://registry.npmjs.org/ws set size:undefined disposed:false
155 silly fetch manifest ci-info@^4.3.1
156 silly packumentCache full:https://registry.npmjs.org/ci-info cache-miss
157 http fetch GET 200 https://registry.npmjs.org/pathe 30ms (cache miss)
158 silly packumentCache full:https://registry.npmjs.org/pathe set size:undefined disposed:false
159 silly fetch manifest esbuild@^0.28.2
160 silly packumentCache full:https://registry.npmjs.org/esbuild cache-miss
161 http fetch GET 200 https://registry.npmjs.org/tar-stream 42ms (cache miss)
162 silly packumentCache full:https://registry.npmjs.org/tar-stream set size:undefined disposed:false
163 silly fetch manifest prettier@^3.9.6
164 silly packumentCache full:https://registry.npmjs.org/prettier cache-miss
165 http fetch GET 200 https://registry.npmjs.org/tiny-invariant 37ms (cache miss)
166 silly packumentCache full:https://registry.npmjs.org/tiny-invariant set size:undefined disposed:false
167 silly fetch manifest clipanion@4.0.0-rc.4
168 silly packumentCache full:https://registry.npmjs.org/clipanion cache-miss
169 http fetch GET 200 https://registry.npmjs.org/openapi-fetch 43ms (cache miss)
170 silly packumentCache full:https://registry.npmjs.org/openapi-fetch set size:undefined disposed:false
171 silly fetch manifest wrap-ansi@^10.0.0
172 silly packumentCache full:https://registry.npmjs.org/wrap-ansi cache-miss
173 http fetch GET 200 https://registry.npmjs.org/ci-info 31ms (cache miss)
174 silly packumentCache full:https://registry.npmjs.org/ci-info set size:undefined disposed:false
175 silly fetch manifest strip-ansi@^7.2.0
176 silly packumentCache full:https://registry.npmjs.org/strip-ansi cache-miss
177 http fetch GET 200 https://registry.npmjs.org/arktype 39ms (cache miss)
178 silly packumentCache full:https://registry.npmjs.org/arktype set size:undefined disposed:false
179 silly fetch manifest jsonc-parser@^3.3.1
180 silly packumentCache full:https://registry.npmjs.org/jsonc-parser cache-miss
181 http fetch GET 200 https://registry.npmjs.org/@vercel%2fnft 61ms (cache miss)
182 silly packumentCache full:https://registry.npmjs.org/@vercel%2fnft set size:undefined disposed:false
183 silly fetch manifest string-width@^8.2.2
184 silly packumentCache full:https://registry.npmjs.org/string-width cache-miss
185 http cache https://registry.npmjs.org/string-width 2ms (cache hit)
186 silly packumentCache full:https://registry.npmjs.org/string-width set size:72458 disposed:false
187 silly fetch manifest closest-match@^1.3.3
188 silly packumentCache full:https://registry.npmjs.org/closest-match cache-miss
189 http fetch GET 200 https://registry.npmjs.org/esbuild 90ms (cache miss)
190 silly packumentCache full:https://registry.npmjs.org/esbuild set size:undefined disposed:false
191 silly fetch manifest @vercel/detect-agent@^1.2.4
192 silly packumentCache full:https://registry.npmjs.org/@vercel%2fdetect-agent cache-miss
193 http cache https://registry.npmjs.org/@vercel%2fdetect-agent 2ms (cache hit)
194 silly packumentCache full:https://registry.npmjs.org/@vercel%2fdetect-agent set size:52999 disposed:false
195 silly fetch manifest @prisma/orm-framework@8.0.0-rc.8
196 silly packumentCache full:https://registry.npmjs.org/@prisma%2form-framework cache-miss
197 http fetch GET 200 https://registry.npmjs.org/clipanion 41ms (cache miss)
198 silly packumentCache full:https://registry.npmjs.org/clipanion set size:undefined disposed:false
199 silly fetch manifest vscode-languageserver@10.1.0
200 silly packumentCache full:https://registry.npmjs.org/vscode-languageserver cache-miss
201 http fetch GET 200 https://registry.npmjs.org/strip-ansi 29ms (cache miss)
202 silly packumentCache full:https://registry.npmjs.org/strip-ansi set size:undefined disposed:false
203 silly fetch manifest package-manager-detector@^1.8.0
204 silly packumentCache full:https://registry.npmjs.org/package-manager-detector cache-miss
205 http fetch GET 200 https://registry.npmjs.org/prettier 46ms (cache miss)
206 silly packumentCache full:https://registry.npmjs.org/prettier set size:undefined disposed:false
207 silly fetch manifest vscode-languageserver-textdocument@1.0.12
208 silly packumentCache full:https://registry.npmjs.org/vscode-languageserver-textdocument cache-miss
209 http cache https://registry.npmjs.org/package-manager-detector 4ms (cache hit)
210 silly packumentCache full:https://registry.npmjs.org/package-manager-detector set size:71217 disposed:false
211 silly fetch manifest figures@^6.1.0
212 silly packumentCache full:https://registry.npmjs.org/figures cache-miss
213 http fetch GET 200 https://registry.npmjs.org/jsonc-parser 33ms (cache miss)
214 silly packumentCache full:https://registry.npmjs.org/jsonc-parser set size:undefined disposed:false
215 silly fetch manifest is-stream@^4.0.1
216 silly packumentCache full:https://registry.npmjs.org/is-stream cache-miss
217 http fetch GET 200 https://registry.npmjs.org/wrap-ansi 43ms (cache miss)
218 silly packumentCache full:https://registry.npmjs.org/wrap-ansi set size:undefined disposed:false
219 silly fetch manifest pretty-ms@^9.2.0
220 silly packumentCache full:https://registry.npmjs.org/pretty-ms cache-miss
221 http fetch GET 200 https://registry.npmjs.org/figures 31ms (cache miss)
222 silly packumentCache full:https://registry.npmjs.org/figures set size:undefined disposed:false
223 silly fetch manifest get-stream@^9.0.0
224 silly packumentCache full:https://registry.npmjs.org/get-stream cache-miss
225 http fetch GET 200 https://registry.npmjs.org/is-stream 29ms (cache miss)
226 silly packumentCache full:https://registry.npmjs.org/is-stream set size:undefined disposed:false
227 silly fetch manifest signal-exit@^4.1.0
228 silly packumentCache full:https://registry.npmjs.org/signal-exit cache-miss
229 http fetch GET 200 https://registry.npmjs.org/vscode-languageserver-textdocument 34ms (cache miss)
230 silly packumentCache full:https://registry.npmjs.org/vscode-languageserver-textdocument set size:undefined disposed:false
231 silly fetch manifest yoctocolors@^2.1.1
232 silly packumentCache full:https://registry.npmjs.org/yoctocolors cache-miss
233 http fetch GET 200 https://registry.npmjs.org/pretty-ms 37ms (cache miss)
234 silly packumentCache full:https://registry.npmjs.org/pretty-ms set size:undefined disposed:false
235 silly fetch manifest is-plain-obj@^4.1.0
236 silly packumentCache full:https://registry.npmjs.org/is-plain-obj cache-miss
237 http fetch GET 200 https://registry.npmjs.org/vscode-languageserver 51ms (cache miss)
238 silly packumentCache full:https://registry.npmjs.org/vscode-languageserver set size:undefined disposed:false
239 silly fetch manifest npm-run-path@^6.0.0
240 silly packumentCache full:https://registry.npmjs.org/npm-run-path cache-miss
241 http fetch GET 200 https://registry.npmjs.org/esbuild 106ms (cache miss)
242 silly packumentCache full:https://registry.npmjs.org/esbuild set size:undefined disposed:false
243 silly fetch manifest human-signals@^8.0.1
244 silly packumentCache full:https://registry.npmjs.org/human-signals cache-miss
245 http fetch GET 200 https://registry.npmjs.org/signal-exit 30ms (cache miss)
246 silly packumentCache full:https://registry.npmjs.org/signal-exit set size:undefined disposed:false
247 silly fetch manifest strip-final-newline@^4.0.0
248 silly packumentCache full:https://registry.npmjs.org/strip-final-newline cache-miss
249 http fetch GET 200 https://registry.npmjs.org/yoctocolors 30ms (cache miss)
250 silly packumentCache full:https://registry.npmjs.org/yoctocolors set size:undefined disposed:false
251 silly fetch manifest @sindresorhus/merge-streams@^4.0.0
252 silly packumentCache full:https://registry.npmjs.org/@sindresorhus%2fmerge-streams cache-miss
253 http fetch GET 200 https://registry.npmjs.org/get-stream 31ms (cache miss)
254 silly packumentCache full:https://registry.npmjs.org/get-stream set size:undefined disposed:false
255 silly fetch manifest is-in-ssh@^1.0.0
256 silly packumentCache full:https://registry.npmjs.org/is-in-ssh cache-miss
257 http fetch GET 200 https://registry.npmjs.org/is-plain-obj 36ms (cache miss)
258 silly packumentCache full:https://registry.npmjs.org/is-plain-obj set size:undefined disposed:false
259 silly fetch manifest wsl-utils@^1.0.0
260 silly packumentCache full:https://registry.npmjs.org/wsl-utils cache-miss
261 http fetch GET 200 https://registry.npmjs.org/npm-run-path 38ms (cache miss)
262 silly packumentCache full:https://registry.npmjs.org/npm-run-path set size:undefined disposed:false
263 silly fetch manifest default-browser@^5.4.0
264 silly packumentCache full:https://registry.npmjs.org/default-browser cache-miss
265 http fetch GET 200 https://registry.npmjs.org/strip-final-newline 27ms (cache miss)
266 silly packumentCache full:https://registry.npmjs.org/strip-final-newline set size:undefined disposed:false
267 silly fetch manifest define-lazy-prop@^3.0.0
268 silly packumentCache full:https://registry.npmjs.org/define-lazy-prop cache-miss
269 http fetch GET 200 https://registry.npmjs.org/alchemy 236ms (cache miss)
270 silly packumentCache full:https://registry.npmjs.org/alchemy set size:undefined disposed:false
271 silly fetch manifest powershell-utils@^0.2.0
272 silly packumentCache full:https://registry.npmjs.org/powershell-utils cache-miss
273 http fetch GET 200 https://registry.npmjs.org/@sindresorhus%2fmerge-streams 39ms (cache miss)
274 silly packumentCache full:https://registry.npmjs.org/@sindresorhus%2fmerge-streams set size:undefined disposed:false
275 silly fetch manifest is-inside-container@^1.0.0
276 silly packumentCache full:https://registry.npmjs.org/is-inside-container cache-miss
277 http fetch GET 200 https://registry.npmjs.org/is-in-ssh 38ms (cache miss)
278 silly packumentCache full:https://registry.npmjs.org/is-in-ssh set size:undefined disposed:false
279 http fetch GET 200 https://registry.npmjs.org/human-signals 46ms (cache miss)
280 silly packumentCache full:https://registry.npmjs.org/human-signals set size:undefined disposed:false
281 http fetch GET 200 https://registry.npmjs.org/wsl-utils 33ms (cache miss)
282 silly packumentCache full:https://registry.npmjs.org/wsl-utils set size:undefined disposed:false
283 http fetch GET 200 https://registry.npmjs.org/define-lazy-prop 26ms (cache miss)
284 silly packumentCache full:https://registry.npmjs.org/define-lazy-prop set size:undefined disposed:false
285 http fetch GET 200 https://registry.npmjs.org/default-browser 31ms (cache miss)
286 silly packumentCache full:https://registry.npmjs.org/default-browser set size:undefined disposed:false
287 http fetch GET 200 https://registry.npmjs.org/powershell-utils 28ms (cache miss)
288 silly packumentCache full:https://registry.npmjs.org/powershell-utils set size:undefined disposed:false
289 http fetch GET 200 https://registry.npmjs.org/effect 276ms (cache miss)
290 silly packumentCache full:https://registry.npmjs.org/effect set size:undefined disposed:false
291 http fetch GET 200 https://registry.npmjs.org/is-inside-container 63ms (cache miss)
292 silly packumentCache full:https://registry.npmjs.org/is-inside-container set size:undefined disposed:false
293 http fetch GET 200 https://registry.npmjs.org/closest-match 189ms (cache miss)
294 silly packumentCache full:https://registry.npmjs.org/closest-match set size:undefined disposed:false
295 http fetch GET 200 https://registry.npmjs.org/@prisma%2fcomposer 345ms (cache miss)
296 silly packumentCache full:https://registry.npmjs.org/@prisma%2fcomposer set size:undefined disposed:false
297 http fetch GET 200 https://registry.npmjs.org/@prisma%2form-framework 341ms (cache miss)
298 silly packumentCache full:https://registry.npmjs.org/@prisma%2form-framework set size:undefined disposed:false
299 silly placeDep ROOT jju@1.4.0 OK for: @manypkg/tools@2.1.2 want: ^1.4.0
300 silly placeDep ROOT yaml@2.9.0 OK for: @manypkg/tools@2.1.2 want: ^2.9.0
301 silly placeDep ROOT @clack/prompts@1.5.0 OK for: @prisma/cli-engine@0.3.0 want: 1.5.0
302 silly placeDep ROOT @stricli/core@1.3.0 OK for: @prisma/cli-engine@0.3.0 want: 1.3.0
303 silly placeDep ROOT c12@3.3.4 OK for: @prisma/cli-engine@0.3.0 want: 3.3.4
304 silly placeDep ROOT colorette@2.0.20 OK for: @prisma/cli-engine@0.3.0 want: ^2.0.20
305 silly placeDep ROOT package-manager-detector@1.8.0 OK for: @prisma/cli-engine@0.3.0 want: 1.8.0
306 silly placeDep ROOT string-width@8.2.2 OK for: @prisma/cli-engine@0.3.0 want: ^8.2.1
307 silly fetch manifest sisteransi@^1.0.5
308 silly packumentCache full:https://registry.npmjs.org/sisteransi cache-miss
309 silly fetch manifest @clack/core@1.4.0
310 silly packumentCache full:https://registry.npmjs.org/@clack%2fcore cache-miss
311 silly fetch manifest fast-wrap-ansi@^0.2.0
312 silly packumentCache full:https://registry.npmjs.org/fast-wrap-ansi cache-miss
313 silly fetch manifest fast-string-width@^3.0.2
314 silly packumentCache full:https://registry.npmjs.org/fast-string-width cache-miss
315 silly fetch manifest rc9@^3.0.1
316 silly packumentCache full:https://registry.npmjs.org/rc9 cache-miss
317 silly fetch manifest defu@^6.1.6
318 silly packumentCache full:https://registry.npmjs.org/defu cache-miss
319 silly fetch manifest giget@^3.2.0
320 silly packumentCache full:https://registry.npmjs.org/giget cache-miss
321 silly fetch manifest ohash@^2.0.11
322 silly packumentCache full:https://registry.npmjs.org/ohash cache-miss
323 silly fetch manifest confbox@^0.2.4
324 silly packumentCache full:https://registry.npmjs.org/confbox cache-miss
325 silly fetch manifest exsolve@^1.0.8
326 silly packumentCache full:https://registry.npmjs.org/exsolve cache-miss
327 silly fetch manifest chokidar@^5.0.0
328 silly packumentCache full:https://registry.npmjs.org/chokidar cache-miss
329 http fetch GET 200 https://registry.npmjs.org/confbox 28ms (cache miss)
330 silly packumentCache full:https://registry.npmjs.org/confbox set size:undefined disposed:false
331 silly fetch manifest pkg-types@^2.3.0
332 silly packumentCache full:https://registry.npmjs.org/pkg-types cache-miss
333 http fetch GET 200 https://registry.npmjs.org/ohash 35ms (cache miss)
334 silly packumentCache full:https://registry.npmjs.org/ohash set size:undefined disposed:false
335 silly fetch manifest perfect-debounce@^2.1.0
336 silly packumentCache full:https://registry.npmjs.org/perfect-debounce cache-miss
337 http fetch GET 200 https://registry.npmjs.org/exsolve 37ms (cache miss)
338 silly packumentCache full:https://registry.npmjs.org/exsolve set size:undefined disposed:false
339 silly fetch manifest get-east-asian-width@^1.5.0
340 silly packumentCache full:https://registry.npmjs.org/get-east-asian-width cache-miss
341 http fetch GET 200 https://registry.npmjs.org/giget 39ms (cache miss)
342 silly packumentCache full:https://registry.npmjs.org/giget set size:undefined disposed:false
343 silly fetch manifest strip-ansi@^7.1.2
344 silly packumentCache full:https://registry.npmjs.org/strip-ansi cache-miss
345 http fetch GET 200 https://registry.npmjs.org/fast-wrap-ansi 41ms (cache miss)
346 silly packumentCache full:https://registry.npmjs.org/fast-wrap-ansi set size:undefined disposed:false
347 http fetch GET 200 https://registry.npmjs.org/chokidar 41ms (cache miss)
348 silly packumentCache full:https://registry.npmjs.org/chokidar set size:undefined disposed:false
349 http fetch GET 200 https://registry.npmjs.org/fast-string-width 44ms (cache miss)
350 silly packumentCache full:https://registry.npmjs.org/fast-string-width set size:undefined disposed:false
351 http cache https://registry.npmjs.org/strip-ansi 4ms (cache hit)
352 silly packumentCache full:https://registry.npmjs.org/strip-ansi set size:44998 disposed:false
353 http fetch GET 200 https://registry.npmjs.org/defu 45ms (cache miss)
354 silly packumentCache full:https://registry.npmjs.org/defu set size:undefined disposed:false
355 http fetch GET 200 https://registry.npmjs.org/@clack%2fcore 46ms (cache miss)
356 silly packumentCache full:https://registry.npmjs.org/@clack%2fcore set size:undefined disposed:false
357 http fetch GET 200 https://registry.npmjs.org/pkg-types 32ms (cache miss)
358 silly packumentCache full:https://registry.npmjs.org/pkg-types set size:undefined disposed:false
359 http fetch GET 200 https://registry.npmjs.org/perfect-debounce 27ms (cache miss)
360 silly packumentCache full:https://registry.npmjs.org/perfect-debounce set size:undefined disposed:false
361 http fetch GET 200 https://registry.npmjs.org/get-east-asian-width 28ms (cache miss)
362 silly packumentCache full:https://registry.npmjs.org/get-east-asian-width set size:undefined disposed:false
363 http fetch GET 200 https://registry.npmjs.org/sisteransi 165ms (cache miss)
364 silly packumentCache full:https://registry.npmjs.org/sisteransi set size:undefined disposed:false
365 http fetch GET 200 https://registry.npmjs.org/rc9 191ms (cache miss)
366 silly packumentCache full:https://registry.npmjs.org/rc9 set size:undefined disposed:false
367 silly placeDep ROOT @clack/core@1.4.0 OK for: @clack/prompts@1.5.0 want: 1.4.0
368 silly placeDep ROOT fast-string-width@3.0.2 OK for: @clack/prompts@1.5.0 want: ^3.0.2
369 silly placeDep ROOT fast-wrap-ansi@0.2.2 OK for: @clack/prompts@1.5.0 want: ^0.2.0
370 silly placeDep ROOT sisteransi@1.0.5 OK for: @clack/prompts@1.5.0 want: ^1.0.5
371 silly fetch manifest fast-string-truncated-width@^3.0.2
372 silly packumentCache full:https://registry.npmjs.org/fast-string-truncated-width cache-miss
373 http fetch GET 200 https://registry.npmjs.org/fast-string-truncated-width 172ms (cache miss)
374 silly packumentCache full:https://registry.npmjs.org/fast-string-truncated-width set size:undefined disposed:false
375 silly placeDep ROOT @prisma/composer@0.16.0 OK for: @prisma/composer-cli@0.16.0 want: 0.16.0
376 silly placeDep ROOT alchemy@2.0.0-beta.74 OK for: @prisma/composer-cli@0.16.0 want: 2.0.0-beta.74
377 silly placeDep ROOT effect@4.0.0-rc.112 OK for: @prisma/composer-cli@0.16.0 want: 4.0.0-rc.112
378 silly placeDep ROOT esbuild@0.28.2 OK for: @prisma/composer-cli@0.16.0 want: ^0.28.1
379 silly fetch manifest arktype@^2.2.3
380 silly packumentCache full:https://registry.npmjs.org/arktype cache-miss
381 silly fetch manifest @effect/sql-d1@4.0.0-rc.112
382 silly packumentCache full:https://registry.npmjs.org/@effect%2fsql-d1 cache-miss
383 silly fetch manifest @effect/sql-sqlite-do@4.0.0-rc.112
384 silly packumentCache full:https://registry.npmjs.org/@effect%2fsql-sqlite-do cache-miss
385 silly fetch manifest @standard-schema/spec@^1.1.0
386 silly packumentCache full:https://registry.npmjs.org/@standard-schema%2fspec cache-miss
387 silly fetch manifest @aws-sdk/credential-providers@^3.0.0
388 silly packumentCache full:https://registry.npmjs.org/@aws-sdk%2fcredential-providers cache-miss
389 silly fetch manifest @clack/prompts@^1.7.0
390 silly packumentCache full:https://registry.npmjs.org/@clack%2fprompts cache-miss
391 silly fetch manifest @effect/sql-d1@>=4.0.0-rc.110 || >=4.0.0
392 silly packumentCache full:https://registry.npmjs.org/@effect%2fsql-d1 cache-miss
393 silly fetch manifest @effect/sql-sqlite-do@>=4.0.0-rc.110 || >=4.0.0
394 silly packumentCache full:https://registry.npmjs.org/@effect%2fsql-sqlite-do cache-miss
395 silly fetch manifest @effect/vitest@>=4.0.0-rc.110 || >=4.0.0
396 silly packumentCache full:https://registry.npmjs.org/@effect%2fvitest cache-miss
397 silly fetch manifest @libsql/client@^0.17.0
398 silly packumentCache full:https://registry.npmjs.org/@libsql%2fclient cache-miss
399 silly fetch manifest @octokit/rest@^22.0.1
400 silly packumentCache full:https://registry.npmjs.org/@octokit%2frest cache-miss
401 http cache https://registry.npmjs.org/@clack%2fprompts 6ms (cache hit)
402 silly packumentCache full:https://registry.npmjs.org/@clack%2fprompts set size:176111 disposed:false
403 silly fetch manifest @octokit/webhooks@^14.2.0
404 silly packumentCache full:https://registry.npmjs.org/@octokit%2fwebhooks cache-miss
405 http cache https://registry.npmjs.org/arktype 9ms (cache hit)
406 silly packumentCache full:https://registry.npmjs.org/arktype set size:423205 disposed:false
407 silly fetch manifest @prisma/dev@^0.20.0
408 silly packumentCache full:https://registry.npmjs.org/@prisma%2fdev cache-miss
409 http fetch GET 200 https://registry.npmjs.org/@standard-schema%2fspec 43ms (cache miss)
410 silly packumentCache full:https://registry.npmjs.org/@standard-schema%2fspec set size:undefined disposed:false
411 silly fetch manifest @smithy/node-config-provider@^4.0.0
412 silly packumentCache full:https://registry.npmjs.org/@smithy%2fnode-config-provider cache-miss
413 http fetch GET 200 https://registry.npmjs.org/@libsql%2fclient 45ms (cache miss)
414 silly packumentCache full:https://registry.npmjs.org/@libsql%2fclient set size:undefined disposed:false
415 silly fetch manifest @smithy/shared-ini-file-loader@^4.3.4
416 silly packumentCache full:https://registry.npmjs.org/@smithy%2fshared-ini-file-loader cache-miss
417 http fetch GET 200 https://registry.npmjs.org/@effect%2fsql-sqlite-do 51ms (cache miss)
418 silly packumentCache full:https://registry.npmjs.org/@effect%2fsql-sqlite-do set size:undefined disposed:false
419 silly fetch manifest @smithy/types@^4.8.1
420 silly packumentCache full:https://registry.npmjs.org/@smithy%2ftypes cache-miss
421 http fetch GET 200 https://registry.npmjs.org/@octokit%2frest 62ms (cache miss)
422 silly packumentCache full:https://registry.npmjs.org/@octokit%2frest set size:undefined disposed:false
423 silly fetch manifest @types/aws-lambda@^8.10.152
424 silly packumentCache full:https://registry.npmjs.org/@types%2faws-lambda cache-miss
425 http fetch GET 200 https://registry.npmjs.org/@effect%2fsql-sqlite-do 73ms (cache miss)
426 silly packumentCache full:https://registry.npmjs.org/@effect%2fsql-sqlite-do set size:undefined disposed:false
427 silly fetch manifest aws4fetch@^1.0.20
428 silly packumentCache full:https://registry.npmjs.org/aws4fetch cache-miss
429 http fetch GET 200 https://registry.npmjs.org/@effect%2fsql-d1 82ms (cache miss)
430 silly packumentCache full:https://registry.npmjs.org/@effect%2fsql-d1 set size:undefined disposed:false
431 silly fetch manifest capnweb@^0.6.1
432 silly packumentCache full:https://registry.npmjs.org/capnweb cache-miss
433 http fetch GET 200 https://registry.npmjs.org/@octokit%2fwebhooks 78ms (cache miss)
434 silly packumentCache full:https://registry.npmjs.org/@octokit%2fwebhooks set size:undefined disposed:false
435 silly fetch manifest fast-glob@^3.3.2
436 silly packumentCache full:https://registry.npmjs.org/fast-glob cache-miss
437 http cache https://registry.npmjs.org/fast-glob 6ms (cache hit)
438 silly packumentCache full:https://registry.npmjs.org/fast-glob set size:220556 disposed:false
439 silly fetch manifest fast-xml-parser@^5.3.4
440 silly packumentCache full:https://registry.npmjs.org/fast-xml-parser cache-miss
441 http fetch GET 200 https://registry.npmjs.org/@smithy%2fnode-config-provider 53ms (cache miss)
442 silly packumentCache full:https://registry.npmjs.org/@smithy%2fnode-config-provider set size:undefined disposed:false
443 silly fetch manifest ink@^6.3.1
444 silly packumentCache full:https://registry.npmjs.org/ink cache-miss
445 http fetch GET 200 https://registry.npmjs.org/@smithy%2fshared-ini-file-loader 50ms (cache miss)
446 silly packumentCache full:https://registry.npmjs.org/@smithy%2fshared-ini-file-loader set size:undefined disposed:false
447 silly fetch manifest jszip@^3.10.1
448 silly packumentCache full:https://registry.npmjs.org/jszip cache-miss
449 http fetch GET 200 https://registry.npmjs.org/@aws-sdk%2fcredential-providers 106ms (cache miss)
450 silly packumentCache full:https://registry.npmjs.org/@aws-sdk%2fcredential-providers set size:undefined disposed:false
451 silly fetch manifest libsodium-wrappers@^0.8.3
452 silly packumentCache full:https://registry.npmjs.org/libsodium-wrappers cache-miss
453 http fetch GET 200 https://registry.npmjs.org/@prisma%2fdev 133ms (cache miss)
454 silly packumentCache full:https://registry.npmjs.org/@prisma%2fdev set size:undefined disposed:false
455 silly fetch manifest rolldown@1.1.5
456 silly packumentCache full:https://registry.npmjs.org/rolldown cache-miss
457 http fetch GET 200 https://registry.npmjs.org/jszip 70ms (cache miss)
458 silly packumentCache full:https://registry.npmjs.org/jszip set size:undefined disposed:false
459 silly fetch manifest undici@^7.16.0
460 silly packumentCache full:https://registry.npmjs.org/undici cache-miss
461 http fetch GET 200 https://registry.npmjs.org/libsodium-wrappers 67ms (cache miss)
462 silly packumentCache full:https://registry.npmjs.org/libsodium-wrappers set size:undefined disposed:false
463 silly fetch manifest @alchemy.run/cloudflare-runtime@2.0.0-beta.74
464 silly packumentCache full:https://registry.npmjs.org/@alchemy.run%2fcloudflare-runtime cache-miss
465 http fetch GET 200 https://registry.npmjs.org/capnweb 96ms (cache miss)
466 silly packumentCache full:https://registry.npmjs.org/capnweb set size:undefined disposed:false
467 silly fetch manifest @alchemy.run/floci@2.0.0-beta.74
468 silly packumentCache full:https://registry.npmjs.org/@alchemy.run%2ffloci cache-miss
469 http fetch GET 200 https://registry.npmjs.org/ink 95ms (cache miss)
470 silly packumentCache full:https://registry.npmjs.org/ink set size:undefined disposed:false
471 silly fetch manifest @distilled.cloud/aws@1.0.0-rc.6
472 silly packumentCache full:https://registry.npmjs.org/@distilled.cloud%2faws cache-miss
473 http fetch GET 200 https://registry.npmjs.org/fast-xml-parser 114ms (cache miss)
474 silly packumentCache full:https://registry.npmjs.org/fast-xml-parser set size:undefined disposed:false
475 silly fetch manifest @distilled.cloud/axiom@1.0.0-rc.6
476 silly packumentCache full:https://registry.npmjs.org/@distilled.cloud%2faxiom cache-miss
477 http fetch GET 200 https://registry.npmjs.org/@effect%2fsql-d1 213ms (cache miss)
478 silly packumentCache full:https://registry.npmjs.org/@effect%2fsql-d1 set size:undefined disposed:false
479 silly fetch manifest @alchemy.run/node-utils@2.0.0-beta.74
480 silly packumentCache full:https://registry.npmjs.org/@alchemy.run%2fnode-utils cache-miss
481 http fetch GET 200 https://registry.npmjs.org/@types%2faws-lambda 148ms (cache miss)
482 silly packumentCache full:https://registry.npmjs.org/@types%2faws-lambda set size:undefined disposed:false
483 silly fetch manifest @distilled.cloud/cloudflare@1.0.0-rc.6
484 silly packumentCache full:https://registry.npmjs.org/@distilled.cloud%2fcloudflare cache-miss
485 http fetch GET 200 https://registry.npmjs.org/@effect%2fvitest 225ms (cache miss)
486 silly packumentCache full:https://registry.npmjs.org/@effect%2fvitest set size:undefined disposed:false
487 silly fetch manifest @distilled.cloud/core@1.0.0-rc.6
488 silly packumentCache full:https://registry.npmjs.org/@distilled.cloud%2fcore cache-miss
489 http fetch GET 200 https://registry.npmjs.org/undici 90ms (cache miss)
490 silly packumentCache full:https://registry.npmjs.org/undici set size:undefined disposed:false
491 silly fetch manifest @distilled.cloud/fly-io@1.0.0-rc.6
492 silly packumentCache full:https://registry.npmjs.org/@distilled.cloud%2ffly-io cache-miss
493 http fetch GET 200 https://registry.npmjs.org/@alchemy.run%2fcloudflare-runtime 102ms (cache miss)
494 silly packumentCache full:https://registry.npmjs.org/@alchemy.run%2fcloudflare-runtime set size:undefined disposed:false
495 silly fetch manifest @distilled.cloud/hetzner@1.0.0-rc.6
496 silly packumentCache full:https://registry.npmjs.org/@distilled.cloud%2fhetzner cache-miss
497 http fetch GET 200 https://registry.npmjs.org/@alchemy.run%2ffloci 97ms (cache miss)
498 silly packumentCache full:https://registry.npmjs.org/@alchemy.run%2ffloci set size:undefined disposed:false
499 silly fetch manifest @distilled.cloud/planetscale@1.0.0-rc.6
500 silly packumentCache full:https://registry.npmjs.org/@distilled.cloud%2fplanetscale cache-miss
501 http fetch GET 200 https://registry.npmjs.org/@smithy%2ftypes 231ms (cache miss)
502 silly packumentCache full:https://registry.npmjs.org/@smithy%2ftypes set size:undefined disposed:false
503 silly fetch manifest @distilled.cloud/neon@1.0.0-rc.6
504 silly packumentCache full:https://registry.npmjs.org/@distilled.cloud%2fneon cache-miss
505 http fetch GET 200 https://registry.npmjs.org/aws4fetch 214ms (cache miss)
506 silly packumentCache full:https://registry.npmjs.org/aws4fetch set size:undefined disposed:false
507 silly fetch manifest msgpackr@^2.0.5
508 silly packumentCache full:https://registry.npmjs.org/msgpackr cache-miss
509 http fetch GET 200 https://registry.npmjs.org/rolldown 146ms (cache miss)
510 silly packumentCache full:https://registry.npmjs.org/rolldown set size:undefined disposed:false
511 silly fetch manifest fast-check@^4.9.0
512 silly packumentCache full:https://registry.npmjs.org/fast-check cache-miss
513 http fetch GET 200 https://registry.npmjs.org/msgpackr 50ms (cache miss)
514 silly packumentCache full:https://registry.npmjs.org/msgpackr set size:undefined disposed:false
515 silly fetch manifest @esbuild/aix-ppc64@0.28.2
516 silly packumentCache full:https://registry.npmjs.org/@esbuild%2faix-ppc64 cache-miss
517 http fetch GET 200 https://registry.npmjs.org/fast-check 56ms (cache miss)
518 silly packumentCache full:https://registry.npmjs.org/fast-check set size:undefined disposed:false
519 silly fetch manifest @esbuild/linux-arm@0.28.2
520 silly packumentCache full:https://registry.npmjs.org/@esbuild%2flinux-arm cache-miss
521 http fetch GET 200 https://registry.npmjs.org/@esbuild%2faix-ppc64 49ms (cache miss)
522 silly packumentCache full:https://registry.npmjs.org/@esbuild%2faix-ppc64 set size:undefined disposed:false
523 silly fetch manifest @esbuild/linux-x64@0.28.2
524 silly packumentCache full:https://registry.npmjs.org/@esbuild%2flinux-x64 cache-miss
525 http fetch GET 200 https://registry.npmjs.org/@esbuild%2flinux-arm 51ms (cache miss)
526 silly packumentCache full:https://registry.npmjs.org/@esbuild%2flinux-arm set size:undefined disposed:false
527 silly fetch manifest @esbuild/sunos-x64@0.28.2
528 silly packumentCache full:https://registry.npmjs.org/@esbuild%2fsunos-x64 cache-miss
529 http fetch GET 200 https://registry.npmjs.org/@esbuild%2flinux-x64 69ms (cache miss)
530 silly packumentCache full:https://registry.npmjs.org/@esbuild%2flinux-x64 set size:undefined disposed:false
531 silly fetch manifest @esbuild/win32-x64@0.28.2
532 silly packumentCache full:https://registry.npmjs.org/@esbuild%2fwin32-x64 cache-miss
533 http fetch GET 200 https://registry.npmjs.org/@distilled.cloud%2fhetzner 181ms (cache miss)
534 silly packumentCache full:https://registry.npmjs.org/@distilled.cloud%2fhetzner set size:undefined disposed:false
535 silly fetch manifest @esbuild/darwin-x64@0.28.2
536 silly packumentCache full:https://registry.npmjs.org/@esbuild%2fdarwin-x64 cache-miss
537 http fetch GET 200 https://registry.npmjs.org/@distilled.cloud%2ffly-io 192ms (cache miss)
538 silly packumentCache full:https://registry.npmjs.org/@distilled.cloud%2ffly-io set size:undefined disposed:false
539 silly fetch manifest @esbuild/linux-ia32@0.28.2
540 silly packumentCache full:https://registry.npmjs.org/@esbuild%2flinux-ia32 cache-miss
541 http fetch GET 200 https://registry.npmjs.org/@esbuild%2fsunos-x64 55ms (cache miss)
542 silly packumentCache full:https://registry.npmjs.org/@esbuild%2fsunos-x64 set size:undefined disposed:false
543 silly fetch manifest @esbuild/netbsd-x64@0.28.2
544 silly packumentCache full:https://registry.npmjs.org/@esbuild%2fnetbsd-x64 cache-miss
545 http fetch GET 200 https://registry.npmjs.org/@esbuild%2fdarwin-x64 46ms (cache miss)
546 silly packumentCache full:https://registry.npmjs.org/@esbuild%2fdarwin-x64 set size:undefined disposed:false
547 silly fetch manifest @esbuild/win32-ia32@0.28.2
548 silly packumentCache full:https://registry.npmjs.org/@esbuild%2fwin32-ia32 cache-miss
549 http fetch GET 200 https://registry.npmjs.org/@esbuild%2flinux-ia32 45ms (cache miss)
550 silly packumentCache full:https://registry.npmjs.org/@esbuild%2flinux-ia32 set size:undefined disposed:false
551 silly fetch manifest @esbuild/android-arm@0.28.2
552 silly packumentCache full:https://registry.npmjs.org/@esbuild%2fandroid-arm cache-miss
553 http fetch GET 200 https://registry.npmjs.org/@esbuild%2fwin32-x64 57ms (cache miss)
554 silly packumentCache full:https://registry.npmjs.org/@esbuild%2fwin32-x64 set size:undefined disposed:false
555 silly fetch manifest @esbuild/android-x64@0.28.2
556 silly packumentCache full:https://registry.npmjs.org/@esbuild%2fandroid-x64 cache-miss
557 http fetch GET 200 https://registry.npmjs.org/@esbuild%2fnetbsd-x64 51ms (cache miss)
558 silly packumentCache full:https://registry.npmjs.org/@esbuild%2fnetbsd-x64 set size:undefined disposed:false
559 silly fetch manifest @esbuild/freebsd-x64@0.28.2
560 silly packumentCache full:https://registry.npmjs.org/@esbuild%2ffreebsd-x64 cache-miss
561 http fetch GET 200 https://registry.npmjs.org/@alchemy.run%2fnode-utils 319ms (cache miss)
562 silly packumentCache full:https://registry.npmjs.org/@alchemy.run%2fnode-utils set size:undefined disposed:false
563 silly fetch manifest @esbuild/linux-arm64@0.28.2
564 silly packumentCache full:https://registry.npmjs.org/@esbuild%2flinux-arm64 cache-miss
565 http fetch GET 200 https://registry.npmjs.org/@distilled.cloud%2faws 336ms (cache miss)
566 silly packumentCache full:https://registry.npmjs.org/@distilled.cloud%2faws set size:undefined disposed:false
567 silly fetch manifest @esbuild/linux-ppc64@0.28.2
568 silly packumentCache full:https://registry.npmjs.org/@esbuild%2flinux-ppc64 cache-miss
569 http fetch GET 200 https://registry.npmjs.org/@distilled.cloud%2fcore 318ms (cache miss)
570 silly packumentCache full:https://registry.npmjs.org/@distilled.cloud%2fcore set size:undefined disposed:false
571 silly fetch manifest @esbuild/linux-s390x@0.28.2
572 silly packumentCache full:https://registry.npmjs.org/@esbuild%2flinux-s390x cache-miss
573 http fetch GET 200 https://registry.npmjs.org/@esbuild%2fandroid-arm 45ms (cache miss)
574 silly packumentCache full:https://registry.npmjs.org/@esbuild%2fandroid-arm set size:undefined disposed:false
575 silly fetch manifest @esbuild/openbsd-x64@0.28.2
576 silly packumentCache full:https://registry.npmjs.org/@esbuild%2fopenbsd-x64 cache-miss
577 http fetch GET 200 https://registry.npmjs.org/@esbuild%2fwin32-ia32 55ms (cache miss)
578 silly packumentCache full:https://registry.npmjs.org/@esbuild%2fwin32-ia32 set size:undefined disposed:false
579 silly fetch manifest @esbuild/win32-arm64@0.28.2
580 silly packumentCache full:https://registry.npmjs.org/@esbuild%2fwin32-arm64 cache-miss
581 http fetch GET 200 https://registry.npmjs.org/@esbuild%2flinux-arm64 47ms (cache miss)
582 silly packumentCache full:https://registry.npmjs.org/@esbuild%2flinux-arm64 set size:undefined disposed:false
583 silly fetch manifest @esbuild/darwin-arm64@0.28.2
584 silly packumentCache full:https://registry.npmjs.org/@esbuild%2fdarwin-arm64 cache-miss
585 http fetch GET 200 https://registry.npmjs.org/@esbuild%2ffreebsd-x64 53ms (cache miss)
586 silly packumentCache full:https://registry.npmjs.org/@esbuild%2ffreebsd-x64 set size:undefined disposed:false
587 silly fetch manifest @esbuild/netbsd-arm64@0.28.2
588 silly packumentCache full:https://registry.npmjs.org/@esbuild%2fnetbsd-arm64 cache-miss
589 http fetch GET 200 https://registry.npmjs.org/@esbuild%2fandroid-x64 66ms (cache miss)
590 silly packumentCache full:https://registry.npmjs.org/@esbuild%2fandroid-x64 set size:undefined disposed:false
591 silly fetch manifest @esbuild/android-arm64@0.28.2
592 silly packumentCache full:https://registry.npmjs.org/@esbuild%2fandroid-arm64 cache-miss
593 http fetch GET 200 https://registry.npmjs.org/@distilled.cloud%2faxiom 375ms (cache miss)
594 silly packumentCache full:https://registry.npmjs.org/@distilled.cloud%2faxiom set size:undefined disposed:false
595 silly fetch manifest @esbuild/freebsd-arm64@0.28.2
596 silly packumentCache full:https://registry.npmjs.org/@esbuild%2ffreebsd-arm64 cache-miss
597 http fetch GET 200 https://registry.npmjs.org/@esbuild%2flinux-ppc64 58ms (cache miss)
598 silly packumentCache full:https://registry.npmjs.org/@esbuild%2flinux-ppc64 set size:undefined disposed:false
599 silly fetch manifest @esbuild/linux-loong64@0.28.2
600 silly packumentCache full:https://registry.npmjs.org/@esbuild%2flinux-loong64 cache-miss
601 http fetch GET 200 https://registry.npmjs.org/@esbuild%2flinux-s390x 52ms (cache miss)
602 silly packumentCache full:https://registry.npmjs.org/@esbuild%2flinux-s390x set size:undefined disposed:false
603 silly fetch manifest @esbuild/linux-riscv64@0.28.2
604 silly packumentCache full:https://registry.npmjs.org/@esbuild%2flinux-riscv64 cache-miss
605 http fetch GET 200 https://registry.npmjs.org/@esbuild%2fopenbsd-x64 46ms (cache miss)
606 silly packumentCache full:https://registry.npmjs.org/@esbuild%2fopenbsd-x64 set size:undefined disposed:false
607 silly fetch manifest @esbuild/openbsd-arm64@0.28.2
608 silly packumentCache full:https://registry.npmjs.org/@esbuild%2fopenbsd-arm64 cache-miss
609 http fetch GET 200 https://registry.npmjs.org/@esbuild%2fwin32-arm64 46ms (cache miss)
610 silly packumentCache full:https://registry.npmjs.org/@esbuild%2fwin32-arm64 set size:undefined disposed:false
611 silly fetch manifest @esbuild/linux-mips64el@0.28.2
612 silly packumentCache full:https://registry.npmjs.org/@esbuild%2flinux-mips64el cache-miss
613 http fetch GET 200 https://registry.npmjs.org/@distilled.cloud%2fneon 332ms (cache miss)
614 silly packumentCache full:https://registry.npmjs.org/@distilled.cloud%2fneon set size:undefined disposed:false
615 silly fetch manifest @esbuild/openharmony-arm64@0.28.2
616 silly packumentCache full:https://registry.npmjs.org/@esbuild%2fopenharmony-arm64 cache-miss
617 http fetch GET 200 https://registry.npmjs.org/@esbuild%2fdarwin-arm64 43ms (cache miss)
618 silly packumentCache full:https://registry.npmjs.org/@esbuild%2fdarwin-arm64 set size:undefined disposed:false
619 http fetch GET 200 https://registry.npmjs.org/@esbuild%2ffreebsd-arm64 44ms (cache miss)
620 silly packumentCache full:https://registry.npmjs.org/@esbuild%2ffreebsd-arm64 set size:undefined disposed:false
621 http fetch GET 200 https://registry.npmjs.org/@distilled.cloud%2fplanetscale 353ms (cache miss)
622 silly packumentCache full:https://registry.npmjs.org/@distilled.cloud%2fplanetscale set size:undefined disposed:false
623 http fetch GET 200 https://registry.npmjs.org/@esbuild%2fandroid-arm64 53ms (cache miss)
624 silly packumentCache full:https://registry.npmjs.org/@esbuild%2fandroid-arm64 set size:undefined disposed:false
625 http fetch GET 200 https://registry.npmjs.org/@esbuild%2fnetbsd-arm64 57ms (cache miss)
626 silly packumentCache full:https://registry.npmjs.org/@esbuild%2fnetbsd-arm64 set size:undefined disposed:false
627 http fetch GET 200 https://registry.npmjs.org/@esbuild%2fopenbsd-arm64 39ms (cache miss)
628 silly packumentCache full:https://registry.npmjs.org/@esbuild%2fopenbsd-arm64 set size:undefined disposed:false
629 http fetch GET 200 https://registry.npmjs.org/@esbuild%2flinux-riscv64 43ms (cache miss)
630 silly packumentCache full:https://registry.npmjs.org/@esbuild%2flinux-riscv64 set size:undefined disposed:false
631 http fetch GET 200 https://registry.npmjs.org/@esbuild%2flinux-loong64 48ms (cache miss)
632 silly packumentCache full:https://registry.npmjs.org/@esbuild%2flinux-loong64 set size:undefined disposed:false
633 http fetch GET 200 https://registry.npmjs.org/@esbuild%2flinux-mips64el 44ms (cache miss)
634 silly packumentCache full:https://registry.npmjs.org/@esbuild%2flinux-mips64el set size:undefined disposed:false
635 http fetch GET 200 https://registry.npmjs.org/@esbuild%2fopenharmony-arm64 45ms (cache miss)
636 silly packumentCache full:https://registry.npmjs.org/@esbuild%2fopenharmony-arm64 set size:undefined disposed:false
637 http fetch GET 200 https://registry.npmjs.org/@distilled.cloud%2fcloudflare 612ms (cache miss)
638 silly packumentCache full:https://registry.npmjs.org/@distilled.cloud%2fcloudflare set size:undefined disposed:false
639 silly placeDep ROOT @effect/sql-d1@4.0.0-rc.112 OK for: @prisma/composer@0.16.0 want: 4.0.0-rc.112
640 silly placeDep ROOT @effect/sql-sqlite-do@4.0.0-rc.112 OK for: @prisma/composer@0.16.0 want: 4.0.0-rc.112
641 silly placeDep ROOT @standard-schema/spec@1.1.0 OK for: @prisma/composer@0.16.0 want: ^1.1.0
642 silly placeDep ROOT arktype@2.2.3 OK for: @prisma/composer@0.16.0 want: ^2.2.3
643 silly fetch manifest @cloudflare/workers-types@^5.20260822.1
644 silly packumentCache full:https://registry.npmjs.org/@cloudflare%2fworkers-types cache-miss
645 silly fetch manifest @ark/util@0.56.2
646 silly packumentCache full:https://registry.npmjs.org/@ark%2futil cache-miss
647 silly fetch manifest arkregex@0.0.8
648 silly packumentCache full:https://registry.npmjs.org/arkregex cache-miss
649 silly fetch manifest @ark/schema@0.56.2
650 silly packumentCache full:https://registry.npmjs.org/@ark%2fschema cache-miss
651 http fetch GET 200 https://registry.npmjs.org/@ark%2futil 50ms (cache miss)
652 silly packumentCache full:https://registry.npmjs.org/@ark%2futil set size:undefined disposed:false
653 http fetch GET 200 https://registry.npmjs.org/@cloudflare%2fworkers-types 76ms (cache miss)
654 silly packumentCache full:https://registry.npmjs.org/@cloudflare%2fworkers-types set size:undefined disposed:false
655 http fetch GET 200 https://registry.npmjs.org/arkregex 175ms (cache miss)
656 silly packumentCache full:https://registry.npmjs.org/arkregex set size:undefined disposed:false
657 http fetch GET 200 https://registry.npmjs.org/@ark%2fschema 336ms (cache miss)
658 silly packumentCache full:https://registry.npmjs.org/@ark%2fschema set size:undefined disposed:false
659 silly placeDep ROOT @cloudflare/workers-types@5.20260827.1 OK for: @effect/sql-d1@4.0.0-rc.112 want: ^5.20260822.1
660 silly placeDep ROOT @vercel/nft@1.11.0 OK for: @prisma/compute-sdk@0.42.0 want: ^1.10.2
661 silly placeDep ROOT magicast@0.5.4 OK for: @prisma/compute-sdk@0.42.0 want: ^0.5.3
662 silly placeDep node_modules/@prisma/compute-sdk picomatch@4.0.7 OK for: @prisma/compute-sdk@0.42.0 want: ^4.0.4
663 silly placeDep ROOT tar-stream@3.2.1 OK for: @prisma/compute-sdk@0.42.0 want: ^3.1.8
664 silly placeDep ROOT tiny-invariant@1.3.3 OK for: @prisma/compute-sdk@0.42.0 want: 1.3.3
665 silly placeDep ROOT ws@8.21.3 OK for: @prisma/compute-sdk@0.42.0 want: ^8.20.0
666 silly fetch manifest glob@^13.0.0
667 silly packumentCache full:https://registry.npmjs.org/glob cache-miss
668 silly fetch manifest bindings@^1.4.0
669 silly packumentCache full:https://registry.npmjs.org/bindings cache-miss
670 silly fetch manifest async-sema@^3.1.1
671 silly packumentCache full:https://registry.npmjs.org/async-sema cache-miss
672 silly fetch manifest resolve-from@^5.0.0
673 silly packumentCache full:https://registry.npmjs.org/resolve-from cache-miss
674 silly fetch manifest estree-walker@2.0.2
675 silly packumentCache full:https://registry.npmjs.org/estree-walker cache-miss
676 silly fetch manifest node-gyp-build@^4.2.2
677 silly packumentCache full:https://registry.npmjs.org/node-gyp-build cache-miss
678 silly fetch manifest @rollup/pluginutils@^5.1.3
679 silly packumentCache full:https://registry.npmjs.org/@rollup%2fpluginutils cache-miss
680 silly fetch manifest @mapbox/node-pre-gyp@^2.0.0
681 silly packumentCache full:https://registry.npmjs.org/@mapbox%2fnode-pre-gyp cache-miss
682 silly fetch manifest acorn-import-attributes@^1.9.5
683 silly packumentCache full:https://registry.npmjs.org/acorn-import-attributes cache-miss
684 silly fetch manifest b4a@^1.6.4
685 silly packumentCache full:https://registry.npmjs.org/b4a cache-miss
686 silly fetch manifest bare-fs@^4.5.5
687 silly packumentCache full:https://registry.npmjs.org/bare-fs cache-miss
688 http cache https://registry.npmjs.org/resolve-from 5ms (cache hit)
689 silly packumentCache full:https://registry.npmjs.org/resolve-from set size:12911 disposed:false
690 silly fetch manifest streamx@^2.15.0
691 silly packumentCache full:https://registry.npmjs.org/streamx cache-miss
692 http fetch GET 200 https://registry.npmjs.org/async-sema 30ms (cache miss)
693 silly packumentCache full:https://registry.npmjs.org/async-sema set size:undefined disposed:false
694 silly fetch manifest fast-fifo@^1.2.0
695 silly packumentCache full:https://registry.npmjs.org/fast-fifo cache-miss
696 http fetch GET 200 https://registry.npmjs.org/bindings 32ms (cache miss)
697 silly packumentCache full:https://registry.npmjs.org/bindings set size:undefined disposed:false
698 http fetch GET 200 https://registry.npmjs.org/acorn-import-attributes 34ms (cache miss)
699 silly packumentCache full:https://registry.npmjs.org/acorn-import-attributes set size:undefined disposed:false
700 http fetch GET 200 https://registry.npmjs.org/node-gyp-build 35ms (cache miss)
701 silly packumentCache full:https://registry.npmjs.org/node-gyp-build set size:undefined disposed:false
702 http fetch GET 200 https://registry.npmjs.org/estree-walker 38ms (cache miss)
703 silly packumentCache full:https://registry.npmjs.org/estree-walker set size:undefined disposed:false
704 http fetch GET 200 https://registry.npmjs.org/b4a 45ms (cache miss)
705 silly packumentCache full:https://registry.npmjs.org/b4a set size:undefined disposed:false
706 http fetch GET 200 https://registry.npmjs.org/streamx 39ms (cache miss)
707 silly packumentCache full:https://registry.npmjs.org/streamx set size:undefined disposed:false
708 http fetch GET 200 https://registry.npmjs.org/bare-fs 45ms (cache miss)
709 silly packumentCache full:https://registry.npmjs.org/bare-fs set size:undefined disposed:false
710 http fetch GET 200 https://registry.npmjs.org/@rollup%2fpluginutils 48ms (cache miss)
711 silly packumentCache full:https://registry.npmjs.org/@rollup%2fpluginutils set size:undefined disposed:false
712 http fetch GET 200 https://registry.npmjs.org/fast-fifo 25ms (cache miss)
713 silly packumentCache full:https://registry.npmjs.org/fast-fifo set size:undefined disposed:false
714 http fetch GET 200 https://registry.npmjs.org/@mapbox%2fnode-pre-gyp 74ms (cache miss)
715 silly packumentCache full:https://registry.npmjs.org/@mapbox%2fnode-pre-gyp set size:undefined disposed:false
716 http fetch GET 200 https://registry.npmjs.org/glob 90ms (cache miss)
717 silly packumentCache full:https://registry.npmjs.org/glob set size:undefined disposed:false
718 silly placeDep ROOT openapi-fetch@0.14.0 OK for: @prisma/management-api-sdk@1.69.0 want: 0.14.0
719 silly fetch manifest openapi-typescript-helpers@^0.0.15
720 silly packumentCache full:https://registry.npmjs.org/openapi-typescript-helpers cache-miss
721 http fetch GET 200 https://registry.npmjs.org/openapi-typescript-helpers 29ms (cache miss)
722 silly packumentCache full:https://registry.npmjs.org/openapi-typescript-helpers set size:undefined disposed:false
723 silly placeDep ROOT @prisma/orm-framework@8.0.0-rc.8 OK for: @prisma/orm-toolchain@8.0.0-rc.8 want: 8.0.0-rc.8
724 silly placeDep ROOT ci-info@4.4.0 OK for: @prisma/orm-toolchain@8.0.0-rc.8 want: ^4.3.1
725 silly placeDep ROOT clipanion@4.0.0-rc.4 OK for: @prisma/orm-toolchain@8.0.0-rc.8 want: 4.0.0-rc.4
726 silly placeDep ROOT closest-match@1.3.3 OK for: @prisma/orm-toolchain@8.0.0-rc.8 want: ^1.3.3
727 silly placeDep ROOT jsonc-parser@3.3.1 OK for: @prisma/orm-toolchain@8.0.0-rc.8 want: ^3.3.1
728 silly placeDep ROOT pathe@2.0.3 OK for: @prisma/orm-toolchain@8.0.0-rc.8 want: ^2.0.3
729 silly placeDep ROOT prettier@3.9.6 OK for: @prisma/orm-toolchain@8.0.0-rc.8 want: ^3.9.6
730 silly placeDep ROOT strip-ansi@7.2.0 OK for: @prisma/orm-toolchain@8.0.0-rc.8 want: ^7.2.0
731 silly placeDep ROOT vscode-languageserver@10.1.0 OK for: @prisma/orm-toolchain@8.0.0-rc.8 want: 10.1.0
732 silly placeDep ROOT vscode-languageserver-textdocument@1.0.12 OK for: @prisma/orm-toolchain@8.0.0-rc.8 want: 1.0.12
733 silly placeDep ROOT wrap-ansi@10.0.1 OK for: @prisma/orm-toolchain@8.0.0-rc.8 want: ^10.0.0
734 silly fetch manifest uniku@^0.5.0
735 silly packumentCache full:https://registry.npmjs.org/uniku cache-miss
736 silly fetch manifest typanion@^3.8.0
737 silly packumentCache full:https://registry.npmjs.org/typanion cache-miss
738 silly fetch manifest ansi-regex@^6.2.2
739 silly packumentCache full:https://registry.npmjs.org/ansi-regex cache-miss
740 silly fetch manifest vscode-languageserver-protocol@3.18.2
741 silly packumentCache full:https://registry.npmjs.org/vscode-languageserver-protocol cache-miss
742 silly fetch manifest ansi-styles@^6.2.3
743 silly packumentCache full:https://registry.npmjs.org/ansi-styles cache-miss
744 http cache https://registry.npmjs.org/ansi-styles 3ms (cache hit)
745 silly packumentCache full:https://registry.npmjs.org/ansi-styles set size:71772 disposed:false
746 http fetch GET 200 https://registry.npmjs.org/ansi-regex 30ms (cache miss)
747 silly packumentCache full:https://registry.npmjs.org/ansi-regex set size:undefined disposed:false
748 http fetch GET 200 https://registry.npmjs.org/uniku 31ms (cache miss)
749 silly packumentCache full:https://registry.npmjs.org/uniku set size:undefined disposed:false
750 http fetch GET 200 https://registry.npmjs.org/typanion 34ms (cache miss)
751 silly packumentCache full:https://registry.npmjs.org/typanion set size:undefined disposed:false
752 http fetch GET 200 https://registry.npmjs.org/vscode-languageserver-protocol 41ms (cache miss)
753 silly packumentCache full:https://registry.npmjs.org/vscode-languageserver-protocol set size:undefined disposed:false
754 silly placeDep ROOT uniku@0.5.0 OK for: @prisma/orm-framework@8.0.0-rc.8 want: ^0.5.0
755 silly fetch manifest @noble/hashes@^2.2.0
756 silly packumentCache full:https://registry.npmjs.org/@noble%2fhashes cache-miss
757 http fetch GET 200 https://registry.npmjs.org/@noble%2fhashes 42ms (cache miss)
758 silly packumentCache full:https://registry.npmjs.org/@noble%2fhashes set size:undefined disposed:false
759 silly placeDep ROOT @mapbox/node-pre-gyp@2.0.3 OK for: @vercel/nft@1.11.0 want: ^2.0.0
760 silly placeDep ROOT @rollup/pluginutils@5.4.0 OK for: @vercel/nft@1.11.0 want: ^5.1.3
761 silly placeDep ROOT acorn-import-attributes@1.9.5 OK for: @vercel/nft@1.11.0 want: ^1.9.5
762 silly placeDep ROOT async-sema@3.1.1 OK for: @vercel/nft@1.11.0 want: ^3.1.1
763 silly placeDep ROOT bindings@1.5.0 OK for: @vercel/nft@1.11.0 want: ^1.4.0
764 silly placeDep ROOT estree-walker@2.0.2 OK for: @vercel/nft@1.11.0 want: 2.0.2
765 silly placeDep ROOT glob@13.0.6 OK for: @vercel/nft@1.11.0 want: ^13.0.0
766 silly placeDep ROOT node-gyp-build@4.8.4 OK for: @vercel/nft@1.11.0 want: ^4.2.2
767 silly placeDep node_modules/@vercel/nft picomatch@4.0.7 OK for: @vercel/nft@1.11.0 want: ^4.0.4
768 silly placeDep node_modules/@vercel/nft resolve-from@5.0.0 OK for: @vercel/nft@1.11.0 want: ^5.0.0
769 silly fetch manifest tar@^7.4.0
770 silly packumentCache full:https://registry.npmjs.org/tar cache-miss
771 silly fetch manifest nopt@^8.0.0
772 silly packumentCache full:https://registry.npmjs.org/nopt cache-miss
773 silly fetch manifest semver@^7.5.3
774 silly packumentCache full:https://registry.npmjs.org/semver cache-miss
775 silly fetch manifest consola@^3.2.3
776 silly packumentCache full:https://registry.npmjs.org/consola cache-miss
777 silly fetch manifest node-fetch@^2.6.7
778 silly packumentCache full:https://registry.npmjs.org/node-fetch cache-miss
779 silly fetch manifest https-proxy-agent@^7.0.5
780 silly packumentCache full:https://registry.npmjs.org/https-proxy-agent cache-miss
781 silly fetch manifest estree-walker@^2.0.2
782 silly packumentCache full:https://registry.npmjs.org/estree-walker cache-miss
783 silly fetch manifest picomatch@^4.0.2
784 silly packumentCache full:https://registry.npmjs.org/picomatch cache-hit
785 silly fetch manifest file-uri-to-path@1.0.0
786 silly packumentCache full:https://registry.npmjs.org/file-uri-to-path cache-miss
787 silly fetch manifest minimatch@^10.2.2
788 silly packumentCache full:https://registry.npmjs.org/minimatch cache-miss
789 silly fetch manifest minipass@^7.1.3
790 silly packumentCache full:https://registry.npmjs.org/minipass cache-miss
791 silly fetch manifest path-scurry@^2.0.2
792 silly packumentCache full:https://registry.npmjs.org/path-scurry cache-miss
793 http cache https://registry.npmjs.org/estree-walker 5ms (cache hit)
794 silly packumentCache full:https://registry.npmjs.org/estree-walker set size:60887 disposed:false
795 http cache https://registry.npmjs.org/semver 6ms (cache hit)
796 silly packumentCache full:https://registry.npmjs.org/semver set size:246069 disposed:false
797 http cache https://registry.npmjs.org/minimatch 7ms (cache hit)
798 silly packumentCache full:https://registry.npmjs.org/minimatch set size:377924 disposed:false
799 http fetch GET 200 https://registry.npmjs.org/path-scurry 31ms (cache miss)
800 silly packumentCache full:https://registry.npmjs.org/path-scurry set size:undefined disposed:false
801 http fetch GET 200 https://registry.npmjs.org/file-uri-to-path 34ms (cache miss)
802 silly packumentCache full:https://registry.npmjs.org/file-uri-to-path set size:undefined disposed:false
803 http fetch GET 200 https://registry.npmjs.org/nopt 36ms (cache miss)
804 silly packumentCache full:https://registry.npmjs.org/nopt set size:undefined disposed:false
805 http fetch GET 200 https://registry.npmjs.org/https-proxy-agent 42ms (cache miss)
806 silly packumentCache full:https://registry.npmjs.org/https-proxy-agent set size:undefined disposed:false
807 http fetch GET 200 https://registry.npmjs.org/minipass 43ms (cache miss)
808 silly packumentCache full:https://registry.npmjs.org/minipass set size:undefined disposed:false
809 http fetch GET 200 https://registry.npmjs.org/consola 46ms (cache miss)
810 silly packumentCache full:https://registry.npmjs.org/consola set size:undefined disposed:false
811 http fetch GET 200 https://registry.npmjs.org/tar 49ms (cache miss)
812 silly packumentCache full:https://registry.npmjs.org/tar set size:undefined disposed:false
813 http fetch GET 200 https://registry.npmjs.org/node-fetch 56ms (cache miss)
814 silly packumentCache full:https://registry.npmjs.org/node-fetch set size:undefined disposed:false
815 silly placeDep ROOT consola@3.4.2 OK for: @mapbox/node-pre-gyp@2.0.3 want: ^3.2.3
816 silly placeDep ROOT https-proxy-agent@7.0.6 OK for: @mapbox/node-pre-gyp@2.0.3 want: ^7.0.5
817 silly placeDep ROOT node-fetch@2.7.0 OK for: @mapbox/node-pre-gyp@2.0.3 want: ^2.6.7
818 silly placeDep ROOT nopt@8.1.0 OK for: @mapbox/node-pre-gyp@2.0.3 want: ^8.0.0
819 silly placeDep node_modules/@mapbox/node-pre-gyp semver@7.8.5 OK for: @mapbox/node-pre-gyp@2.0.3 want: ^7.5.3
820 silly placeDep ROOT tar@7.5.22 OK for: @mapbox/node-pre-gyp@2.0.3 want: ^7.4.0
821 silly fetch manifest agent-base@^7.1.2
822 silly packumentCache full:https://registry.npmjs.org/agent-base cache-miss
823 silly fetch manifest whatwg-url@^5.0.0
824 silly packumentCache full:https://registry.npmjs.org/whatwg-url cache-miss
825 silly fetch manifest abbrev@^3.0.0
826 silly packumentCache full:https://registry.npmjs.org/abbrev cache-miss
827 silly fetch manifest chownr@^3.0.0
828 silly packumentCache full:https://registry.npmjs.org/chownr cache-miss
829 silly fetch manifest yallist@^5.0.0
830 silly packumentCache full:https://registry.npmjs.org/yallist cache-miss
831 silly fetch manifest minipass@^7.1.2
832 silly packumentCache full:https://registry.npmjs.org/minipass cache-miss
833 silly fetch manifest minizlib@^3.1.0
834 silly packumentCache full:https://registry.npmjs.org/minizlib cache-miss
835 silly fetch manifest @isaacs/fs-minipass@^4.0.0
836 silly packumentCache full:https://registry.npmjs.org/@isaacs%2ffs-minipass cache-miss
837 http cache https://registry.npmjs.org/yallist 3ms (cache hit)
838 silly packumentCache full:https://registry.npmjs.org/yallist set size:34610 disposed:false
839 http cache https://registry.npmjs.org/minipass 3ms (cache hit)
840 silly packumentCache full:https://registry.npmjs.org/minipass set size:276925 disposed:false
841 http fetch GET 200 https://registry.npmjs.org/chownr 27ms (cache miss)
842 silly packumentCache full:https://registry.npmjs.org/chownr set size:undefined disposed:false
843 http fetch GET 200 https://registry.npmjs.org/abbrev 30ms (cache miss)
844 silly packumentCache full:https://registry.npmjs.org/abbrev set size:undefined disposed:false
845 http fetch GET 200 https://registry.npmjs.org/minizlib 30ms (cache miss)
846 silly packumentCache full:https://registry.npmjs.org/minizlib set size:undefined disposed:false
847 http fetch GET 200 https://registry.npmjs.org/agent-base 33ms (cache miss)
848 silly packumentCache full:https://registry.npmjs.org/agent-base set size:undefined disposed:false
849 http fetch GET 200 https://registry.npmjs.org/whatwg-url 33ms (cache miss)
850 silly packumentCache full:https://registry.npmjs.org/whatwg-url set size:undefined disposed:false
851 http fetch GET 200 https://registry.npmjs.org/@isaacs%2ffs-minipass 35ms (cache miss)
852 silly packumentCache full:https://registry.npmjs.org/@isaacs%2ffs-minipass set size:undefined disposed:false
853 silly placeDep node_modules/@rollup/pluginutils picomatch@4.0.7 OK for: @rollup/pluginutils@5.4.0 want: ^4.0.2
854 silly placeDep ROOT @alchemy.run/cloudflare-runtime@2.0.0-beta.74 OK for: alchemy@2.0.0-beta.74 want: 2.0.0-beta.74
855 silly placeDep ROOT @alchemy.run/floci@2.0.0-beta.74 OK for: alchemy@2.0.0-beta.74 want: 2.0.0-beta.74
856 silly placeDep ROOT @alchemy.run/node-utils@2.0.0-beta.74 OK for: alchemy@2.0.0-beta.74 want: 2.0.0-beta.74
857 silly placeDep ROOT @aws-sdk/credential-providers@3.1120.0 OK for: alchemy@2.0.0-beta.74 want: ^3.0.0
858 silly placeDep node_modules/alchemy @clack/prompts@1.7.0 OK for: alchemy@2.0.0-beta.74 want: ^1.7.0
859 silly placeDep ROOT @distilled.cloud/aws@1.0.0-rc.6 OK for: alchemy@2.0.0-beta.74 want: 1.0.0-rc.6
860 silly placeDep ROOT @distilled.cloud/axiom@1.0.0-rc.6 OK for: alchemy@2.0.0-beta.74 want: 1.0.0-rc.6
861 silly placeDep ROOT @distilled.cloud/cloudflare@1.0.0-rc.6 OK for: alchemy@2.0.0-beta.74 want: 1.0.0-rc.6
862 silly placeDep ROOT @distilled.cloud/core@1.0.0-rc.6 OK for: alchemy@2.0.0-beta.74 want: 1.0.0-rc.6
863 silly placeDep ROOT @distilled.cloud/fly-io@1.0.0-rc.6 OK for: alchemy@2.0.0-beta.74 want: 1.0.0-rc.6
864 silly placeDep ROOT @distilled.cloud/hetzner@1.0.0-rc.6 OK for: alchemy@2.0.0-beta.74 want: 1.0.0-rc.6
865 silly placeDep ROOT @distilled.cloud/neon@1.0.0-rc.6 OK for: alchemy@2.0.0-beta.74 want: 1.0.0-rc.6
866 silly placeDep ROOT @distilled.cloud/planetscale@1.0.0-rc.6 OK for: alchemy@2.0.0-beta.74 want: 1.0.0-rc.6
867 silly placeDep ROOT @effect/vitest@4.0.0-rc.112 OK for: alchemy@2.0.0-beta.74 want: >=4.0.0-rc.110 || >=4.0.0
868 silly placeDep ROOT @libsql/client@0.17.4 OK for: alchemy@2.0.0-beta.74 want: ^0.17.0
869 silly placeDep ROOT @octokit/rest@22.0.1 OK for: alchemy@2.0.0-beta.74 want: ^22.0.1
870 silly placeDep ROOT @octokit/webhooks@14.2.0 OK for: alchemy@2.0.0-beta.74 want: ^14.2.0
871 silly placeDep ROOT @prisma/dev@0.20.0 OK for: alchemy@2.0.0-beta.74 want: ^0.20.0
872 silly placeDep ROOT @smithy/node-config-provider@4.6.2 OK for: alchemy@2.0.0-beta.74 want: ^4.0.0
873 silly placeDep ROOT @smithy/shared-ini-file-loader@4.7.2 OK for: alchemy@2.0.0-beta.74 want: ^4.3.4
874 silly placeDep ROOT @smithy/types@4.17.2 OK for: alchemy@2.0.0-beta.74 want: ^4.8.1
875 silly placeDep ROOT @types/aws-lambda@8.10.162 OK for: alchemy@2.0.0-beta.74 want: ^8.10.152
876 silly placeDep ROOT aws4fetch@1.0.20 OK for: alchemy@2.0.0-beta.74 want: ^1.0.20
877 silly placeDep ROOT capnweb@0.6.1 OK for: alchemy@2.0.0-beta.74 want: ^0.6.1
878 silly placeDep node_modules/alchemy fast-glob@3.3.3 OK for: alchemy@2.0.0-beta.74 want: ^3.3.2
879 silly placeDep ROOT fast-xml-parser@5.11.1 OK for: alchemy@2.0.0-beta.74 want: ^5.3.4
880 silly placeDep ROOT ink@6.8.0 OK for: alchemy@2.0.0-beta.74 want: ^6.3.1
881 silly placeDep ROOT jszip@3.10.1 OK for: alchemy@2.0.0-beta.74 want: ^3.10.1
882 silly placeDep ROOT libsodium-wrappers@0.8.4 OK for: alchemy@2.0.0-beta.74 want: ^0.8.3
883 silly placeDep node_modules/alchemy picomatch@4.0.7 OK for: alchemy@2.0.0-beta.74 want: ^4.0.4
884 silly placeDep ROOT rolldown@1.1.5 OK for: alchemy@2.0.0-beta.74 want: 1.1.5
885 silly placeDep ROOT undici@7.29.0 OK for: alchemy@2.0.0-beta.74 want: ^7.16.0
886 silly fetch manifest @cloudflare/unenv-preset@^2.16.0
887 silly packumentCache full:https://registry.npmjs.org/@cloudflare%2funenv-preset cache-miss
888 silly fetch manifest @puppeteer/browsers@^3.2.0
889 silly packumentCache full:https://registry.npmjs.org/@puppeteer%2fbrowsers cache-miss
890 silly fetch manifest capnp-es@^0.0.14
891 silly packumentCache full:https://registry.npmjs.org/capnp-es cache-miss
892 silly fetch manifest unenv@^2.0.0-rc.24
893 silly packumentCache full:https://registry.npmjs.org/unenv cache-miss
894 silly fetch manifest workerd@1.20260704.1
895 silly packumentCache full:https://registry.npmjs.org/workerd cache-miss
896 silly fetch manifest yauzl@^3.4.0
897 silly packumentCache full:https://registry.npmjs.org/yauzl cache-miss
898 silly fetch manifest @smithy/core@^3.33.3
899 silly packumentCache full:https://registry.npmjs.org/@smithy%2fcore cache-miss
900 silly fetch manifest @aws-sdk/core@^3.977.9
901 silly packumentCache full:https://registry.npmjs.org/@aws-sdk%2fcore cache-miss
902 silly fetch manifest @smithy/types@^4.17.2
903 silly packumentCache full:https://registry.npmjs.org/@smithy%2ftypes cache-miss
904 silly fetch manifest @aws-sdk/types@^3.974.5
905 silly packumentCache full:https://registry.npmjs.org/@aws-sdk%2ftypes cache-miss
906 silly fetch manifest @aws-sdk/nested-clients@^3.997.44
907 silly packumentCache full:https://registry.npmjs.org/@aws-sdk%2fnested-clients cache-miss
908 http cache https://registry.npmjs.org/@smithy%2ftypes 3ms (cache hit)
909 silly packumentCache full:https://registry.npmjs.org/@smithy%2ftypes set size:214764 disposed:false
910 silly fetch manifest @aws-sdk/credential-provider-env@^3.972.70
911 silly packumentCache full:https://registry.npmjs.org/@aws-sdk%2fcredential-provider-env cache-miss
912 http fetch GET 200 https://registry.npmjs.org/yauzl 31ms (cache miss)
913 silly packumentCache full:https://registry.npmjs.org/yauzl set size:undefined disposed:false
914 silly fetch manifest @aws-sdk/credential-provider-ini@^3.973.15
915 silly packumentCache full:https://registry.npmjs.org/@aws-sdk%2fcredential-provider-ini cache-miss
916 http fetch GET 200 https://registry.npmjs.org/unenv 37ms (cache miss)
917 silly packumentCache full:https://registry.npmjs.org/unenv set size:undefined disposed:false
918 silly fetch manifest @aws-sdk/credential-provider-sso@^3.973.14
919 silly packumentCache full:https://registry.npmjs.org/@aws-sdk%2fcredential-provider-sso cache-miss
920 http fetch GET 200 https://registry.npmjs.org/@puppeteer%2fbrowsers 49ms (cache miss)
921 silly packumentCache full:https://registry.npmjs.org/@puppeteer%2fbrowsers set size:undefined disposed:false
922 silly fetch manifest @smithy/credential-provider-imds@^4.4.16
923 silly packumentCache full:https://registry.npmjs.org/@smithy%2fcredential-provider-imds cache-miss
924 http fetch GET 200 https://registry.npmjs.org/@aws-sdk%2ftypes 60ms (cache miss)
925 silly packumentCache full:https://registry.npmjs.org/@aws-sdk%2ftypes set size:undefined disposed:false
926 silly fetch manifest @aws-sdk/credential-provider-http@^3.972.72
927 silly packumentCache full:https://registry.npmjs.org/@aws-sdk%2fcredential-provider-http cache-miss
928 http fetch GET 200 https://registry.npmjs.org/@aws-sdk%2fcore 65ms (cache miss)
929 silly packumentCache full:https://registry.npmjs.org/@aws-sdk%2fcore set size:undefined disposed:false
930 silly fetch manifest @aws-sdk/credential-provider-node@^3.972.81
931 silly packumentCache full:https://registry.npmjs.org/@aws-sdk%2fcredential-provider-node cache-miss
932 http fetch GET 200 https://registry.npmjs.org/@aws-sdk%2fnested-clients 71ms (cache miss)
933 silly packumentCache full:https://registry.npmjs.org/@aws-sdk%2fnested-clients set size:undefined disposed:false
934 silly fetch manifest @aws-sdk/credential-provider-login@^3.972.77
935 silly packumentCache full:https://registry.npmjs.org/@aws-sdk%2fcredential-provider-login cache-miss
936 http fetch GET 200 https://registry.npmjs.org/@aws-sdk%2fcredential-provider-env 69ms (cache miss)
937 silly packumentCache full:https://registry.npmjs.org/@aws-sdk%2fcredential-provider-env set size:undefined disposed:false
938 silly fetch manifest @aws-sdk/credential-provider-process@^3.972.70
939 silly packumentCache full:https://registry.npmjs.org/@aws-sdk%2fcredential-provider-process cache-miss
940 http fetch GET 200 https://registry.npmjs.org/workerd 76ms (cache miss)
941 silly packumentCache full:https://registry.npmjs.org/workerd set size:undefined disposed:false
942 silly fetch manifest @aws-sdk/credential-provider-web-identity@^3.972.76
943 silly packumentCache full:https://registry.npmjs.org/@aws-sdk%2fcredential-provider-web-identity cache-miss
944 http fetch GET 200 https://registry.npmjs.org/@cloudflare%2funenv-preset 86ms (cache miss)
945 silly packumentCache full:https://registry.npmjs.org/@cloudflare%2funenv-preset set size:undefined disposed:false
946 silly fetch manifest @aws-sdk/credential-provider-cognito-identity@^3.972.69
947 silly packumentCache full:https://registry.npmjs.org/@aws-sdk%2fcredential-provider-cognito-identity cache-miss
948 http fetch GET 200 https://registry.npmjs.org/@smithy%2fcredential-provider-imds 49ms (cache miss)
949 silly packumentCache full:https://registry.npmjs.org/@smithy%2fcredential-provider-imds set size:undefined disposed:false
950 silly fetch manifest @clack/core@1.4.3
951 silly packumentCache full:https://registry.npmjs.org/@clack%2fcore cache-miss
952 http cache https://registry.npmjs.org/@clack%2fcore 2ms (cache hit)
953 silly packumentCache full:https://registry.npmjs.org/@clack%2fcore set size:146938 disposed:false
954 silly fetch manifest @aws-crypto/crc32@^5.2.0
955 silly packumentCache full:https://registry.npmjs.org/@aws-crypto%2fcrc32 cache-miss
956 http fetch GET 200 https://registry.npmjs.org/@aws-sdk%2fcredential-provider-http 46ms (cache miss)
957 silly packumentCache full:https://registry.npmjs.org/@aws-sdk%2fcredential-provider-http set size:undefined disposed:false
958 silly fetch manifest @aws-crypto/util@^5.2.0
959 silly packumentCache full:https://registry.npmjs.org/@aws-crypto%2futil cache-miss
960 http fetch GET 200 https://registry.npmjs.org/@aws-sdk%2fcredential-provider-sso 81ms (cache miss)
961 silly packumentCache full:https://registry.npmjs.org/@aws-sdk%2fcredential-provider-sso set size:undefined disposed:false
962 silly fetch manifest @aws-sdk/types@^3.973.1
963 silly packumentCache full:https://registry.npmjs.org/@aws-sdk%2ftypes cache-miss
964 http cache https://registry.npmjs.org/@aws-sdk%2ftypes 5ms (cache hit)
965 silly packumentCache full:https://registry.npmjs.org/@aws-sdk%2ftypes set size:551864 disposed:false
966 silly fetch manifest @smithy/shared-ini-file-loader@^4.4.3
967 silly packumentCache full:https://registry.npmjs.org/@smithy%2fshared-ini-file-loader cache-miss
968 http fetch GET 200 https://registry.npmjs.org/@aws-sdk%2fcredential-provider-login 58ms (cache miss)
969 silly packumentCache full:https://registry.npmjs.org/@aws-sdk%2fcredential-provider-login set size:undefined disposed:false
970 silly fetch manifest @smithy/types@^4.12.0
971 silly packumentCache full:https://registry.npmjs.org/@smithy%2ftypes cache-hit
972 silly fetch manifest @smithy/util-base64@^4.3.0
973 silly packumentCache full:https://registry.npmjs.org/@smithy%2futil-base64 cache-miss
974 http cache https://registry.npmjs.org/@smithy%2fshared-ini-file-loader 3ms (cache hit)
975 silly packumentCache full:https://registry.npmjs.org/@smithy%2fshared-ini-file-loader set size:314293 disposed:false
976 silly fetch manifest @libsql/core@^0.17.4
977 silly packumentCache full:https://registry.npmjs.org/@libsql%2fcore cache-miss
978 http fetch GET 200 https://registry.npmjs.org/@aws-sdk%2fcredential-provider-web-identity 60ms (cache miss)
979 silly packumentCache full:https://registry.npmjs.org/@aws-sdk%2fcredential-provider-web-identity set size:undefined disposed:false
980 silly fetch manifest @libsql/hrana-client@^0.10.0
981 silly packumentCache full:https://registry.npmjs.org/@libsql%2fhrana-client cache-miss
982 http fetch GET 200 https://registry.npmjs.org/@aws-sdk%2fcredential-provider-process 69ms (cache miss)
983 silly packumentCache full:https://registry.npmjs.org/@aws-sdk%2fcredential-provider-process set size:undefined disposed:false
984 silly fetch manifest js-base64@^3.7.5
985 silly packumentCache full:https://registry.npmjs.org/js-base64 cache-miss
986 http fetch GET 200 https://registry.npmjs.org/@aws-crypto%2futil 38ms (cache miss)
987 silly packumentCache full:https://registry.npmjs.org/@aws-crypto%2futil set size:undefined disposed:false
988 silly fetch manifest libsql@^0.5.28
989 silly packumentCache full:https://registry.npmjs.org/libsql cache-miss
990 http fetch GET 200 https://registry.npmjs.org/@aws-crypto%2fcrc32 49ms (cache miss)
991 silly packumentCache full:https://registry.npmjs.org/@aws-crypto%2fcrc32 set size:undefined disposed:false
992 silly fetch manifest promise-limit@^2.7.0
993 silly packumentCache full:https://registry.npmjs.org/promise-limit cache-miss
994 http fetch GET 200 https://registry.npmjs.org/@aws-sdk%2fcredential-provider-node 86ms (cache miss)
995 silly packumentCache full:https://registry.npmjs.org/@aws-sdk%2fcredential-provider-node set size:undefined disposed:false
996 silly fetch manifest @octokit/core@^7.0.6
997 silly packumentCache full:https://registry.npmjs.org/@octokit%2fcore cache-miss
998 http fetch GET 200 https://registry.npmjs.org/@aws-sdk%2fcredential-provider-cognito-identity 71ms (cache miss)
999 silly packumentCache full:https://registry.npmjs.org/@aws-sdk%2fcredential-provider-cognito-identity set size:undefined disposed:false
1000 silly fetch manifest @octokit/plugin-request-log@^6.0.0
1001 silly packumentCache full:https://registry.npmjs.org/@octokit%2fplugin-request-log cache-miss
1002 http fetch GET 200 https://registry.npmjs.org/capnp-es 178ms (cache miss)
1003 silly packumentCache full:https://registry.npmjs.org/capnp-es set size:undefined disposed:false
1004 silly fetch manifest @octokit/plugin-paginate-rest@^14.0.0
1005 silly packumentCache full:https://registry.npmjs.org/@octokit%2fplugin-paginate-rest cache-miss
1006 http fetch GET 200 https://registry.npmjs.org/@smithy%2futil-base64 47ms (cache miss)
1007 silly packumentCache full:https://registry.npmjs.org/@smithy%2futil-base64 set size:undefined disposed:false
1008 silly fetch manifest @octokit/plugin-rest-endpoint-methods@^17.0.0
1009 silly packumentCache full:https://registry.npmjs.org/@octokit%2fplugin-rest-endpoint-methods cache-miss
1010 http fetch GET 200 https://registry.npmjs.org/js-base64 34ms (cache miss)
1011 silly packumentCache full:https://registry.npmjs.org/js-base64 set size:undefined disposed:false
1012 silly fetch manifest @octokit/request-error@^7.0.0
1013 silly packumentCache full:https://registry.npmjs.org/@octokit%2frequest-error cache-miss
1014 http fetch GET 200 https://registry.npmjs.org/promise-limit 32ms (cache miss)
1015 silly packumentCache full:https://registry.npmjs.org/promise-limit set size:undefined disposed:false
1016 silly fetch manifest @octokit/webhooks-methods@^6.0.0
1017 silly packumentCache full:https://registry.npmjs.org/@octokit%2fwebhooks-methods cache-miss
1018 http fetch GET 200 https://registry.npmjs.org/@octokit%2fcore 40ms (cache miss)
1019 silly packumentCache full:https://registry.npmjs.org/@octokit%2fcore set size:undefined disposed:false
1020 silly fetch manifest @octokit/openapi-webhooks-types@12.1.0
1021 silly packumentCache full:https://registry.npmjs.org/@octokit%2fopenapi-webhooks-types cache-miss
1022 http fetch GET 200 https://registry.npmjs.org/@octokit%2fplugin-request-log 37ms (cache miss)
1023 silly packumentCache full:https://registry.npmjs.org/@octokit%2fplugin-request-log set size:undefined disposed:false
1024 silly fetch manifest hono@4.11.4
1025 silly packumentCache full:https://registry.npmjs.org/hono cache-miss
1026 http fetch GET 200 https://registry.npmjs.org/@octokit%2frequest-error 44ms (cache miss)
1027 silly packumentCache full:https://registry.npmjs.org/@octokit%2frequest-error set size:undefined disposed:false
1028 silly fetch manifest remeda@2.33.4
1029 silly packumentCache full:https://registry.npmjs.org/remeda cache-miss
1030 http fetch GET 200 https://registry.npmjs.org/@octokit%2fplugin-paginate-rest 61ms (cache miss)
1031 silly packumentCache full:https://registry.npmjs.org/@octokit%2fplugin-paginate-rest set size:undefined disposed:false
1032 silly fetch manifest std-env@3.10.0
1033 silly packumentCache full:https://registry.npmjs.org/std-env cache-miss
1034 http fetch GET 200 https://registry.npmjs.org/@octokit%2fplugin-rest-endpoint-methods 62ms (cache miss)
1035 silly packumentCache full:https://registry.npmjs.org/@octokit%2fplugin-rest-endpoint-methods set size:undefined disposed:false
1036 silly fetch manifest valibot@1.2.0
1037 silly packumentCache full:https://registry.npmjs.org/valibot cache-miss
1038 http fetch GET 200 https://registry.npmjs.org/@aws-sdk%2fcredential-provider-ini 215ms (cache miss)
1039 silly packumentCache full:https://registry.npmjs.org/@aws-sdk%2fcredential-provider-ini set size:undefined disposed:false
1040 silly fetch manifest zeptomatch@2.1.0
1041 silly packumentCache full:https://registry.npmjs.org/zeptomatch cache-miss
1042 http fetch GET 200 https://registry.npmjs.org/remeda 39ms (cache miss)
1043 silly packumentCache full:https://registry.npmjs.org/remeda set size:undefined disposed:false
1044 silly fetch manifest get-port-please@3.2.0
1045 silly packumentCache full:https://registry.npmjs.org/get-port-please cache-miss
1046 http fetch GET 200 https://registry.npmjs.org/std-env 37ms (cache miss)
1047 silly packumentCache full:https://registry.npmjs.org/std-env set size:undefined disposed:false
1048 silly fetch manifest proper-lockfile@4.1.2
1049 silly packumentCache full:https://registry.npmjs.org/proper-lockfile cache-miss
1050 http fetch GET 200 https://registry.npmjs.org/zeptomatch 29ms (cache miss)
1051 silly packumentCache full:https://registry.npmjs.org/zeptomatch set size:undefined disposed:false
1052 silly fetch manifest foreground-child@3.3.1
1053 silly packumentCache full:https://registry.npmjs.org/foreground-child cache-miss
1054 http fetch GET 200 https://registry.npmjs.org/hono 78ms (cache miss)
1055 silly packumentCache full:https://registry.npmjs.org/hono set size:undefined disposed:false
1056 silly fetch manifest @hono/node-server@1.19.9
1057 silly packumentCache full:https://registry.npmjs.org/@hono%2fnode-server cache-miss
1058 http fetch GET 200 https://registry.npmjs.org/get-port-please 49ms (cache miss)
1059 silly packumentCache full:https://registry.npmjs.org/get-port-please set size:undefined disposed:false
1060 silly fetch manifest http-status-codes@2.3.0
1061 silly packumentCache full:https://registry.npmjs.org/http-status-codes cache-miss
1062 http fetch GET 200 https://registry.npmjs.org/proper-lockfile 37ms (cache miss)
1063 silly packumentCache full:https://registry.npmjs.org/proper-lockfile set size:undefined disposed:false
1064 silly fetch manifest @mrleebo/prisma-ast@0.13.1
1065 silly packumentCache full:https://registry.npmjs.org/@mrleebo%2fprisma-ast cache-miss
1066 http fetch GET 200 https://registry.npmjs.org/foreground-child 37ms (cache miss)
1067 silly packumentCache full:https://registry.npmjs.org/foreground-child set size:undefined disposed:false
1068 silly fetch manifest @electric-sql/pglite@0.3.15
1069 silly packumentCache full:https://registry.npmjs.org/@electric-sql%2fpglite cache-miss
1070 http fetch GET 200 https://registry.npmjs.org/@libsql%2fhrana-client 183ms (cache miss)
1071 silly packumentCache full:https://registry.npmjs.org/@libsql%2fhrana-client set size:undefined disposed:false
1072 silly fetch manifest @prisma/get-platform@7.2.0
1073 silly packumentCache full:https://registry.npmjs.org/@prisma%2fget-platform cache-miss
1074 http fetch GET 200 https://registry.npmjs.org/@smithy%2fcore 325ms (cache miss)
1075 silly packumentCache full:https://registry.npmjs.org/@smithy%2fcore set size:undefined disposed:false
1076 silly fetch manifest @electric-sql/pglite-tools@0.2.20
1077 silly packumentCache full:https://registry.npmjs.org/@electric-sql%2fpglite-tools cache-miss
1078 http fetch GET 200 https://registry.npmjs.org/@hono%2fnode-server 41ms (cache miss)
1079 silly packumentCache full:https://registry.npmjs.org/@hono%2fnode-server set size:undefined disposed:false
1080 silly fetch manifest @electric-sql/pglite-socket@0.0.20
1081 silly packumentCache full:https://registry.npmjs.org/@electric-sql%2fpglite-socket cache-miss
1082 http fetch GET 200 https://registry.npmjs.org/libsql 210ms (cache miss)
1083 silly packumentCache full:https://registry.npmjs.org/libsql set size:undefined disposed:false
1084 silly fetch manifest @prisma/query-plan-executor@7.2.0
1085 silly packumentCache full:https://registry.npmjs.org/@prisma%2fquery-plan-executor cache-miss
1086 http fetch GET 200 https://registry.npmjs.org/@electric-sql%2fpglite 54ms (cache miss)
1087 silly packumentCache full:https://registry.npmjs.org/@electric-sql%2fpglite set size:undefined disposed:false
1088 silly fetch manifest @smithy/core@^3.33.2
1089 silly packumentCache full:https://registry.npmjs.org/@smithy%2fcore cache-miss
1090 http cache https://registry.npmjs.org/@smithy%2fcore 1ms (cache hit)
1091 silly packumentCache full:https://registry.npmjs.org/@smithy%2fcore set size:870859 disposed:false
1092 silly fetch manifest glob-parent@^5.1.2
1093 silly packumentCache full:https://registry.npmjs.org/glob-parent cache-miss
1094 http cache https://registry.npmjs.org/glob-parent 1ms (cache hit)
1095 silly packumentCache full:https://registry.npmjs.org/glob-parent set size:42445 disposed:false
1096 silly fetch manifest strnum@^2.4.2
1097 silly packumentCache full:https://registry.npmjs.org/strnum cache-miss
1098 http fetch GET 200 https://registry.npmjs.org/@octokit%2fwebhooks-methods 199ms (cache miss)
1099 silly packumentCache full:https://registry.npmjs.org/@octokit%2fwebhooks-methods set size:undefined disposed:false
1100 silly fetch manifest is-unsafe@^2.0.0
1101 silly packumentCache full:https://registry.npmjs.org/is-unsafe cache-miss
1102 http fetch GET 200 https://registry.npmjs.org/strnum 29ms (cache miss)
1103 silly packumentCache full:https://registry.npmjs.org/strnum set size:undefined disposed:false
1104 silly fetch manifest xml-naming@^0.3.0
1105 silly packumentCache full:https://registry.npmjs.org/xml-naming cache-miss
1106 http fetch GET 200 https://registry.npmjs.org/is-unsafe 33ms (cache miss)
1107 silly packumentCache full:https://registry.npmjs.org/is-unsafe set size:undefined disposed:false
1108 silly fetch manifest fast-xml-builder@^1.2.0
1109 silly packumentCache full:https://registry.npmjs.org/fast-xml-builder cache-miss
1110 http fetch GET 200 https://registry.npmjs.org/valibot 191ms (cache miss)
1111 silly packumentCache full:https://registry.npmjs.org/valibot set size:undefined disposed:false
1112 silly fetch manifest @nodable/entities@^3.0.0
1113 silly packumentCache full:https://registry.npmjs.org/@nodable%2fentities cache-miss
1114 http fetch GET 200 https://registry.npmjs.org/xml-naming 35ms (cache miss)
1115 silly packumentCache full:https://registry.npmjs.org/xml-naming set size:undefined disposed:false
1116 silly fetch manifest path-expression-matcher@^1.6.2
1117 silly packumentCache full:https://registry.npmjs.org/path-expression-matcher cache-miss
1118 http fetch GET 200 https://registry.npmjs.org/fast-xml-builder 27ms (cache miss)
1119 silly packumentCache full:https://registry.npmjs.org/fast-xml-builder set size:undefined disposed:false
1120 silly fetch manifest chalk@^5.6.0
1121 silly packumentCache full:https://registry.npmjs.org/chalk cache-miss
1122 http cache https://registry.npmjs.org/chalk 2ms (cache hit)
1123 silly packumentCache full:https://registry.npmjs.org/chalk set size:134775 disposed:false
1124 silly fetch manifest is-in-ci@^2.0.0
1125 silly packumentCache full:https://registry.npmjs.org/is-in-ci cache-miss
1126 http fetch GET 200 https://registry.npmjs.org/is-in-ci 31ms (cache miss)
1127 silly packumentCache full:https://registry.npmjs.org/is-in-ci set size:undefined disposed:false
1128 silly fetch manifest auto-bind@^5.0.1
1129 silly packumentCache full:https://registry.npmjs.org/auto-bind cache-miss
1130 http fetch GET 200 https://registry.npmjs.org/path-expression-matcher 37ms (cache miss)
1131 silly packumentCache full:https://registry.npmjs.org/path-expression-matcher set size:undefined disposed:false
1132 silly fetch manifest cli-boxes@^3.0.0
1133 silly packumentCache full:https://registry.npmjs.org/cli-boxes cache-miss
1134 http fetch GET 200 https://registry.npmjs.org/@libsql%2fcore 346ms (cache miss)
1135 silly packumentCache full:https://registry.npmjs.org/@libsql%2fcore set size:undefined disposed:false
1136 silly fetch manifest type-fest@^5.4.1
1137 silly packumentCache full:https://registry.npmjs.org/type-fest cache-miss
1138 http fetch GET 200 https://registry.npmjs.org/@nodable%2fentities 46ms (cache miss)
1139 silly packumentCache full:https://registry.npmjs.org/@nodable%2fentities set size:undefined disposed:false
1140 silly fetch manifest wrap-ansi@^9.0.0
1141 silly packumentCache full:https://registry.npmjs.org/wrap-ansi cache-miss
1142 http cache https://registry.npmjs.org/wrap-ansi 1ms (cache hit)
1143 silly packumentCache full:https://registry.npmjs.org/wrap-ansi set size:57461 disposed:false
1144 silly fetch manifest cli-cursor@^4.0.0
1145 silly packumentCache full:https://registry.npmjs.org/cli-cursor cache-miss
1146 http fetch GET 200 https://registry.npmjs.org/auto-bind 27ms (cache miss)
1147 silly packumentCache full:https://registry.npmjs.org/auto-bind set size:undefined disposed:false
1148 silly fetch manifest es-toolkit@^1.39.10
1149 silly packumentCache full:https://registry.npmjs.org/es-toolkit cache-miss
1150 http fetch GET 200 https://registry.npmjs.org/cli-boxes 30ms (cache miss)
1151 silly packumentCache full:https://registry.npmjs.org/cli-boxes set size:undefined disposed:false
1152 silly fetch manifest slice-ansi@^8.0.0
1153 silly packumentCache full:https://registry.npmjs.org/slice-ansi cache-miss
1154 http fetch GET 200 https://registry.npmjs.org/http-status-codes 197ms (cache miss)
1155 silly packumentCache full:https://registry.npmjs.org/http-status-codes set size:undefined disposed:false
1156 silly fetch manifest ansi-styles@^6.2.1
1157 silly packumentCache full:https://registry.npmjs.org/ansi-styles cache-hit
1158 silly fetch manifest signal-exit@^3.0.7
1159 silly packumentCache full:https://registry.npmjs.org/signal-exit cache-miss
1160 http cache https://registry.npmjs.org/signal-exit 1ms (cache hit)
1161 silly packumentCache full:https://registry.npmjs.org/signal-exit set size:53489 disposed:false
1162 silly fetch manifest stack-utils@^2.0.6
1163 silly packumentCache full:https://registry.npmjs.org/stack-utils cache-miss
1164 http fetch GET 200 https://registry.npmjs.org/cli-cursor 32ms (cache miss)
1165 silly packumentCache full:https://registry.npmjs.org/cli-cursor set size:undefined disposed:false
1166 silly fetch manifest widest-line@^6.0.0
1167 silly packumentCache full:https://registry.npmjs.org/widest-line cache-miss
1168 http fetch GET 200 https://registry.npmjs.org/@electric-sql%2fpglite-tools 191ms (cache miss)
1169 silly packumentCache full:https://registry.npmjs.org/@electric-sql%2fpglite-tools set size:undefined disposed:false
1170 silly fetch manifest yoga-layout@~3.2.1
1171 silly packumentCache full:https://registry.npmjs.org/yoga-layout cache-miss
1172 http fetch GET 200 https://registry.npmjs.org/@octokit%2fopenapi-webhooks-types 323ms (cache miss)
1173 silly packumentCache full:https://registry.npmjs.org/@octokit%2fopenapi-webhooks-types set size:undefined disposed:false
1174 silly fetch manifest ansi-escapes@^7.3.0
1175 silly packumentCache full:https://registry.npmjs.org/ansi-escapes cache-miss
1176 http fetch GET 200 https://registry.npmjs.org/type-fest 55ms (cache miss)
1177 silly packumentCache full:https://registry.npmjs.org/type-fest set size:undefined disposed:false
1178 silly fetch manifest cli-truncate@^5.1.1
1179 silly packumentCache full:https://registry.npmjs.org/cli-truncate cache-miss
1180 http fetch GET 200 https://registry.npmjs.org/slice-ansi 33ms (cache miss)
1181 silly packumentCache full:https://registry.npmjs.org/slice-ansi set size:undefined disposed:false
1182 silly fetch manifest code-excerpt@^4.0.0
1183 silly packumentCache full:https://registry.npmjs.org/code-excerpt cache-miss
1184 http fetch GET 200 https://registry.npmjs.org/stack-utils 29ms (cache miss)
1185 silly packumentCache full:https://registry.npmjs.org/stack-utils set size:undefined disposed:false
1186 silly fetch manifest indent-string@^5.0.0
1187 silly packumentCache full:https://registry.npmjs.org/indent-string cache-miss
1188 http fetch GET 200 https://registry.npmjs.org/widest-line 31ms (cache miss)
1189 silly packumentCache full:https://registry.npmjs.org/widest-line set size:undefined disposed:false
1190 silly fetch manifest patch-console@^2.0.0
1191 silly packumentCache full:https://registry.npmjs.org/patch-console cache-miss
1192 http fetch GET 200 https://registry.npmjs.org/ansi-escapes 27ms (cache miss)
1193 silly packumentCache full:https://registry.npmjs.org/ansi-escapes set size:undefined disposed:false
1194 silly fetch manifest terminal-size@^4.0.1
1195 silly packumentCache full:https://registry.npmjs.org/terminal-size cache-miss
1196 http fetch GET 200 https://registry.npmjs.org/yoga-layout 30ms (cache miss)
1197 silly packumentCache full:https://registry.npmjs.org/yoga-layout set size:undefined disposed:false
1198 silly fetch manifest react-reconciler@^0.33.0
1199 silly packumentCache full:https://registry.npmjs.org/react-reconciler cache-miss
1200 http fetch GET 200 https://registry.npmjs.org/@electric-sql%2fpglite-socket 195ms (cache miss)
1201 silly packumentCache full:https://registry.npmjs.org/@electric-sql%2fpglite-socket set size:undefined disposed:false
1202 silly fetch manifest @alcalzone/ansi-tokenize@^0.2.4
1203 silly packumentCache full:https://registry.npmjs.org/@alcalzone%2fansi-tokenize cache-miss
1204 http fetch GET 200 https://registry.npmjs.org/terminal-size 24ms (cache miss)
1205 silly packumentCache full:https://registry.npmjs.org/terminal-size set size:undefined disposed:false
1206 silly fetch manifest lie@~3.3.0
1207 silly packumentCache full:https://registry.npmjs.org/lie cache-miss
1208 http fetch GET 200 https://registry.npmjs.org/indent-string 30ms (cache miss)
1209 silly packumentCache full:https://registry.npmjs.org/indent-string set size:undefined disposed:false
1210 silly fetch manifest pako@~1.0.2
1211 silly packumentCache full:https://registry.npmjs.org/pako cache-miss
1212 http fetch GET 200 https://registry.npmjs.org/code-excerpt 32ms (cache miss)
1213 silly packumentCache full:https://registry.npmjs.org/code-excerpt set size:undefined disposed:false
1214 silly fetch manifest setimmediate@^1.0.5
1215 silly packumentCache full:https://registry.npmjs.org/setimmediate cache-miss
1216 http fetch GET 200 https://registry.npmjs.org/cli-truncate 40ms (cache miss)
1217 silly packumentCache full:https://registry.npmjs.org/cli-truncate set size:undefined disposed:false
1218 silly fetch manifest readable-stream@~2.3.6
1219 silly packumentCache full:https://registry.npmjs.org/readable-stream cache-miss
1220 http fetch GET 200 https://registry.npmjs.org/patch-console 32ms (cache miss)
1221 silly packumentCache full:https://registry.npmjs.org/patch-console set size:undefined disposed:false
1222 silly fetch manifest libsodium@^0.8.0
1223 silly packumentCache full:https://registry.npmjs.org/libsodium cache-miss
1224 http fetch GET 200 https://registry.npmjs.org/@prisma%2fquery-plan-executor 224ms (cache miss)
1225 silly packumentCache full:https://registry.npmjs.org/@prisma%2fquery-plan-executor set size:undefined disposed:false
1226 silly fetch manifest @oxc-project/types@=0.139.0
1227 silly packumentCache full:https://registry.npmjs.org/@oxc-project%2ftypes cache-miss
1228 http fetch GET 200 https://registry.npmjs.org/@alcalzone%2fansi-tokenize 44ms (cache miss)
1229 silly packumentCache full:https://registry.npmjs.org/@alcalzone%2fansi-tokenize set size:undefined disposed:false
1230 silly fetch manifest @rolldown/pluginutils@^1.0.0
1231 silly packumentCache full:https://registry.npmjs.org/@rolldown%2fpluginutils cache-miss
1232 http fetch GET 200 https://registry.npmjs.org/lie 30ms (cache miss)
1233 silly packumentCache full:https://registry.npmjs.org/lie set size:undefined disposed:false
1234 silly fetch manifest @rolldown/binding-darwin-x64@1.1.5
1235 silly packumentCache full:https://registry.npmjs.org/@rolldown%2fbinding-darwin-x64 cache-miss
1236 http fetch GET 200 https://registry.npmjs.org/pako 30ms (cache miss)
1237 silly packumentCache full:https://registry.npmjs.org/pako set size:undefined disposed:false
1238 silly fetch manifest @rolldown/binding-freebsd-x64@1.1.5
1239 silly packumentCache full:https://registry.npmjs.org/@rolldown%2fbinding-freebsd-x64 cache-miss
1240 http fetch GET 200 https://registry.npmjs.org/setimmediate 37ms (cache miss)
1241 silly packumentCache full:https://registry.npmjs.org/setimmediate set size:undefined disposed:false
1242 silly fetch manifest @rolldown/binding-wasm32-wasi@1.1.5
1243 silly packumentCache full:https://registry.npmjs.org/@rolldown%2fbinding-wasm32-wasi cache-miss
1244 http fetch GET 200 https://registry.npmjs.org/libsodium 34ms (cache miss)
1245 silly packumentCache full:https://registry.npmjs.org/libsodium set size:undefined disposed:false
1246 silly fetch manifest @rolldown/binding-darwin-arm64@1.1.5
1247 silly packumentCache full:https://registry.npmjs.org/@rolldown%2fbinding-darwin-arm64 cache-miss
1248 http fetch GET 200 https://registry.npmjs.org/readable-stream 41ms (cache miss)
1249 silly packumentCache full:https://registry.npmjs.org/readable-stream set size:undefined disposed:false
1250 silly fetch manifest @rolldown/binding-android-arm64@1.1.5
1251 silly packumentCache full:https://registry.npmjs.org/@rolldown%2fbinding-android-arm64 cache-miss
1252 http fetch GET 200 https://registry.npmjs.org/es-toolkit 130ms (cache miss)
1253 silly packumentCache full:https://registry.npmjs.org/es-toolkit set size:undefined disposed:false
1254 silly fetch manifest @rolldown/binding-linux-x64-gnu@1.1.5
1255 silly packumentCache full:https://registry.npmjs.org/@rolldown%2fbinding-linux-x64-gnu cache-miss
1256 http fetch GET 200 https://registry.npmjs.org/@oxc-project%2ftypes 85ms (cache miss)
1257 silly packumentCache full:https://registry.npmjs.org/@oxc-project%2ftypes set size:undefined disposed:false
1258 silly fetch manifest @rolldown/binding-linux-x64-musl@1.1.5
1259 silly packumentCache full:https://registry.npmjs.org/@rolldown%2fbinding-linux-x64-musl cache-miss
1260 http fetch GET 200 https://registry.npmjs.org/@rolldown%2fbinding-android-arm64 56ms (cache miss)
1261 silly packumentCache full:https://registry.npmjs.org/@rolldown%2fbinding-android-arm64 set size:undefined disposed:false
1262 silly fetch manifest @rolldown/binding-win32-x64-msvc@1.1.5
1263 silly packumentCache full:https://registry.npmjs.org/@rolldown%2fbinding-win32-x64-msvc cache-miss
1264 http fetch GET 200 https://registry.npmjs.org/@rolldown%2fpluginutils 82ms (cache miss)
1265 silly packumentCache full:https://registry.npmjs.org/@rolldown%2fpluginutils set size:undefined disposed:false
1266 silly fetch manifest @rolldown/binding-linux-arm64-gnu@1.1.5
1267 silly packumentCache full:https://registry.npmjs.org/@rolldown%2fbinding-linux-arm64-gnu cache-miss
1268 http fetch GET 200 https://registry.npmjs.org/@rolldown%2fbinding-freebsd-x64 82ms (cache miss)
1269 silly packumentCache full:https://registry.npmjs.org/@rolldown%2fbinding-freebsd-x64 set size:undefined disposed:false
1270 silly fetch manifest @rolldown/binding-linux-ppc64-gnu@1.1.5
1271 silly packumentCache full:https://registry.npmjs.org/@rolldown%2fbinding-linux-ppc64-gnu cache-miss
1272 http fetch GET 200 https://registry.npmjs.org/@mrleebo%2fprisma-ast 375ms (cache miss)
1273 silly packumentCache full:https://registry.npmjs.org/@mrleebo%2fprisma-ast set size:undefined disposed:false
1274 silly fetch manifest @rolldown/binding-linux-s390x-gnu@1.1.5
1275 silly packumentCache full:https://registry.npmjs.org/@rolldown%2fbinding-linux-s390x-gnu cache-miss
1276 http fetch GET 200 https://registry.npmjs.org/@rolldown%2fbinding-darwin-x64 91ms (cache miss)
1277 silly packumentCache full:https://registry.npmjs.org/@rolldown%2fbinding-darwin-x64 set size:undefined disposed:false
1278 silly fetch manifest @rolldown/binding-linux-arm64-musl@1.1.5
1279 silly packumentCache full:https://registry.npmjs.org/@rolldown%2fbinding-linux-arm64-musl cache-miss
1280 http fetch GET 200 https://registry.npmjs.org/@rolldown%2fbinding-wasm32-wasi 88ms (cache miss)
1281 silly packumentCache full:https://registry.npmjs.org/@rolldown%2fbinding-wasm32-wasi set size:undefined disposed:false
1282 silly fetch manifest @rolldown/binding-win32-arm64-msvc@1.1.5
1283 silly packumentCache full:https://registry.npmjs.org/@rolldown%2fbinding-win32-arm64-msvc cache-miss
1284 http fetch GET 200 https://registry.npmjs.org/@rolldown%2fbinding-darwin-arm64 92ms (cache miss)
1285 silly packumentCache full:https://registry.npmjs.org/@rolldown%2fbinding-darwin-arm64 set size:undefined disposed:false
1286 silly fetch manifest @rolldown/binding-openharmony-arm64@1.1.5
1287 silly packumentCache full:https://registry.npmjs.org/@rolldown%2fbinding-openharmony-arm64 cache-miss
1288 http fetch GET 200 https://registry.npmjs.org/react-reconciler 170ms (cache miss)
1289 silly packumentCache full:https://registry.npmjs.org/react-reconciler set size:undefined disposed:false
1290 silly fetch manifest @rolldown/binding-linux-arm-gnueabihf@1.1.5
1291 silly packumentCache full:https://registry.npmjs.org/@rolldown%2fbinding-linux-arm-gnueabihf cache-miss
1292 http fetch GET 200 https://registry.npmjs.org/@rolldown%2fbinding-linux-ppc64-gnu 45ms (cache miss)
1293 silly packumentCache full:https://registry.npmjs.org/@rolldown%2fbinding-linux-ppc64-gnu set size:undefined disposed:false
1294 http fetch GET 200 https://registry.npmjs.org/@rolldown%2fbinding-linux-s390x-gnu 46ms (cache miss)
1295 silly packumentCache full:https://registry.npmjs.org/@rolldown%2fbinding-linux-s390x-gnu set size:undefined disposed:false
1296 http fetch GET 200 https://registry.npmjs.org/@rolldown%2fbinding-linux-x64-gnu 78ms (cache miss)
1297 silly packumentCache full:https://registry.npmjs.org/@rolldown%2fbinding-linux-x64-gnu set size:undefined disposed:false
1298 http fetch GET 200 https://registry.npmjs.org/@rolldown%2fbinding-linux-arm64-gnu 67ms (cache miss)
1299 silly packumentCache full:https://registry.npmjs.org/@rolldown%2fbinding-linux-arm64-gnu set size:undefined disposed:false
1300 http fetch GET 200 https://registry.npmjs.org/@rolldown%2fbinding-openharmony-arm64 42ms (cache miss)
1301 silly packumentCache full:https://registry.npmjs.org/@rolldown%2fbinding-openharmony-arm64 set size:undefined disposed:false
1302 http fetch GET 200 https://registry.npmjs.org/@rolldown%2fbinding-win32-x64-msvc 81ms (cache miss)
1303 silly packumentCache full:https://registry.npmjs.org/@rolldown%2fbinding-win32-x64-msvc set size:undefined disposed:false
1304 http fetch GET 200 https://registry.npmjs.org/@rolldown%2fbinding-linux-x64-musl 90ms (cache miss)
1305 silly packumentCache full:https://registry.npmjs.org/@rolldown%2fbinding-linux-x64-musl set size:undefined disposed:false
1306 http fetch GET 200 https://registry.npmjs.org/@rolldown%2fbinding-win32-arm64-msvc 74ms (cache miss)
1307 silly packumentCache full:https://registry.npmjs.org/@rolldown%2fbinding-win32-arm64-msvc set size:undefined disposed:false
1308 http fetch GET 200 https://registry.npmjs.org/@rolldown%2fbinding-linux-arm64-musl 85ms (cache miss)
1309 silly packumentCache full:https://registry.npmjs.org/@rolldown%2fbinding-linux-arm64-musl set size:undefined disposed:false
1310 http fetch GET 200 https://registry.npmjs.org/@rolldown%2fbinding-linux-arm-gnueabihf 65ms (cache miss)
1311 silly packumentCache full:https://registry.npmjs.org/@rolldown%2fbinding-linux-arm-gnueabihf set size:undefined disposed:false
1312 http fetch GET 200 https://registry.npmjs.org/@prisma%2fget-platform 474ms (cache miss)
1313 silly packumentCache full:https://registry.npmjs.org/@prisma%2fget-platform set size:undefined disposed:false
1314 silly placeDep ROOT @cloudflare/unenv-preset@2.16.1 OK for: @alchemy.run/cloudflare-runtime@2.0.0-beta.74 want: ^2.16.0
1315 silly placeDep ROOT @puppeteer/browsers@3.2.1 OK for: @alchemy.run/cloudflare-runtime@2.0.0-beta.74 want: ^3.2.0
1316 silly placeDep ROOT capnp-es@0.0.14 OK for: @alchemy.run/cloudflare-runtime@2.0.0-beta.74 want: ^0.0.14
1317 silly placeDep ROOT unenv@2.0.0-rc.24 OK for: @alchemy.run/cloudflare-runtime@2.0.0-beta.74 want: ^2.0.0-rc.24
1318 silly placeDep ROOT workerd@1.20260704.1 OK for: @alchemy.run/cloudflare-runtime@2.0.0-beta.74 want: 1.20260704.1
1319 silly placeDep ROOT yauzl@3.4.0 OK for: @alchemy.run/cloudflare-runtime@2.0.0-beta.74 want: ^3.4.0
1320 silly fetch manifest yargs@^18.0.0
1321 silly packumentCache full:https://registry.npmjs.org/yargs cache-miss
1322 silly fetch manifest modern-tar@^0.8.0
1323 silly packumentCache full:https://registry.npmjs.org/modern-tar cache-miss
1324 silly fetch manifest @cloudflare/workerd-linux-64@1.20260704.1
1325 silly packumentCache full:https://registry.npmjs.org/@cloudflare%2fworkerd-linux-64 cache-miss
1326 silly fetch manifest @cloudflare/workerd-darwin-64@1.20260704.1
1327 silly packumentCache full:https://registry.npmjs.org/@cloudflare%2fworkerd-darwin-64 cache-miss
1328 silly fetch manifest @cloudflare/workerd-windows-64@1.20260704.1
1329 silly packumentCache full:https://registry.npmjs.org/@cloudflare%2fworkerd-windows-64 cache-miss
1330 silly fetch manifest @cloudflare/workerd-linux-arm64@1.20260704.1
1331 silly packumentCache full:https://registry.npmjs.org/@cloudflare%2fworkerd-linux-arm64 cache-miss
1332 silly fetch manifest @cloudflare/workerd-darwin-arm64@1.20260704.1
1333 silly packumentCache full:https://registry.npmjs.org/@cloudflare%2fworkerd-darwin-arm64 cache-miss
1334 silly fetch manifest pend@~1.2.0
1335 silly packumentCache full:https://registry.npmjs.org/pend cache-miss
1336 http fetch GET 200 https://registry.npmjs.org/pend 27ms (cache miss)
1337 silly packumentCache full:https://registry.npmjs.org/pend set size:undefined disposed:false
1338 http fetch GET 200 https://registry.npmjs.org/modern-tar 31ms (cache miss)
1339 silly packumentCache full:https://registry.npmjs.org/modern-tar set size:undefined disposed:false
1340 http fetch GET 200 https://registry.npmjs.org/yargs 40ms (cache miss)
1341 silly packumentCache full:https://registry.npmjs.org/yargs set size:undefined disposed:false
1342 http fetch GET 200 https://registry.npmjs.org/@cloudflare%2fworkerd-linux-64 58ms (cache miss)
1343 silly packumentCache full:https://registry.npmjs.org/@cloudflare%2fworkerd-linux-64 set size:undefined disposed:false
1344 http fetch GET 200 https://registry.npmjs.org/@cloudflare%2fworkerd-windows-64 69ms (cache miss)
1345 silly packumentCache full:https://registry.npmjs.org/@cloudflare%2fworkerd-windows-64 set size:undefined disposed:false
1346 http fetch GET 200 https://registry.npmjs.org/@cloudflare%2fworkerd-linux-arm64 75ms (cache miss)
1347 silly packumentCache full:https://registry.npmjs.org/@cloudflare%2fworkerd-linux-arm64 set size:undefined disposed:false
1348 http fetch GET 200 https://registry.npmjs.org/@cloudflare%2fworkerd-darwin-64 89ms (cache miss)
1349 silly packumentCache full:https://registry.npmjs.org/@cloudflare%2fworkerd-darwin-64 set size:undefined disposed:false
1350 http fetch GET 200 https://registry.npmjs.org/@cloudflare%2fworkerd-darwin-arm64 94ms (cache miss)
1351 silly packumentCache full:https://registry.npmjs.org/@cloudflare%2fworkerd-darwin-arm64 set size:undefined disposed:false
1352 silly placeDep ROOT @aws-sdk/core@3.977.9 OK for: @aws-sdk/credential-providers@3.1120.0 want: ^3.977.9
1353 silly placeDep ROOT @aws-sdk/credential-provider-cognito-identity@3.972.69 OK for: @aws-sdk/credential-providers@3.1120.0 want: ^3.972.69
1354 silly placeDep ROOT @aws-sdk/credential-provider-env@3.972.70 OK for: @aws-sdk/credential-providers@3.1120.0 want: ^3.972.70
1355 silly placeDep ROOT @aws-sdk/credential-provider-http@3.972.72 OK for: @aws-sdk/credential-providers@3.1120.0 want: ^3.972.72
1356 silly placeDep ROOT @aws-sdk/credential-provider-ini@3.973.15 OK for: @aws-sdk/credential-providers@3.1120.0 want: ^3.973.15
1357 silly placeDep ROOT @aws-sdk/credential-provider-login@3.972.77 OK for: @aws-sdk/credential-providers@3.1120.0 want: ^3.972.77
1358 silly placeDep ROOT @aws-sdk/credential-provider-node@3.972.81 OK for: @aws-sdk/credential-providers@3.1120.0 want: ^3.972.81
1359 silly placeDep ROOT @aws-sdk/credential-provider-process@3.972.70 OK for: @aws-sdk/credential-providers@3.1120.0 want: ^3.972.70
1360 silly placeDep ROOT @aws-sdk/credential-provider-sso@3.973.14 OK for: @aws-sdk/credential-providers@3.1120.0 want: ^3.973.14
1361 silly placeDep ROOT @aws-sdk/credential-provider-web-identity@3.972.76 OK for: @aws-sdk/credential-providers@3.1120.0 want: ^3.972.76
1362 silly placeDep ROOT @aws-sdk/nested-clients@3.997.44 OK for: @aws-sdk/credential-providers@3.1120.0 want: ^3.997.44
1363 silly placeDep ROOT @aws-sdk/types@3.974.5 OK for: @aws-sdk/credential-providers@3.1120.0 want: ^3.974.5
1364 silly placeDep ROOT @smithy/core@3.33.3 OK for: @aws-sdk/credential-providers@3.1120.0 want: ^3.33.3
1365 silly placeDep ROOT @smithy/credential-provider-imds@4.5.2 OK for: @aws-sdk/credential-providers@3.1120.0 want: ^4.4.16
1366 silly fetch manifest bowser@^2.11.0
1367 silly packumentCache full:https://registry.npmjs.org/bowser cache-miss
1368 silly fetch manifest @aws-sdk/xml-builder@^3.972.40
1369 silly packumentCache full:https://registry.npmjs.org/@aws-sdk%2fxml-builder cache-miss
1370 silly fetch manifest @smithy/signature-v4@^5.6.12
1371 silly packumentCache full:https://registry.npmjs.org/@smithy%2fsignature-v4 cache-miss
1372 silly fetch manifest @aws/lambda-invoke-store@^0.3.0
1373 silly packumentCache full:https://registry.npmjs.org/@aws%2flambda-invoke-store cache-miss
1374 silly fetch manifest @smithy/node-http-handler@^4.11.3
1375 silly packumentCache full:https://registry.npmjs.org/@smithy%2fnode-http-handler cache-miss
1376 silly fetch manifest @smithy/fetch-http-handler@^5.7.2
1377 silly packumentCache full:https://registry.npmjs.org/@smithy%2ffetch-http-handler cache-miss
1378 silly fetch manifest @aws-sdk/token-providers@3.1116.0
1379 silly packumentCache full:https://registry.npmjs.org/@aws-sdk%2ftoken-providers cache-miss
1380 silly fetch manifest @smithy/node-http-handler@^4.11.3
1381 silly packumentCache full:https://registry.npmjs.org/@smithy%2fnode-http-handler cache-miss
1382 silly fetch manifest @smithy/fetch-http-handler@^5.7.2
1383 silly packumentCache full:https://registry.npmjs.org/@smithy%2ffetch-http-handler cache-miss
1384 silly fetch manifest @aws-sdk/signature-v4-multi-region@^3.996.46
1385 silly packumentCache full:https://registry.npmjs.org/@aws-sdk%2fsignature-v4-multi-region cache-miss
1386 http fetch GET 200 https://registry.npmjs.org/bowser 36ms (cache miss)
1387 silly packumentCache full:https://registry.npmjs.org/bowser set size:undefined disposed:false
1388 http fetch GET 200 https://registry.npmjs.org/@smithy%2ffetch-http-handler 43ms (cache miss)
1389 silly packumentCache full:https://registry.npmjs.org/@smithy%2ffetch-http-handler set size:undefined disposed:false
1390 http fetch GET 200 https://registry.npmjs.org/@aws-sdk%2fxml-builder 45ms (cache miss)
1391 silly packumentCache full:https://registry.npmjs.org/@aws-sdk%2fxml-builder set size:undefined disposed:false
1392 http fetch GET 200 https://registry.npmjs.org/@smithy%2fnode-http-handler 46ms (cache miss)
1393 silly packumentCache full:https://registry.npmjs.org/@smithy%2fnode-http-handler set size:undefined disposed:false
1394 http fetch GET 200 https://registry.npmjs.org/@aws%2flambda-invoke-store 48ms (cache miss)
1395 silly packumentCache full:https://registry.npmjs.org/@aws%2flambda-invoke-store set size:undefined disposed:false
1396 http fetch GET 200 https://registry.npmjs.org/@smithy%2fsignature-v4 49ms (cache miss)
1397 silly packumentCache full:https://registry.npmjs.org/@smithy%2fsignature-v4 set size:undefined disposed:false
1398 http fetch GET 200 https://registry.npmjs.org/@smithy%2fnode-http-handler 55ms (cache miss)
1399 silly packumentCache full:https://registry.npmjs.org/@smithy%2fnode-http-handler set size:undefined disposed:false
1400 http fetch GET 200 https://registry.npmjs.org/@aws-sdk%2fsignature-v4-multi-region 65ms (cache miss)
1401 silly packumentCache full:https://registry.npmjs.org/@aws-sdk%2fsignature-v4-multi-region set size:undefined disposed:false
1402 http fetch GET 200 https://registry.npmjs.org/@smithy%2ffetch-http-handler 78ms (cache miss)
1403 silly packumentCache full:https://registry.npmjs.org/@smithy%2ffetch-http-handler set size:undefined disposed:false
1404 http fetch GET 200 https://registry.npmjs.org/@aws-sdk%2ftoken-providers 218ms (cache miss)
1405 silly packumentCache full:https://registry.npmjs.org/@aws-sdk%2ftoken-providers set size:undefined disposed:false
1406 silly placeDep ROOT @aws-sdk/xml-builder@3.972.40 OK for: @aws-sdk/core@3.977.9 want: ^3.972.40
1407 silly placeDep ROOT @aws/lambda-invoke-store@0.3.0 OK for: @aws-sdk/core@3.977.9 want: ^0.3.0
1408 silly placeDep ROOT @smithy/signature-v4@5.7.3 OK for: @aws-sdk/core@3.977.9 want: ^5.6.12
1409 silly placeDep ROOT bowser@2.14.1 OK for: @aws-sdk/core@3.977.9 want: ^2.11.0
1410 silly placeDep ROOT @smithy/fetch-http-handler@5.7.2 OK for: @aws-sdk/credential-provider-http@3.972.72 want: ^5.7.2
1411 silly placeDep ROOT @smithy/node-http-handler@4.11.3 OK for: @aws-sdk/credential-provider-http@3.972.72 want: ^4.11.3
1412 silly placeDep ROOT @aws-sdk/token-providers@3.1116.0 OK for: @aws-sdk/credential-provider-sso@3.973.14 want: 3.1116.0
1413 silly placeDep ROOT @aws-sdk/signature-v4-multi-region@3.996.46 OK for: @aws-sdk/nested-clients@3.997.44 want: ^3.996.46
1414 silly placeDep ROOT @aws-crypto/crc32@5.2.0 OK for: @distilled.cloud/aws@1.0.0-rc.6 want: ^5.2.0
1415 silly placeDep ROOT @aws-crypto/util@5.2.0 OK for: @distilled.cloud/aws@1.0.0-rc.6 want: ^5.2.0
1416 silly placeDep ROOT @smithy/util-base64@4.6.2 OK for: @distilled.cloud/aws@1.0.0-rc.6 want: ^4.3.0
1417 silly fetch manifest @smithy/util-utf8@^2.0.0
1418 silly packumentCache full:https://registry.npmjs.org/@smithy%2futil-utf8 cache-miss
1419 http fetch GET 200 https://registry.npmjs.org/@smithy%2futil-utf8 60ms (cache miss)
1420 silly packumentCache full:https://registry.npmjs.org/@smithy%2futil-utf8 set size:undefined disposed:false
1421 silly placeDep ROOT @smithy/util-utf8@2.3.0 OK for: @aws-crypto/util@5.2.0 want: ^2.0.0
1422 silly fetch manifest @smithy/util-buffer-from@^2.2.0
1423 silly packumentCache full:https://registry.npmjs.org/@smithy%2futil-buffer-from cache-miss
1424 http fetch GET 200 https://registry.npmjs.org/@smithy%2futil-buffer-from 52ms (cache miss)
1425 silly packumentCache full:https://registry.npmjs.org/@smithy%2futil-buffer-from set size:undefined disposed:false
1426 silly placeDep ROOT @libsql/core@0.17.4 OK for: @libsql/client@0.17.4 want: ^0.17.4
1427 silly placeDep ROOT @libsql/hrana-client@0.10.0 OK for: @libsql/client@0.17.4 want: ^0.10.0
1428 silly placeDep ROOT js-base64@3.9.3 OK for: @libsql/client@0.17.4 want: ^3.7.5
1429 silly placeDep ROOT libsql@0.5.29 OK for: @libsql/client@0.17.4 want: ^0.5.28
1430 silly placeDep ROOT promise-limit@2.7.0 OK for: @libsql/client@0.17.4 want: ^2.7.0
1431 silly fetch manifest @libsql/isomorphic-ws@^0.1.5
1432 silly packumentCache full:https://registry.npmjs.org/@libsql%2fisomorphic-ws cache-miss
1433 silly fetch manifest detect-libc@2.0.2
1434 silly packumentCache full:https://registry.npmjs.org/detect-libc cache-miss
1435 silly fetch manifest @neon-rs/load@^0.0.4
1436 silly packumentCache full:https://registry.npmjs.org/@neon-rs%2fload cache-miss
1437 silly fetch manifest @libsql/darwin-x64@0.5.29
1438 silly packumentCache full:https://registry.npmjs.org/@libsql%2fdarwin-x64 cache-miss
1439 silly fetch manifest @libsql/darwin-arm64@0.5.29
1440 silly packumentCache full:https://registry.npmjs.org/@libsql%2fdarwin-arm64 cache-miss
1441 silly fetch manifest @libsql/linux-x64-gnu@0.5.29
1442 silly packumentCache full:https://registry.npmjs.org/@libsql%2flinux-x64-gnu cache-miss
1443 silly fetch manifest @libsql/linux-x64-musl@0.5.29
1444 silly packumentCache full:https://registry.npmjs.org/@libsql%2flinux-x64-musl cache-miss
1445 silly fetch manifest @libsql/win32-x64-msvc@0.5.29
1446 silly packumentCache full:https://registry.npmjs.org/@libsql%2fwin32-x64-msvc cache-miss
1447 silly fetch manifest @libsql/linux-arm64-gnu@0.5.29
1448 silly packumentCache full:https://registry.npmjs.org/@libsql%2flinux-arm64-gnu cache-miss
1449 silly fetch manifest @libsql/linux-arm64-musl@0.5.29
1450 silly packumentCache full:https://registry.npmjs.org/@libsql%2flinux-arm64-musl cache-miss
1451 silly fetch manifest @libsql/linux-arm-gnueabihf@0.5.29
1452 silly packumentCache full:https://registry.npmjs.org/@libsql%2flinux-arm-gnueabihf cache-miss
1453 http cache https://registry.npmjs.org/detect-libc 8ms (cache hit)
1454 silly packumentCache full:https://registry.npmjs.org/detect-libc set size:47861 disposed:false
1455 silly fetch manifest @libsql/linux-arm-musleabihf@0.5.29
1456 silly packumentCache full:https://registry.npmjs.org/@libsql%2flinux-arm-musleabihf cache-miss
1457 http fetch GET 200 https://registry.npmjs.org/@libsql%2fisomorphic-ws 41ms (cache miss)
1458 silly packumentCache full:https://registry.npmjs.org/@libsql%2fisomorphic-ws set size:undefined disposed:false
1459 http fetch GET 200 https://registry.npmjs.org/@libsql%2flinux-x64-musl 64ms (cache miss)
1460 silly packumentCache full:https://registry.npmjs.org/@libsql%2flinux-x64-musl set size:undefined disposed:false
1461 http fetch GET 200 https://registry.npmjs.org/@libsql%2fdarwin-arm64 188ms (cache miss)
1462 silly packumentCache full:https://registry.npmjs.org/@libsql%2fdarwin-arm64 set size:undefined disposed:false
1463 http fetch GET 200 https://registry.npmjs.org/@libsql%2flinux-x64-gnu 191ms (cache miss)
1464 silly packumentCache full:https://registry.npmjs.org/@libsql%2flinux-x64-gnu set size:undefined disposed:false
1465 http fetch GET 200 https://registry.npmjs.org/@libsql%2fdarwin-x64 198ms (cache miss)
1466 silly packumentCache full:https://registry.npmjs.org/@libsql%2fdarwin-x64 set size:undefined disposed:false
1467 http fetch GET 200 https://registry.npmjs.org/@libsql%2fwin32-x64-msvc 200ms (cache miss)
1468 silly packumentCache full:https://registry.npmjs.org/@libsql%2fwin32-x64-msvc set size:undefined disposed:false
1469 http fetch GET 200 https://registry.npmjs.org/@libsql%2flinux-arm-musleabihf 218ms (cache miss)
1470 silly packumentCache full:https://registry.npmjs.org/@libsql%2flinux-arm-musleabihf set size:undefined disposed:false
1471 http fetch GET 200 https://registry.npmjs.org/@libsql%2flinux-arm-gnueabihf 227ms (cache miss)
1472 silly packumentCache full:https://registry.npmjs.org/@libsql%2flinux-arm-gnueabihf set size:undefined disposed:false
1473 http fetch GET 200 https://registry.npmjs.org/@neon-rs%2fload 350ms (cache miss)
1474 silly packumentCache full:https://registry.npmjs.org/@neon-rs%2fload set size:undefined disposed:false
1475 http fetch GET 200 https://registry.npmjs.org/@libsql%2flinux-arm64-gnu 358ms (cache miss)
1476 silly packumentCache full:https://registry.npmjs.org/@libsql%2flinux-arm64-gnu set size:undefined disposed:false
1477 http fetch GET 200 https://registry.npmjs.org/@libsql%2flinux-arm64-musl 397ms (cache miss)
1478 silly packumentCache full:https://registry.npmjs.org/@libsql%2flinux-arm64-musl set size:undefined disposed:false
1479 silly placeDep ROOT @libsql/isomorphic-ws@0.1.5 OK for: @libsql/hrana-client@0.10.0 want: ^0.1.5
1480 silly fetch manifest @types/ws@^8.5.4
1481 silly packumentCache full:https://registry.npmjs.org/@types%2fws cache-miss
1482 http fetch GET 200 https://registry.npmjs.org/@types%2fws 35ms (cache miss)
1483 silly packumentCache full:https://registry.npmjs.org/@types%2fws set size:undefined disposed:false
1484 silly placeDep ROOT @types/ws@8.18.1 OK for: @libsql/isomorphic-ws@0.1.5 want: ^8.5.4
1485 silly placeDep ROOT @octokit/core@7.0.7 OK for: @octokit/rest@22.0.1 want: ^7.0.6
1486 silly placeDep ROOT @octokit/plugin-paginate-rest@14.0.0 OK for: @octokit/rest@22.0.1 want: ^14.0.0
1487 silly placeDep ROOT @octokit/plugin-request-log@6.0.0 OK for: @octokit/rest@22.0.1 want: ^6.0.0
1488 silly placeDep ROOT @octokit/plugin-rest-endpoint-methods@17.0.0 OK for: @octokit/rest@22.0.1 want: ^17.0.0
1489 silly fetch manifest @octokit/types@^17.0.0
1490 silly packumentCache full:https://registry.npmjs.org/@octokit%2ftypes cache-miss
1491 silly fetch manifest @octokit/graphql@^9.0.4
1492 silly packumentCache full:https://registry.npmjs.org/@octokit%2fgraphql cache-miss
1493 silly fetch manifest @octokit/request@^10.0.13
1494 silly packumentCache full:https://registry.npmjs.org/@octokit%2frequest cache-miss
1495 silly fetch manifest before-after-hook@^4.0.0
1496 silly packumentCache full:https://registry.npmjs.org/before-after-hook cache-miss
1497 silly fetch manifest @octokit/auth-token@^6.0.0
1498 silly packumentCache full:https://registry.npmjs.org/@octokit%2fauth-token cache-miss
1499 silly fetch manifest universal-user-agent@^7.0.0
1500 silly packumentCache full:https://registry.npmjs.org/universal-user-agent cache-miss
1501 silly fetch manifest @octokit/request-error@^7.1.1
1502 silly packumentCache full:https://registry.npmjs.org/@octokit%2frequest-error cache-miss
1503 silly fetch manifest @octokit/types@^16.0.0
1504 silly packumentCache full:https://registry.npmjs.org/@octokit%2ftypes cache-miss
1505 silly fetch manifest @octokit/types@^16.0.0
1506 silly packumentCache full:https://registry.npmjs.org/@octokit%2ftypes cache-miss
1507 http cache https://registry.npmjs.org/@octokit%2frequest-error 5ms (cache hit)
1508 silly packumentCache full:https://registry.npmjs.org/@octokit%2frequest-error set size:131446 disposed:false
1509 http fetch GET 200 https://registry.npmjs.org/@octokit%2fauth-token 44ms (cache miss)
1510 silly packumentCache full:https://registry.npmjs.org/@octokit%2fauth-token set size:undefined disposed:false
1511 http fetch GET 200 https://registry.npmjs.org/universal-user-agent 49ms (cache miss)
1512 silly packumentCache full:https://registry.npmjs.org/universal-user-agent set size:undefined disposed:false
1513 http fetch GET 200 https://registry.npmjs.org/before-after-hook 50ms (cache miss)
1514 silly packumentCache full:https://registry.npmjs.org/before-after-hook set size:undefined disposed:false
1515 http fetch GET 200 https://registry.npmjs.org/@octokit%2fgraphql 54ms (cache miss)
1516 silly packumentCache full:https://registry.npmjs.org/@octokit%2fgraphql set size:undefined disposed:false
1517 http fetch GET 200 https://registry.npmjs.org/@octokit%2frequest 56ms (cache miss)
1518 silly packumentCache full:https://registry.npmjs.org/@octokit%2frequest set size:undefined disposed:false
1519 http fetch GET 200 https://registry.npmjs.org/@octokit%2ftypes 60ms (cache miss)
1520 silly packumentCache full:https://registry.npmjs.org/@octokit%2ftypes set size:undefined disposed:false
1521 http fetch GET 200 https://registry.npmjs.org/@octokit%2ftypes 65ms (cache miss)
1522 silly packumentCache full:https://registry.npmjs.org/@octokit%2ftypes set size:undefined disposed:false
1523 http fetch GET 200 https://registry.npmjs.org/@octokit%2ftypes 73ms (cache miss)
1524 silly packumentCache full:https://registry.npmjs.org/@octokit%2ftypes set size:undefined disposed:false
1525 silly placeDep ROOT @octokit/auth-token@6.0.0 OK for: @octokit/core@7.0.7 want: ^6.0.0
1526 silly placeDep ROOT @octokit/graphql@9.0.4 OK for: @octokit/core@7.0.7 want: ^9.0.4
1527 silly placeDep ROOT @octokit/request@10.0.15 OK for: @octokit/core@7.0.7 want: ^10.0.13
1528 silly placeDep ROOT @octokit/request-error@7.1.1 OK for: @octokit/core@7.0.7 want: ^7.1.1
1529 silly placeDep ROOT @octokit/types@17.0.0 OK for: @octokit/core@7.0.7 want: ^17.0.0
1530 silly placeDep ROOT before-after-hook@4.0.0 OK for: @octokit/core@7.0.7 want: ^4.0.0
1531 silly placeDep ROOT universal-user-agent@7.0.3 OK for: @octokit/core@7.0.7 want: ^7.0.0
1532 silly fetch manifest content-type@^3.0.0
1533 silly packumentCache full:https://registry.npmjs.org/content-type cache-miss
1534 silly fetch manifest json-with-bigint@^3.5.12
1535 silly packumentCache full:https://registry.npmjs.org/json-with-bigint cache-miss
1536 silly fetch manifest @octokit/endpoint@^11.0.3
1537 silly packumentCache full:https://registry.npmjs.org/@octokit%2fendpoint cache-miss
1538 silly fetch manifest universal-user-agent@^7.0.2
1539 silly packumentCache full:https://registry.npmjs.org/universal-user-agent cache-miss
1540 silly fetch manifest @octokit/openapi-types@^28.0.0
1541 silly packumentCache full:https://registry.npmjs.org/@octokit%2fopenapi-types cache-miss
1542 http cache https://registry.npmjs.org/universal-user-agent 6ms (cache hit)
1543 silly packumentCache full:https://registry.npmjs.org/universal-user-agent set size:44336 disposed:false
1544 http fetch GET 200 https://registry.npmjs.org/content-type 28ms (cache miss)
1545 silly packumentCache full:https://registry.npmjs.org/content-type set size:undefined disposed:false
1546 http fetch GET 200 https://registry.npmjs.org/json-with-bigint 33ms (cache miss)
1547 silly packumentCache full:https://registry.npmjs.org/json-with-bigint set size:undefined disposed:false
1548 http fetch GET 200 https://registry.npmjs.org/@octokit%2fendpoint 46ms (cache miss)
1549 silly packumentCache full:https://registry.npmjs.org/@octokit%2fendpoint set size:undefined disposed:false
1550 http fetch GET 200 https://registry.npmjs.org/@octokit%2fopenapi-types 53ms (cache miss)
1551 silly packumentCache full:https://registry.npmjs.org/@octokit%2fopenapi-types set size:undefined disposed:false
1552 silly placeDep node_modules/@octokit/plugin-paginate-rest @octokit/types@16.0.0 OK for: @octokit/plugin-paginate-rest@14.0.0 want: ^16.0.0
1553 silly fetch manifest @octokit/openapi-types@^27.0.0
1554 silly packumentCache full:https://registry.npmjs.org/@octokit%2fopenapi-types cache-miss
1555 http cache https://registry.npmjs.org/@octokit%2fopenapi-types 2ms (cache hit)
1556 silly packumentCache full:https://registry.npmjs.org/@octokit%2fopenapi-types set size:400001 disposed:false
1557 silly placeDep node_modules/@octokit/plugin-rest-endpoint-methods @octokit/types@16.0.0 OK for: @octokit/plugin-rest-endpoint-methods@17.0.0 want: ^16.0.0
1558 silly placeDep ROOT @octokit/endpoint@11.0.4 OK for: @octokit/request@10.0.15 want: ^11.0.3
1559 silly placeDep ROOT content-type@3.0.0 OK for: @octokit/request@10.0.15 want: ^3.0.0
1560 silly placeDep ROOT json-with-bigint@3.5.12 OK for: @octokit/request@10.0.15 want: ^3.5.12
1561 silly placeDep ROOT @octokit/openapi-types@28.0.0 OK for: @octokit/types@17.0.0 want: ^28.0.0
1562 silly placeDep ROOT @octokit/openapi-webhooks-types@12.1.0 OK for: @octokit/webhooks@14.2.0 want: 12.1.0
1563 silly placeDep ROOT @octokit/webhooks-methods@6.0.0 OK for: @octokit/webhooks@14.2.0 want: ^6.0.0
1564 silly placeDep ROOT @electric-sql/pglite@0.3.15 OK for: @prisma/dev@0.20.0 want: 0.3.15
1565 silly placeDep ROOT @electric-sql/pglite-socket@0.0.20 OK for: @prisma/dev@0.20.0 want: 0.0.20
1566 silly placeDep ROOT @electric-sql/pglite-tools@0.2.20 OK for: @prisma/dev@0.20.0 want: 0.2.20
1567 silly placeDep ROOT @hono/node-server@1.19.9 OK for: @prisma/dev@0.20.0 want: 1.19.9
1568 silly placeDep ROOT @mrleebo/prisma-ast@0.13.1 OK for: @prisma/dev@0.20.0 want: 0.13.1
1569 silly placeDep ROOT @prisma/get-platform@7.2.0 OK for: @prisma/dev@0.20.0 want: 7.2.0
1570 silly placeDep ROOT @prisma/query-plan-executor@7.2.0 OK for: @prisma/dev@0.20.0 want: 7.2.0
1571 silly placeDep ROOT foreground-child@3.3.1 OK for: @prisma/dev@0.20.0 want: 3.3.1
1572 silly placeDep ROOT get-port-please@3.2.0 OK for: @prisma/dev@0.20.0 want: 3.2.0
1573 silly placeDep ROOT hono@4.11.4 OK for: @prisma/dev@0.20.0 want: 4.11.4
1574 silly placeDep ROOT http-status-codes@2.3.0 OK for: @prisma/dev@0.20.0 want: 2.3.0
1575 silly placeDep ROOT proper-lockfile@4.1.2 OK for: @prisma/dev@0.20.0 want: 4.1.2
1576 silly placeDep ROOT remeda@2.33.4 OK for: @prisma/dev@0.20.0 want: 2.33.4
1577 silly placeDep ROOT std-env@3.10.0 OK for: @prisma/dev@0.20.0 want: 3.10.0
1578 silly placeDep ROOT valibot@1.2.0 OK for: @prisma/dev@0.20.0 want: 1.2.0
1579 silly placeDep ROOT zeptomatch@2.1.0 OK for: @prisma/dev@0.20.0 want: 2.1.0
1580 silly fetch manifest lilconfig@^2.1.0
1581 silly packumentCache full:https://registry.npmjs.org/lilconfig cache-miss
1582 silly fetch manifest chevrotain@^10.5.0
1583 silly packumentCache full:https://registry.npmjs.org/chevrotain cache-miss
1584 silly fetch manifest @prisma/debug@7.2.0
1585 silly packumentCache full:https://registry.npmjs.org/@prisma%2fdebug cache-miss
1586 silly fetch manifest signal-exit@^4.0.1
1587 silly packumentCache full:https://registry.npmjs.org/signal-exit cache-hit
1588 silly fetch manifest retry@^0.12.0
1589 silly packumentCache full:https://registry.npmjs.org/retry cache-miss
1590 silly fetch manifest signal-exit@^3.0.2
1591 silly packumentCache full:https://registry.npmjs.org/signal-exit cache-hit
1592 silly fetch manifest grammex@^3.1.11
1593 silly packumentCache full:https://registry.npmjs.org/grammex cache-miss
1594 silly fetch manifest graphmatch@^1.1.0
1595 silly packumentCache full:https://registry.npmjs.org/graphmatch cache-miss
1596 http fetch GET 200 https://registry.npmjs.org/retry 29ms (cache miss)
1597 silly packumentCache full:https://registry.npmjs.org/retry set size:undefined disposed:false
1598 http fetch GET 200 https://registry.npmjs.org/grammex 30ms (cache miss)
1599 silly packumentCache full:https://registry.npmjs.org/grammex set size:undefined disposed:false
1600 http fetch GET 200 https://registry.npmjs.org/graphmatch 32ms (cache miss)
1601 silly packumentCache full:https://registry.npmjs.org/graphmatch set size:undefined disposed:false
1602 http fetch GET 200 https://registry.npmjs.org/lilconfig 37ms (cache miss)
1603 silly packumentCache full:https://registry.npmjs.org/lilconfig set size:undefined disposed:false
1604 http fetch GET 200 https://registry.npmjs.org/chevrotain 37ms (cache miss)
1605 silly packumentCache full:https://registry.npmjs.org/chevrotain set size:undefined disposed:false
1606 http fetch GET 200 https://registry.npmjs.org/@prisma%2fdebug 651ms (cache miss)
1607 silly packumentCache full:https://registry.npmjs.org/@prisma%2fdebug set size:undefined disposed:false
1608 silly placeDep ROOT chevrotain@10.5.0 OK for: @mrleebo/prisma-ast@0.13.1 want: ^10.5.0
1609 silly placeDep ROOT lilconfig@2.1.0 OK for: @mrleebo/prisma-ast@0.13.1 want: ^2.1.0
1610 silly fetch manifest lodash@4.17.21
1611 silly packumentCache full:https://registry.npmjs.org/lodash cache-miss
1612 silly fetch manifest regexp-to-ast@0.5.0
1613 silly packumentCache full:https://registry.npmjs.org/regexp-to-ast cache-miss
1614 silly fetch manifest @chevrotain/gast@10.5.0
1615 silly packumentCache full:https://registry.npmjs.org/@chevrotain%2fgast cache-miss
1616 silly fetch manifest @chevrotain/types@10.5.0
1617 silly packumentCache full:https://registry.npmjs.org/@chevrotain%2ftypes cache-miss
1618 silly fetch manifest @chevrotain/utils@10.5.0
1619 silly packumentCache full:https://registry.npmjs.org/@chevrotain%2futils cache-miss
1620 silly fetch manifest @chevrotain/cst-dts-gen@10.5.0
1621 silly packumentCache full:https://registry.npmjs.org/@chevrotain%2fcst-dts-gen cache-miss
1622 http fetch GET 200 https://registry.npmjs.org/regexp-to-ast 31ms (cache miss)
1623 silly packumentCache full:https://registry.npmjs.org/regexp-to-ast set size:undefined disposed:false
1624 http fetch GET 200 https://registry.npmjs.org/lodash 39ms (cache miss)
1625 silly packumentCache full:https://registry.npmjs.org/lodash set size:undefined disposed:false
1626 http fetch GET 200 https://registry.npmjs.org/@chevrotain%2fcst-dts-gen 41ms (cache miss)
1627 silly packumentCache full:https://registry.npmjs.org/@chevrotain%2fcst-dts-gen set size:undefined disposed:false
1628 http fetch GET 200 https://registry.npmjs.org/@chevrotain%2futils 191ms (cache miss)
1629 silly packumentCache full:https://registry.npmjs.org/@chevrotain%2futils set size:undefined disposed:false
1630 http fetch GET 200 https://registry.npmjs.org/@chevrotain%2ftypes 207ms (cache miss)
1631 silly packumentCache full:https://registry.npmjs.org/@chevrotain%2ftypes set size:undefined disposed:false
1632 http fetch GET 200 https://registry.npmjs.org/@chevrotain%2fgast 237ms (cache miss)
1633 silly packumentCache full:https://registry.npmjs.org/@chevrotain%2fgast set size:undefined disposed:false
1634 silly placeDep ROOT @prisma/debug@7.2.0 OK for: @prisma/get-platform@7.2.0 want: 7.2.0
1635 silly placeDep ROOT modern-tar@0.8.4 OK for: @puppeteer/browsers@3.2.1 want: ^0.8.0
1636 silly placeDep ROOT yargs@18.1.0 OK for: @puppeteer/browsers@3.2.1 want: ^18.0.0
1637 silly fetch manifest y18n@^5.0.5
1638 silly packumentCache full:https://registry.npmjs.org/y18n cache-miss
1639 silly fetch manifest cliui@^9.0.1
1640 silly packumentCache full:https://registry.npmjs.org/cliui cache-miss
1641 silly fetch manifest yargs-parser@^22.0.0
1642 silly packumentCache full:https://registry.npmjs.org/yargs-parser cache-miss
1643 silly fetch manifest get-caller-file@^2.0.5
1644 silly packumentCache full:https://registry.npmjs.org/get-caller-file cache-miss
1645 http fetch GET 200 https://registry.npmjs.org/y18n 29ms (cache miss)
1646 silly packumentCache full:https://registry.npmjs.org/y18n set size:undefined disposed:false
1647 http fetch GET 200 https://registry.npmjs.org/get-caller-file 30ms (cache miss)
1648 silly packumentCache full:https://registry.npmjs.org/get-caller-file set size:undefined disposed:false
1649 http fetch GET 200 https://registry.npmjs.org/cliui 30ms (cache miss)
1650 silly packumentCache full:https://registry.npmjs.org/cliui set size:undefined disposed:false
1651 http fetch GET 200 https://registry.npmjs.org/yargs-parser 41ms (cache miss)
1652 silly packumentCache full:https://registry.npmjs.org/yargs-parser set size:undefined disposed:false
1653 silly placeDep ROOT @smithy/util-buffer-from@2.2.0 OK for: @smithy/util-utf8@2.3.0 want: ^2.2.0
1654 silly fetch manifest @smithy/is-array-buffer@^2.2.0
1655 silly packumentCache full:https://registry.npmjs.org/@smithy%2fis-array-buffer cache-miss
1656 http fetch GET 200 https://registry.npmjs.org/@smithy%2fis-array-buffer 271ms (cache miss)
1657 silly packumentCache full:https://registry.npmjs.org/@smithy%2fis-array-buffer set size:undefined disposed:false
1658 silly placeDep ROOT @smithy/is-array-buffer@2.2.0 OK for: @smithy/util-buffer-from@2.2.0 want: ^2.2.0
1659 silly placeDep ROOT @ark/schema@0.56.2 OK for: arktype@2.2.3 want: 0.56.2
1660 silly placeDep ROOT @ark/util@0.56.2 OK for: arktype@2.2.3 want: 0.56.2
1661 silly placeDep ROOT arkregex@0.0.8 OK for: arktype@2.2.3 want: 0.0.8
1662 silly placeDep ROOT file-uri-to-path@1.0.0 OK for: bindings@1.5.0 want: 1.0.0
1663 silly placeDep ROOT chokidar@5.0.0 OK for: c12@3.3.4 want: ^5.0.0
1664 silly placeDep ROOT confbox@0.2.4 OK for: c12@3.3.4 want: ^0.2.4
1665 silly placeDep ROOT defu@6.1.7 OK for: c12@3.3.4 want: ^6.1.6
1666 silly placeDep ROOT exsolve@1.1.1 OK for: c12@3.3.4 want: ^1.0.8
1667 silly placeDep ROOT giget@3.3.1 OK for: c12@3.3.4 want: ^3.2.0
1668 silly placeDep ROOT ohash@2.0.12 OK for: c12@3.3.4 want: ^2.0.11
1669 silly placeDep ROOT perfect-debounce@2.1.0 OK for: c12@3.3.4 want: ^2.1.0
1670 silly placeDep ROOT pkg-types@2.3.1 OK for: c12@3.3.4 want: ^2.3.0
1671 silly placeDep ROOT rc9@3.0.1 OK for: c12@3.3.4 want: ^3.0.1
1672 silly fetch manifest readdirp@^5.0.0
1673 silly packumentCache full:https://registry.npmjs.org/readdirp cache-miss
1674 silly fetch manifest destr@^2.0.5
1675 silly packumentCache full:https://registry.npmjs.org/destr cache-miss
1676 http fetch GET 200 https://registry.npmjs.org/readdirp 30ms (cache miss)
1677 silly packumentCache full:https://registry.npmjs.org/readdirp set size:undefined disposed:false
1678 http fetch GET 200 https://registry.npmjs.org/destr 39ms (cache miss)
1679 silly packumentCache full:https://registry.npmjs.org/destr set size:undefined disposed:false
1680 silly placeDep ROOT @chevrotain/cst-dts-gen@10.5.0 OK for: chevrotain@10.5.0 want: 10.5.0
1681 silly placeDep ROOT @chevrotain/gast@10.5.0 OK for: chevrotain@10.5.0 want: 10.5.0
1682 silly placeDep ROOT @chevrotain/types@10.5.0 OK for: chevrotain@10.5.0 want: 10.5.0
1683 silly placeDep ROOT @chevrotain/utils@10.5.0 OK for: chevrotain@10.5.0 want: 10.5.0
1684 silly placeDep ROOT lodash@4.17.21 OK for: chevrotain@10.5.0 want: 4.17.21
1685 silly placeDep ROOT regexp-to-ast@0.5.0 OK for: chevrotain@10.5.0 want: 0.5.0
1686 silly placeDep ROOT readdirp@5.1.1 OK for: chokidar@5.0.0 want: ^5.0.0
1687 silly placeDep ROOT typanion@3.14.0 OK for: clipanion@4.0.0-rc.4 want: ^3.8.0
1688 silly placeDep ROOT fast-check@4.9.0 OK for: effect@4.0.0-rc.112 want: ^4.9.0
1689 silly placeDep ROOT msgpackr@2.1.0 OK for: effect@4.0.0-rc.112 want: ^2.0.5
1690 silly fetch manifest pure-rand@^8.0.0
1691 silly packumentCache full:https://registry.npmjs.org/pure-rand cache-miss
1692 silly fetch manifest msgpackr-extract@^3.0.4
1693 silly packumentCache full:https://registry.npmjs.org/msgpackr-extract cache-miss
1694 http fetch GET 200 https://registry.npmjs.org/pure-rand 33ms (cache miss)
1695 silly packumentCache full:https://registry.npmjs.org/pure-rand set size:undefined disposed:false
1696 http fetch GET 200 https://registry.npmjs.org/msgpackr-extract 35ms (cache miss)
1697 silly packumentCache full:https://registry.npmjs.org/msgpackr-extract set size:undefined disposed:false
1698 silly placeDep ROOT @esbuild/aix-ppc64@0.28.2 OK for: esbuild@0.28.2 want: 0.28.2
1699 silly placeDep ROOT @esbuild/android-arm@0.28.2 OK for: esbuild@0.28.2 want: 0.28.2
1700 silly placeDep ROOT @esbuild/android-arm64@0.28.2 OK for: esbuild@0.28.2 want: 0.28.2
1701 silly placeDep ROOT @esbuild/android-x64@0.28.2 OK for: esbuild@0.28.2 want: 0.28.2
1702 silly placeDep ROOT @esbuild/darwin-arm64@0.28.2 OK for: esbuild@0.28.2 want: 0.28.2
1703 silly placeDep ROOT @esbuild/darwin-x64@0.28.2 OK for: esbuild@0.28.2 want: 0.28.2
1704 silly placeDep ROOT @esbuild/freebsd-arm64@0.28.2 OK for: esbuild@0.28.2 want: 0.28.2
1705 silly placeDep ROOT @esbuild/freebsd-x64@0.28.2 OK for: esbuild@0.28.2 want: 0.28.2
1706 silly placeDep ROOT @esbuild/linux-arm@0.28.2 OK for: esbuild@0.28.2 want: 0.28.2
1707 silly placeDep ROOT @esbuild/linux-arm64@0.28.2 OK for: esbuild@0.28.2 want: 0.28.2
1708 silly placeDep ROOT @esbuild/linux-ia32@0.28.2 OK for: esbuild@0.28.2 want: 0.28.2
1709 silly placeDep ROOT @esbuild/linux-loong64@0.28.2 OK for: esbuild@0.28.2 want: 0.28.2
1710 silly placeDep ROOT @esbuild/linux-mips64el@0.28.2 OK for: esbuild@0.28.2 want: 0.28.2
1711 silly placeDep ROOT @esbuild/linux-ppc64@0.28.2 OK for: esbuild@0.28.2 want: 0.28.2
1712 silly placeDep ROOT @esbuild/linux-riscv64@0.28.2 OK for: esbuild@0.28.2 want: 0.28.2
1713 silly placeDep ROOT @esbuild/linux-s390x@0.28.2 OK for: esbuild@0.28.2 want: 0.28.2
1714 silly placeDep ROOT @esbuild/linux-x64@0.28.2 OK for: esbuild@0.28.2 want: 0.28.2
1715 silly placeDep ROOT @esbuild/netbsd-arm64@0.28.2 OK for: esbuild@0.28.2 want: 0.28.2
1716 silly placeDep ROOT @esbuild/netbsd-x64@0.28.2 OK for: esbuild@0.28.2 want: 0.28.2
1717 silly placeDep ROOT @esbuild/openbsd-arm64@0.28.2 OK for: esbuild@0.28.2 want: 0.28.2
1718 silly placeDep ROOT @esbuild/openbsd-x64@0.28.2 OK for: esbuild@0.28.2 want: 0.28.2
1719 silly placeDep ROOT @esbuild/openharmony-arm64@0.28.2 OK for: esbuild@0.28.2 want: 0.28.2
1720 silly placeDep ROOT @esbuild/sunos-x64@0.28.2 OK for: esbuild@0.28.2 want: 0.28.2
1721 silly placeDep ROOT @esbuild/win32-arm64@0.28.2 OK for: esbuild@0.28.2 want: 0.28.2
1722 silly placeDep ROOT @esbuild/win32-ia32@0.28.2 OK for: esbuild@0.28.2 want: 0.28.2
1723 silly placeDep ROOT @esbuild/win32-x64@0.28.2 OK for: esbuild@0.28.2 want: 0.28.2
1724 silly placeDep ROOT @sindresorhus/merge-streams@4.0.0 OK for: execa@9.6.1 want: ^4.0.0
1725 silly placeDep ROOT figures@6.1.0 OK for: execa@9.6.1 want: ^6.1.0
1726 silly placeDep ROOT get-stream@9.0.1 OK for: execa@9.6.1 want: ^9.0.0
1727 silly placeDep ROOT human-signals@8.0.1 OK for: execa@9.6.1 want: ^8.0.1
1728 silly placeDep ROOT is-plain-obj@4.1.0 OK for: execa@9.6.1 want: ^4.1.0
1729 silly placeDep ROOT is-stream@4.0.1 OK for: execa@9.6.1 want: ^4.0.1
1730 silly placeDep ROOT npm-run-path@6.0.0 OK for: execa@9.6.1 want: ^6.0.0
1731 silly placeDep ROOT pretty-ms@9.3.0 OK for: execa@9.6.1 want: ^9.2.0
1732 silly placeDep ROOT signal-exit@4.1.0 OK for: execa@9.6.1 want: ^4.1.0
1733 silly placeDep ROOT strip-final-newline@4.0.0 OK for: execa@9.6.1 want: ^4.0.0
1734 silly placeDep ROOT yoctocolors@2.2.0 OK for: execa@9.6.1 want: ^2.1.1
1735 silly fetch manifest is-unicode-supported@^2.0.0
1736 silly packumentCache full:https://registry.npmjs.org/is-unicode-supported cache-miss
1737 silly fetch manifest @sec-ant/readable-stream@^0.4.1
1738 silly packumentCache full:https://registry.npmjs.org/@sec-ant%2freadable-stream cache-miss
1739 silly fetch manifest path-key@^4.0.0
1740 silly packumentCache full:https://registry.npmjs.org/path-key cache-miss
1741 silly fetch manifest unicorn-magic@^0.3.0
1742 silly packumentCache full:https://registry.npmjs.org/unicorn-magic cache-miss
1743 silly fetch manifest parse-ms@^4.0.0
1744 silly packumentCache full:https://registry.npmjs.org/parse-ms cache-miss
1745 http cache https://registry.npmjs.org/path-key 3ms (cache hit)
1746 silly packumentCache full:https://registry.npmjs.org/path-key set size:16975 disposed:false
1747 http fetch GET 200 https://registry.npmjs.org/unicorn-magic 29ms (cache miss)
1748 silly packumentCache full:https://registry.npmjs.org/unicorn-magic set size:undefined disposed:false
1749 http fetch GET 200 https://registry.npmjs.org/is-unicode-supported 30ms (cache miss)
1750 silly packumentCache full:https://registry.npmjs.org/is-unicode-supported set size:undefined disposed:false
1751 http fetch GET 200 https://registry.npmjs.org/parse-ms 30ms (cache miss)
1752 silly packumentCache full:https://registry.npmjs.org/parse-ms set size:undefined disposed:false
1753 http fetch GET 200 https://registry.npmjs.org/@sec-ant%2freadable-stream 43ms (cache miss)
1754 silly packumentCache full:https://registry.npmjs.org/@sec-ant%2freadable-stream set size:undefined disposed:false
1755 silly placeDep ROOT pure-rand@8.4.2 OK for: fast-check@4.9.0 want: ^8.0.0
1756 silly placeDep ROOT fast-string-truncated-width@3.0.3 OK for: fast-string-width@3.0.2 want: ^3.0.2
1757 silly placeDep ROOT @nodable/entities@3.0.0 OK for: fast-xml-parser@5.11.1 want: ^3.0.0
1758 silly placeDep ROOT fast-xml-builder@1.3.1 OK for: fast-xml-parser@5.11.1 want: ^1.2.0
1759 silly placeDep ROOT is-unsafe@2.0.2 OK for: fast-xml-parser@5.11.1 want: ^2.0.0
1760 silly placeDep ROOT path-expression-matcher@1.6.2 OK for: fast-xml-parser@5.11.1 want: ^1.6.2
1761 silly placeDep ROOT strnum@2.4.2 OK for: fast-xml-parser@5.11.1 want: ^2.4.2
1762 silly placeDep ROOT xml-naming@0.3.0 OK for: fast-xml-parser@5.11.1 want: ^0.3.0
1763 silly fetch manifest anynum@^1.0.1
1764 silly packumentCache full:https://registry.npmjs.org/anynum cache-miss
1765 http fetch GET 200 https://registry.npmjs.org/anynum 29ms (cache miss)
1766 silly packumentCache full:https://registry.npmjs.org/anynum set size:undefined disposed:false
1767 silly placeDep ROOT is-unicode-supported@2.1.0 OK for: figures@6.1.0 want: ^2.0.0
1768 silly placeDep ROOT @sec-ant/readable-stream@0.4.1 OK for: get-stream@9.0.1 want: ^0.4.1
1769 silly placeDep node_modules/glob minimatch@10.2.6 OK for: glob@13.0.6 want: ^10.2.2
1770 silly placeDep ROOT minipass@7.1.3 OK for: glob@13.0.6 want: ^7.1.3
1771 silly placeDep ROOT path-scurry@2.0.2 OK for: glob@13.0.6 want: ^2.0.2
1772 silly fetch manifest brace-expansion@^5.0.8
1773 silly packumentCache full:https://registry.npmjs.org/brace-expansion cache-miss
1774 silly fetch manifest lru-cache@^11.0.0
1775 silly packumentCache full:https://registry.npmjs.org/lru-cache cache-miss
1776 http cache https://registry.npmjs.org/brace-expansion 2ms (cache hit)
1777 silly packumentCache full:https://registry.npmjs.org/brace-expansion set size:101024 disposed:false
1778 http cache https://registry.npmjs.org/lru-cache 3ms (cache hit)
1779 silly packumentCache full:https://registry.npmjs.org/lru-cache set size:460407 disposed:false
1780 silly placeDep ROOT agent-base@7.1.4 OK for: https-proxy-agent@7.0.6 want: ^7.1.2
1781 silly placeDep ROOT @alcalzone/ansi-tokenize@0.2.5 OK for: ink@6.8.0 want: ^0.2.4
1782 silly placeDep ROOT ansi-escapes@7.3.0 OK for: ink@6.8.0 want: ^7.3.0
1783 silly placeDep node_modules/ink ansi-styles@6.2.3 OK for: ink@6.8.0 want: ^6.2.1
1784 silly placeDep ROOT auto-bind@5.0.1 OK for: ink@6.8.0 want: ^5.0.1
1785 silly placeDep node_modules/ink chalk@5.6.2 OK for: ink@6.8.0 want: ^5.6.0
1786 silly placeDep ROOT cli-boxes@3.0.0 OK for: ink@6.8.0 want: ^3.0.0
1787 silly placeDep ROOT cli-cursor@4.0.0 OK for: ink@6.8.0 want: ^4.0.0
1788 silly placeDep ROOT cli-truncate@5.2.0 OK for: ink@6.8.0 want: ^5.1.1
1789 silly placeDep ROOT code-excerpt@4.0.0 OK for: ink@6.8.0 want: ^4.0.0
1790 silly placeDep ROOT es-toolkit@1.51.0 OK for: ink@6.8.0 want: ^1.39.10
1791 silly placeDep ROOT indent-string@5.0.0 OK for: ink@6.8.0 want: ^5.0.0
1792 silly placeDep ROOT is-in-ci@2.0.0 OK for: ink@6.8.0 want: ^2.0.0
1793 silly placeDep ROOT patch-console@2.0.0 OK for: ink@6.8.0 want: ^2.0.0
1794 silly placeDep ROOT react-reconciler@0.33.0 OK for: ink@6.8.0 want: ^0.33.0
1795 silly placeDep node_modules/ink signal-exit@3.0.7 OK for: ink@6.8.0 want: ^3.0.7
1796 silly placeDep ROOT slice-ansi@8.0.0 OK for: ink@6.8.0 want: ^8.0.0
1797 silly placeDep ROOT stack-utils@2.0.6 OK for: ink@6.8.0 want: ^2.0.6
1798 silly placeDep ROOT terminal-size@4.0.1 OK for: ink@6.8.0 want: ^4.0.1
1799 silly placeDep ROOT type-fest@5.8.0 OK for: ink@6.8.0 want: ^5.4.1
1800 silly placeDep ROOT widest-line@6.0.0 OK for: ink@6.8.0 want: ^6.0.0
1801 silly placeDep node_modules/ink wrap-ansi@9.0.2 OK for: ink@6.8.0 want: ^9.0.0
1802 silly placeDep ROOT yoga-layout@3.2.1 OK for: ink@6.8.0 want: ~3.2.1
1803 silly fetch manifest is-fullwidth-code-point@^5.0.0
1804 silly packumentCache full:https://registry.npmjs.org/is-fullwidth-code-point cache-miss
1805 silly fetch manifest environment@^1.0.0
1806 silly packumentCache full:https://registry.npmjs.org/environment cache-miss
1807 silly fetch manifest restore-cursor@^4.0.0
1808 silly packumentCache full:https://registry.npmjs.org/restore-cursor cache-miss
1809 silly fetch manifest convert-to-spaces@^2.0.1
1810 silly packumentCache full:https://registry.npmjs.org/convert-to-spaces cache-miss
1811 silly fetch manifest is-fullwidth-code-point@^5.1.0
1812 silly packumentCache full:https://registry.npmjs.org/is-fullwidth-code-point cache-miss
1813 silly fetch manifest escape-string-regexp@^2.0.0
1814 silly packumentCache full:https://registry.npmjs.org/escape-string-regexp cache-miss
1815 silly fetch manifest tagged-tag@^1.0.0
1816 silly packumentCache full:https://registry.npmjs.org/tagged-tag cache-miss
1817 silly fetch manifest string-width@^7.0.0
1818 silly packumentCache full:https://registry.npmjs.org/string-width cache-hit
1819 http cache https://registry.npmjs.org/escape-string-regexp 3ms (cache hit)
1820 silly packumentCache full:https://registry.npmjs.org/escape-string-regexp set size:22244 disposed:false
1821 http fetch GET 200 https://registry.npmjs.org/restore-cursor 27ms (cache miss)
1822 silly packumentCache full:https://registry.npmjs.org/restore-cursor set size:undefined disposed:false
1823 http fetch GET 200 https://registry.npmjs.org/tagged-tag 29ms (cache miss)
1824 silly packumentCache full:https://registry.npmjs.org/tagged-tag set size:undefined disposed:false
1825 http fetch GET 200 https://registry.npmjs.org/is-fullwidth-code-point 30ms (cache miss)
1826 silly packumentCache full:https://registry.npmjs.org/is-fullwidth-code-point set size:undefined disposed:false
1827 http fetch GET 200 https://registry.npmjs.org/is-fullwidth-code-point 30ms (cache miss)
1828 silly packumentCache full:https://registry.npmjs.org/is-fullwidth-code-point set size:undefined disposed:false
1829 http fetch GET 200 https://registry.npmjs.org/environment 32ms (cache miss)
1830 silly packumentCache full:https://registry.npmjs.org/environment set size:undefined disposed:false
1831 http fetch GET 200 https://registry.npmjs.org/convert-to-spaces 38ms (cache miss)
1832 silly packumentCache full:https://registry.npmjs.org/convert-to-spaces set size:undefined disposed:false
1833 silly placeDep node_modules/@alcalzone/ansi-tokenize ansi-styles@6.2.3 OK for: @alcalzone/ansi-tokenize@0.2.5 want: ^6.2.1
1834 silly placeDep ROOT is-fullwidth-code-point@5.1.0 OK for: @alcalzone/ansi-tokenize@0.2.5 want: ^5.0.0
1835 silly fetch manifest get-east-asian-width@^1.3.1
1836 silly packumentCache full:https://registry.npmjs.org/get-east-asian-width cache-miss
1837 http cache https://registry.npmjs.org/get-east-asian-width 2ms (cache hit)
1838 silly packumentCache full:https://registry.npmjs.org/get-east-asian-width set size:20538 disposed:false
1839 silly placeDep ROOT environment@1.1.0 OK for: ansi-escapes@7.3.0 want: ^1.0.0
1840 silly placeDep ROOT restore-cursor@4.0.0 OK for: cli-cursor@4.0.0 want: ^4.0.0
1841 silly fetch manifest onetime@^5.1.0
1842 silly packumentCache full:https://registry.npmjs.org/onetime cache-miss
1843 http fetch GET 200 https://registry.npmjs.org/onetime 30ms (cache miss)
1844 silly packumentCache full:https://registry.npmjs.org/onetime set size:undefined disposed:false
1845 silly placeDep ROOT convert-to-spaces@2.0.1 OK for: code-excerpt@4.0.0 want: ^2.0.1
1846 silly placeDep ROOT get-east-asian-width@1.6.0 OK for: is-fullwidth-code-point@5.1.0 want: ^1.3.1
1847 silly placeDep ROOT lie@3.3.0 OK for: jszip@3.10.1 want: ~3.3.0
1848 silly placeDep ROOT pako@1.0.11 OK for: jszip@3.10.1 want: ~1.0.2
1849 silly placeDep ROOT readable-stream@2.3.8 OK for: jszip@3.10.1 want: ~2.3.6
1850 silly placeDep ROOT setimmediate@1.0.5 OK for: jszip@3.10.1 want: ^1.0.5
1851 silly fetch manifest immediate@~3.0.5
1852 silly packumentCache full:https://registry.npmjs.org/immediate cache-miss
1853 silly fetch manifest isarray@~1.0.0
1854 silly packumentCache full:https://registry.npmjs.org/isarray cache-miss
1855 silly fetch manifest inherits@~2.0.3
1856 silly packumentCache full:https://registry.npmjs.org/inherits cache-miss
1857 silly fetch manifest safe-buffer@~5.1.1
1858 silly packumentCache full:https://registry.npmjs.org/safe-buffer cache-miss
1859 silly fetch manifest core-util-is@~1.0.0
1860 silly packumentCache full:https://registry.npmjs.org/core-util-is cache-miss
1861 silly fetch manifest string_decoder@~1.1.1
1862 silly packumentCache full:https://registry.npmjs.org/string_decoder cache-miss
1863 silly fetch manifest util-deprecate@~1.0.1
1864 silly packumentCache full:https://registry.npmjs.org/util-deprecate cache-miss
1865 silly fetch manifest process-nextick-args@~2.0.0
1866 silly packumentCache full:https://registry.npmjs.org/process-nextick-args cache-miss
1867 http cache https://registry.npmjs.org/isarray 4ms (cache hit)
1868 silly packumentCache full:https://registry.npmjs.org/isarray set size:17392 disposed:false
1869 http fetch GET 200 https://registry.npmjs.org/process-nextick-args 27ms (cache miss)
1870 silly packumentCache full:https://registry.npmjs.org/process-nextick-args set size:undefined disposed:false
1871 http fetch GET 200 https://registry.npmjs.org/inherits 29ms (cache miss)
1872 silly packumentCache full:https://registry.npmjs.org/inherits set size:undefined disposed:false
1873 http fetch GET 200 https://registry.npmjs.org/safe-buffer 29ms (cache miss)
1874 silly packumentCache full:https://registry.npmjs.org/safe-buffer set size:undefined disposed:false
1875 http fetch GET 200 https://registry.npmjs.org/immediate 30ms (cache miss)
1876 silly packumentCache full:https://registry.npmjs.org/immediate set size:undefined disposed:false
1877 http fetch GET 200 https://registry.npmjs.org/util-deprecate 34ms (cache miss)
1878 silly packumentCache full:https://registry.npmjs.org/util-deprecate set size:undefined disposed:false
1879 http fetch GET 200 https://registry.npmjs.org/string_decoder 34ms (cache miss)
1880 silly packumentCache full:https://registry.npmjs.org/string_decoder set size:undefined disposed:false
1881 http fetch GET 200 https://registry.npmjs.org/core-util-is 184ms (cache miss)
1882 silly packumentCache full:https://registry.npmjs.org/core-util-is set size:undefined disposed:false
1883 silly placeDep ROOT libsodium@0.8.4 OK for: libsodium-wrappers@0.8.4 want: ^0.8.0
1884 silly placeDep ROOT @libsql/darwin-arm64@0.5.29 OK for: libsql@0.5.29 want: 0.5.29
1885 silly placeDep ROOT @libsql/darwin-x64@0.5.29 OK for: libsql@0.5.29 want: 0.5.29
1886 silly placeDep ROOT @libsql/linux-arm-gnueabihf@0.5.29 OK for: libsql@0.5.29 want: 0.5.29
1887 silly placeDep ROOT @libsql/linux-arm-musleabihf@0.5.29 OK for: libsql@0.5.29 want: 0.5.29
1888 silly placeDep ROOT @libsql/linux-arm64-gnu@0.5.29 OK for: libsql@0.5.29 want: 0.5.29
1889 silly placeDep ROOT @libsql/linux-arm64-musl@0.5.29 OK for: libsql@0.5.29 want: 0.5.29
1890 silly placeDep ROOT @libsql/linux-x64-gnu@0.5.29 OK for: libsql@0.5.29 want: 0.5.29
1891 silly placeDep ROOT @libsql/linux-x64-musl@0.5.29 OK for: libsql@0.5.29 want: 0.5.29
1892 silly placeDep ROOT @libsql/win32-x64-msvc@0.5.29 OK for: libsql@0.5.29 want: 0.5.29
1893 silly placeDep ROOT @neon-rs/load@0.0.4 OK for: libsql@0.5.29 want: ^0.0.4
1894 silly placeDep node_modules/libsql detect-libc@2.0.2 OK for: libsql@0.5.29 want: 2.0.2
1895 silly placeDep ROOT immediate@3.0.6 OK for: lie@3.3.0 want: ~3.0.5
1896 silly placeDep ROOT msgpackr-extract@3.0.4 OK for: msgpackr@2.1.0 want: ^3.0.4
1897 silly fetch manifest node-gyp-build-optional-packages@5.2.2
1898 silly packumentCache full:https://registry.npmjs.org/node-gyp-build-optional-packages cache-miss
1899 silly fetch manifest @msgpackr-extract/msgpackr-extract-darwin-arm64@3.0.4
1900 silly packumentCache full:https://registry.npmjs.org/@msgpackr-extract%2fmsgpackr-extract-darwin-arm64 cache-miss
1901 silly fetch manifest @msgpackr-extract/msgpackr-extract-darwin-x64@3.0.4
1902 silly packumentCache full:https://registry.npmjs.org/@msgpackr-extract%2fmsgpackr-extract-darwin-x64 cache-miss
1903 silly fetch manifest @msgpackr-extract/msgpackr-extract-linux-arm@3.0.4
1904 silly packumentCache full:https://registry.npmjs.org/@msgpackr-extract%2fmsgpackr-extract-linux-arm cache-miss
1905 silly fetch manifest @msgpackr-extract/msgpackr-extract-linux-arm64@3.0.4
1906 silly packumentCache full:https://registry.npmjs.org/@msgpackr-extract%2fmsgpackr-extract-linux-arm64 cache-miss
1907 silly fetch manifest @msgpackr-extract/msgpackr-extract-linux-x64@3.0.4
1908 silly packumentCache full:https://registry.npmjs.org/@msgpackr-extract%2fmsgpackr-extract-linux-x64 cache-miss
1909 silly fetch manifest @msgpackr-extract/msgpackr-extract-win32-x64@3.0.4
1910 silly packumentCache full:https://registry.npmjs.org/@msgpackr-extract%2fmsgpackr-extract-win32-x64 cache-miss
1911 http fetch GET 200 https://registry.npmjs.org/@msgpackr-extract%2fmsgpackr-extract-darwin-x64 40ms (cache miss)
1912 silly packumentCache full:https://registry.npmjs.org/@msgpackr-extract%2fmsgpackr-extract-darwin-x64 set size:undefined disposed:false
1913 http fetch GET 200 https://registry.npmjs.org/@msgpackr-extract%2fmsgpackr-extract-win32-x64 40ms (cache miss)
1914 silly packumentCache full:https://registry.npmjs.org/@msgpackr-extract%2fmsgpackr-extract-win32-x64 set size:undefined disposed:false
1915 http fetch GET 200 https://registry.npmjs.org/@msgpackr-extract%2fmsgpackr-extract-linux-x64 41ms (cache miss)
1916 silly packumentCache full:https://registry.npmjs.org/@msgpackr-extract%2fmsgpackr-extract-linux-x64 set size:undefined disposed:false
1917 http fetch GET 200 https://registry.npmjs.org/node-gyp-build-optional-packages 45ms (cache miss)
1918 silly packumentCache full:https://registry.npmjs.org/node-gyp-build-optional-packages set size:undefined disposed:false
1919 http fetch GET 200 https://registry.npmjs.org/@msgpackr-extract%2fmsgpackr-extract-linux-arm 49ms (cache miss)
1920 silly packumentCache full:https://registry.npmjs.org/@msgpackr-extract%2fmsgpackr-extract-linux-arm set size:undefined disposed:false
1921 http fetch GET 200 https://registry.npmjs.org/@msgpackr-extract%2fmsgpackr-extract-darwin-arm64 57ms (cache miss)
1922 silly packumentCache full:https://registry.npmjs.org/@msgpackr-extract%2fmsgpackr-extract-darwin-arm64 set size:undefined disposed:false
1923 http fetch GET 200 https://registry.npmjs.org/@msgpackr-extract%2fmsgpackr-extract-linux-arm64 196ms (cache miss)
1924 silly packumentCache full:https://registry.npmjs.org/@msgpackr-extract%2fmsgpackr-extract-linux-arm64 set size:undefined disposed:false
1925 silly placeDep ROOT @msgpackr-extract/msgpackr-extract-darwin-arm64@3.0.4 OK for: msgpackr-extract@3.0.4 want: 3.0.4
1926 silly placeDep ROOT @msgpackr-extract/msgpackr-extract-darwin-x64@3.0.4 OK for: msgpackr-extract@3.0.4 want: 3.0.4
1927 silly placeDep ROOT @msgpackr-extract/msgpackr-extract-linux-arm@3.0.4 OK for: msgpackr-extract@3.0.4 want: 3.0.4
1928 silly placeDep ROOT @msgpackr-extract/msgpackr-extract-linux-arm64@3.0.4 OK for: msgpackr-extract@3.0.4 want: 3.0.4
1929 silly placeDep ROOT @msgpackr-extract/msgpackr-extract-linux-x64@3.0.4 OK for: msgpackr-extract@3.0.4 want: 3.0.4
1930 silly placeDep ROOT @msgpackr-extract/msgpackr-extract-win32-x64@3.0.4 OK for: msgpackr-extract@3.0.4 want: 3.0.4
1931 silly placeDep ROOT node-gyp-build-optional-packages@5.2.2 OK for: msgpackr-extract@3.0.4 want: 5.2.2
1932 silly placeDep ROOT whatwg-url@5.0.0 OK for: node-fetch@2.7.0 want: ^5.0.0
1933 silly fetch manifest tr46@~0.0.3
1934 silly packumentCache full:https://registry.npmjs.org/tr46 cache-miss
1935 silly fetch manifest webidl-conversions@^3.0.0
1936 silly packumentCache full:https://registry.npmjs.org/webidl-conversions cache-miss
1937 http fetch GET 200 https://registry.npmjs.org/webidl-conversions 34ms (cache miss)
1938 silly packumentCache full:https://registry.npmjs.org/webidl-conversions set size:undefined disposed:false
1939 http fetch GET 200 https://registry.npmjs.org/tr46 35ms (cache miss)
1940 silly packumentCache full:https://registry.npmjs.org/tr46 set size:undefined disposed:false
1941 silly placeDep ROOT abbrev@3.0.1 OK for: nopt@8.1.0 want: ^3.0.0
1942 silly placeDep node_modules/npm-run-path path-key@4.0.0 OK for: npm-run-path@6.0.0 want: ^4.0.0
1943 silly placeDep ROOT unicorn-magic@0.3.0 OK for: npm-run-path@6.0.0 want: ^0.3.0
1944 silly placeDep ROOT default-browser@5.5.1 OK for: open@11.0.1 want: ^5.4.0
1945 silly placeDep ROOT define-lazy-prop@3.0.0 OK for: open@11.0.1 want: ^3.0.0
1946 silly placeDep ROOT is-in-ssh@1.0.0 OK for: open@11.0.1 want: ^1.0.0
1947 silly placeDep ROOT is-inside-container@1.0.0 OK for: open@11.0.1 want: ^1.0.0
1948 silly placeDep ROOT powershell-utils@0.2.0 OK for: open@11.0.1 want: ^0.2.0
1949 silly placeDep ROOT wsl-utils@1.0.0 OK for: open@11.0.1 want: ^1.0.0
1950 silly fetch manifest bundle-name@^4.1.0
1951 silly packumentCache full:https://registry.npmjs.org/bundle-name cache-miss
1952 silly fetch manifest default-browser-id@^5.0.0
1953 silly packumentCache full:https://registry.npmjs.org/default-browser-id cache-miss
1954 silly fetch manifest is-docker@^3.0.0
1955 silly packumentCache full:https://registry.npmjs.org/is-docker cache-miss
1956 silly fetch manifest is-wsl@^3.1.0
1957 silly packumentCache full:https://registry.npmjs.org/is-wsl cache-miss
1958 silly fetch manifest powershell-utils@^0.1.0
1959 silly packumentCache full:https://registry.npmjs.org/powershell-utils cache-miss
1960 http cache https://registry.npmjs.org/powershell-utils 4ms (cache hit)
1961 silly packumentCache full:https://registry.npmjs.org/powershell-utils set size:9284 disposed:false
1962 http fetch GET 200 https://registry.npmjs.org/default-browser-id 30ms (cache miss)
1963 silly packumentCache full:https://registry.npmjs.org/default-browser-id set size:undefined disposed:false
1964 http fetch GET 200 https://registry.npmjs.org/bundle-name 30ms (cache miss)
1965 silly packumentCache full:https://registry.npmjs.org/bundle-name set size:undefined disposed:false
1966 http fetch GET 200 https://registry.npmjs.org/is-wsl 31ms (cache miss)
1967 silly packumentCache full:https://registry.npmjs.org/is-wsl set size:undefined disposed:false
1968 http fetch GET 200 https://registry.npmjs.org/is-docker 31ms (cache miss)
1969 silly packumentCache full:https://registry.npmjs.org/is-docker set size:undefined disposed:false
1970 silly placeDep ROOT bundle-name@4.1.0 OK for: default-browser@5.5.1 want: ^4.1.0
1971 silly placeDep ROOT default-browser-id@5.0.1 OK for: default-browser@5.5.1 want: ^5.0.0
1972 silly fetch manifest run-applescript@^7.0.0
1973 silly packumentCache full:https://registry.npmjs.org/run-applescript cache-miss
1974 http fetch GET 200 https://registry.npmjs.org/run-applescript 29ms (cache miss)
1975 silly packumentCache full:https://registry.npmjs.org/run-applescript set size:undefined disposed:false
1976 silly placeDep ROOT run-applescript@7.1.0 OK for: bundle-name@4.1.0 want: ^7.0.0
1977 silly placeDep ROOT is-docker@3.0.0 OK for: is-inside-container@1.0.0 want: ^3.0.0
1978 silly placeDep ROOT openapi-typescript-helpers@0.0.15 OK for: openapi-fetch@0.14.0 want: ^0.0.15
1979 silly placeDep node_modules/path-scurry lru-cache@11.5.2 OK for: path-scurry@2.0.2 want: ^11.0.0
1980 silly placeDep ROOT parse-ms@4.0.0 OK for: pretty-ms@9.3.0 want: ^4.0.0
1981 silly placeDep ROOT retry@0.12.0 OK for: proper-lockfile@4.1.2 want: ^0.12.0
1982 silly placeDep node_modules/proper-lockfile signal-exit@3.0.7 OK for: proper-lockfile@4.1.2 want: ^3.0.2
1983 silly placeDep ROOT destr@2.0.5 OK for: rc9@3.0.1 want: ^2.0.5
1984 silly placeDep ROOT core-util-is@1.0.3 OK for: readable-stream@2.3.8 want: ~1.0.0
1985 silly placeDep ROOT inherits@2.0.4 OK for: readable-stream@2.3.8 want: ~2.0.3
1986 silly placeDep node_modules/readable-stream isarray@1.0.0 OK for: readable-stream@2.3.8 want: ~1.0.0
1987 silly placeDep ROOT process-nextick-args@2.0.1 OK for: readable-stream@2.3.8 want: ~2.0.0
1988 silly placeDep ROOT safe-buffer@5.1.2 OK for: readable-stream@2.3.8 want: ~5.1.1
1989 silly placeDep ROOT string_decoder@1.1.1 OK for: readable-stream@2.3.8 want: ~1.1.1
1990 silly placeDep ROOT util-deprecate@1.0.2 OK for: readable-stream@2.3.8 want: ~1.0.1
1991 silly placeDep ROOT onetime@5.1.2 OK for: restore-cursor@4.0.0 want: ^5.1.0
1992 silly placeDep node_modules/restore-cursor signal-exit@3.0.7 OK for: restore-cursor@4.0.0 want: ^3.0.2
1993 silly fetch manifest mimic-fn@^2.1.0
1994 silly packumentCache full:https://registry.npmjs.org/mimic-fn cache-miss
1995 http fetch GET 200 https://registry.npmjs.org/mimic-fn 32ms (cache miss)
1996 silly packumentCache full:https://registry.npmjs.org/mimic-fn set size:undefined disposed:false
1997 silly placeDep ROOT mimic-fn@2.1.0 OK for: onetime@5.1.2 want: ^2.1.0
1998 silly placeDep ROOT @oxc-project/types@0.139.0 OK for: rolldown@1.1.5 want: =0.139.0
1999 silly placeDep ROOT @rolldown/binding-android-arm64@1.1.5 OK for: rolldown@1.1.5 want: 1.1.5
2000 silly placeDep ROOT @rolldown/binding-darwin-arm64@1.1.5 OK for: rolldown@1.1.5 want: 1.1.5
2001 silly placeDep ROOT @rolldown/binding-darwin-x64@1.1.5 OK for: rolldown@1.1.5 want: 1.1.5
2002 silly placeDep ROOT @rolldown/binding-freebsd-x64@1.1.5 OK for: rolldown@1.1.5 want: 1.1.5
2003 silly placeDep ROOT @rolldown/binding-linux-arm-gnueabihf@1.1.5 OK for: rolldown@1.1.5 want: 1.1.5
2004 silly placeDep ROOT @rolldown/binding-linux-arm64-gnu@1.1.5 OK for: rolldown@1.1.5 want: 1.1.5
2005 silly placeDep ROOT @rolldown/binding-linux-arm64-musl@1.1.5 OK for: rolldown@1.1.5 want: 1.1.5
2006 silly placeDep ROOT @rolldown/binding-linux-ppc64-gnu@1.1.5 OK for: rolldown@1.1.5 want: 1.1.5
2007 silly placeDep ROOT @rolldown/binding-linux-s390x-gnu@1.1.5 OK for: rolldown@1.1.5 want: 1.1.5
2008 silly placeDep ROOT @rolldown/binding-linux-x64-gnu@1.1.5 OK for: rolldown@1.1.5 want: 1.1.5
2009 silly placeDep ROOT @rolldown/binding-linux-x64-musl@1.1.5 OK for: rolldown@1.1.5 want: 1.1.5
2010 silly placeDep ROOT @rolldown/binding-openharmony-arm64@1.1.5 OK for: rolldown@1.1.5 want: 1.1.5
2011 silly placeDep ROOT @rolldown/binding-wasm32-wasi@1.1.5 OK for: rolldown@1.1.5 want: 1.1.5
2012 silly placeDep ROOT @rolldown/binding-win32-arm64-msvc@1.1.5 OK for: rolldown@1.1.5 want: 1.1.5
2013 silly placeDep ROOT @rolldown/binding-win32-x64-msvc@1.1.5 OK for: rolldown@1.1.5 want: 1.1.5
2014 silly placeDep ROOT @rolldown/pluginutils@1.0.1 OK for: rolldown@1.1.5 want: ^1.0.0
2015 silly fetch manifest @emnapi/core@1.11.1
2016 silly packumentCache full:https://registry.npmjs.org/@emnapi%2fcore cache-miss
2017 silly fetch manifest @emnapi/runtime@1.11.1
2018 silly packumentCache full:https://registry.npmjs.org/@emnapi%2fruntime cache-miss
2019 http cache https://registry.npmjs.org/@emnapi%2fruntime 4ms (cache hit)
2020 silly packumentCache full:https://registry.npmjs.org/@emnapi%2fruntime set size:125040 disposed:false
2021 http cache https://registry.npmjs.org/@emnapi%2fcore 5ms (cache hit)
2022 silly packumentCache full:https://registry.npmjs.org/@emnapi%2fcore set size:124020 disposed:false
2023 silly placeDep node_modules/@rolldown/binding-wasm32-wasi @emnapi/core@1.11.1 OK for: @rolldown/binding-wasm32-wasi@1.1.5 want: 1.11.1
2024 silly placeDep node_modules/@rolldown/binding-wasm32-wasi @emnapi/runtime@1.11.1 OK for: @rolldown/binding-wasm32-wasi@1.1.5 want: 1.11.1
2025 silly fetch manifest @emnapi/wasi-threads@1.2.2
2026 silly packumentCache full:https://registry.npmjs.org/@emnapi%2fwasi-threads cache-miss
2027 http cache https://registry.npmjs.org/@emnapi%2fwasi-threads 2ms (cache hit)
2028 silly packumentCache full:https://registry.npmjs.org/@emnapi%2fwasi-threads set size:27058 disposed:false
2029 silly placeDep node_modules/slice-ansi ansi-styles@6.2.3 OK for: slice-ansi@8.0.0 want: ^6.2.3
2030 silly placeDep node_modules/stack-utils escape-string-regexp@2.0.0 OK for: stack-utils@2.0.6 want: ^2.0.0
2031 silly placeDep ROOT ansi-regex@6.3.0 OK for: strip-ansi@7.2.0 want: ^6.2.2
2032 silly placeDep ROOT anynum@1.0.1 OK for: strnum@2.4.2 want: ^1.0.1
2033 silly placeDep ROOT @isaacs/fs-minipass@4.0.1 OK for: tar@7.5.22 want: ^4.0.0
2034 silly placeDep ROOT chownr@3.0.0 OK for: tar@7.5.22 want: ^3.0.0
2035 silly placeDep ROOT minizlib@3.1.0 OK for: tar@7.5.22 want: ^3.1.0
2036 silly placeDep node_modules/tar yallist@5.0.0 OK for: tar@7.5.22 want: ^5.0.0
2037 silly placeDep ROOT b4a@1.8.1 OK for: tar-stream@3.2.1 want: ^1.6.4
2038 silly placeDep ROOT bare-fs@4.8.1 OK for: tar-stream@3.2.1 want: ^4.5.5
2039 silly placeDep ROOT fast-fifo@1.3.2 OK for: tar-stream@3.2.1 want: ^1.2.0
2040 silly placeDep ROOT streamx@2.28.1 OK for: tar-stream@3.2.1 want: ^2.15.0
2041 silly fetch manifest bare-url@^2.2.2
2042 silly packumentCache full:https://registry.npmjs.org/bare-url cache-miss
2043 silly fetch manifest bare-path@^3.0.0
2044 silly packumentCache full:https://registry.npmjs.org/bare-path cache-miss
2045 silly fetch manifest fast-fifo@^1.3.2
2046 silly packumentCache full:https://registry.npmjs.org/fast-fifo cache-miss
2047 silly fetch manifest bare-events@^2.5.4
2048 silly packumentCache full:https://registry.npmjs.org/bare-events cache-miss
2049 silly fetch manifest bare-stream@^2.6.4
2050 silly packumentCache full:https://registry.npmjs.org/bare-stream cache-miss
2051 silly fetch manifest text-decoder@^1.1.0
2052 silly packumentCache full:https://registry.npmjs.org/text-decoder cache-miss
2053 silly fetch manifest events-universal@^1.0.0
2054 silly packumentCache full:https://registry.npmjs.org/events-universal cache-miss
2055 http cache https://registry.npmjs.org/fast-fifo 5ms (cache hit)
2056 silly packumentCache full:https://registry.npmjs.org/fast-fifo set size:13855 disposed:false
2057 http fetch GET 200 https://registry.npmjs.org/events-universal 32ms (cache miss)
2058 silly packumentCache full:https://registry.npmjs.org/events-universal set size:undefined disposed:false
2059 http fetch GET 200 https://registry.npmjs.org/text-decoder 33ms (cache miss)
2060 silly packumentCache full:https://registry.npmjs.org/text-decoder set size:undefined disposed:false
2061 http fetch GET 200 https://registry.npmjs.org/bare-events 33ms (cache miss)
2062 silly packumentCache full:https://registry.npmjs.org/bare-events set size:undefined disposed:false
2063 http fetch GET 200 https://registry.npmjs.org/bare-stream 35ms (cache miss)
2064 silly packumentCache full:https://registry.npmjs.org/bare-stream set size:undefined disposed:false
2065 http fetch GET 200 https://registry.npmjs.org/bare-path 36ms (cache miss)
2066 silly packumentCache full:https://registry.npmjs.org/bare-path set size:undefined disposed:false
2067 http fetch GET 200 https://registry.npmjs.org/bare-url 41ms (cache miss)
2068 silly packumentCache full:https://registry.npmjs.org/bare-url set size:undefined disposed:false
2069 silly placeDep ROOT bare-events@2.9.2 OK for: bare-fs@4.8.1 want: ^2.5.4
2070 silly placeDep ROOT bare-path@3.1.1 OK for: bare-fs@4.8.1 want: ^3.0.0
2071 silly placeDep ROOT bare-stream@2.13.4 OK for: bare-fs@4.8.1 want: ^2.6.4
2072 silly placeDep ROOT bare-url@2.5.2 OK for: bare-fs@4.8.1 want: ^2.2.2
2073 silly fetch manifest teex@^1.0.1
2074 silly packumentCache full:https://registry.npmjs.org/teex cache-miss
2075 http fetch GET 200 https://registry.npmjs.org/teex 29ms (cache miss)
2076 silly packumentCache full:https://registry.npmjs.org/teex set size:undefined disposed:false
2077 silly placeDep ROOT teex@1.0.1 OK for: bare-stream@2.13.4 want: ^1.0.1
2078 silly placeDep ROOT events-universal@1.0.1 OK for: streamx@2.28.1 want: ^1.0.0
2079 silly placeDep ROOT text-decoder@1.2.7 OK for: streamx@2.28.1 want: ^1.1.0
2080 silly placeDep ROOT tagged-tag@1.0.0 OK for: type-fest@5.8.0 want: ^1.0.0
2081 silly placeDep ROOT @noble/hashes@2.4.0 OK for: uniku@0.5.0 want: ^2.2.0
2082 silly placeDep ROOT vscode-languageserver-protocol@3.18.2 OK for: vscode-languageserver@10.1.0 want: 3.18.2
2083 silly fetch manifest vscode-jsonrpc@9.0.1
2084 silly packumentCache full:https://registry.npmjs.org/vscode-jsonrpc cache-miss
2085 silly fetch manifest vscode-languageserver-types@3.18.0
2086 silly packumentCache full:https://registry.npmjs.org/vscode-languageserver-types cache-miss
2087 http fetch GET 200 https://registry.npmjs.org/vscode-languageserver-types 36ms (cache miss)
2088 silly packumentCache full:https://registry.npmjs.org/vscode-languageserver-types set size:undefined disposed:false
2089 http fetch GET 200 https://registry.npmjs.org/vscode-jsonrpc 38ms (cache miss)
2090 silly packumentCache full:https://registry.npmjs.org/vscode-jsonrpc set size:undefined disposed:false
2091 silly placeDep ROOT vscode-jsonrpc@9.0.1 OK for: vscode-languageserver-protocol@3.18.2 want: 9.0.1
2092 silly placeDep ROOT vscode-languageserver-types@3.18.0 OK for: vscode-languageserver-protocol@3.18.2 want: 3.18.0
2093 silly placeDep ROOT tr46@0.0.3 OK for: whatwg-url@5.0.0 want: ~0.0.3
2094 silly placeDep ROOT webidl-conversions@3.0.1 OK for: whatwg-url@5.0.0 want: ^3.0.0
2095 silly placeDep ROOT @cloudflare/workerd-darwin-64@1.20260704.1 OK for: workerd@1.20260704.1 want: 1.20260704.1
2096 silly placeDep ROOT @cloudflare/workerd-darwin-arm64@1.20260704.1 OK for: workerd@1.20260704.1 want: 1.20260704.1
2097 silly placeDep ROOT @cloudflare/workerd-linux-64@1.20260704.1 OK for: workerd@1.20260704.1 want: 1.20260704.1
2098 silly placeDep ROOT @cloudflare/workerd-linux-arm64@1.20260704.1 OK for: workerd@1.20260704.1 want: 1.20260704.1
2099 silly placeDep ROOT @cloudflare/workerd-windows-64@1.20260704.1 OK for: workerd@1.20260704.1 want: 1.20260704.1
2100 silly placeDep node_modules/wrap-ansi ansi-styles@6.2.3 OK for: wrap-ansi@10.0.1 want: ^6.2.3
2101 silly placeDep ROOT is-wsl@3.1.1 OK for: wsl-utils@1.0.0 want: ^3.1.0
2102 silly placeDep node_modules/wsl-utils powershell-utils@0.1.0 OK for: wsl-utils@1.0.0 want: ^0.1.0
2103 silly placeDep ROOT cliui@9.0.1 OK for: yargs@18.1.0 want: ^9.0.1
2104 silly placeDep ROOT get-caller-file@2.0.5 OK for: yargs@18.1.0 want: ^2.0.5
2105 silly placeDep ROOT y18n@5.0.8 OK for: yargs@18.1.0 want: ^5.0.5
2106 silly placeDep ROOT yargs-parser@22.0.0 OK for: yargs@18.1.0 want: ^22.0.0
2107 silly fetch manifest string-width@^7.2.0
2108 silly packumentCache full:https://registry.npmjs.org/string-width cache-hit
2109 silly placeDep node_modules/cliui string-width@7.2.0 OK for: cliui@9.0.1 want: ^7.2.0
2110 silly placeDep node_modules/cliui wrap-ansi@9.0.2 OK for: cliui@9.0.1 want: ^9.0.0
2111 silly fetch manifest emoji-regex@^10.3.0
2112 silly packumentCache full:https://registry.npmjs.org/emoji-regex cache-miss
2113 http cache https://registry.npmjs.org/emoji-regex 4ms (cache hit)
2114 silly packumentCache full:https://registry.npmjs.org/emoji-regex set size:89064 disposed:false
2115 silly placeDep ROOT pend@1.2.0 OK for: yauzl@3.4.0 want: ~1.2.0
2116 silly placeDep ROOT grammex@3.1.13 OK for: zeptomatch@2.1.0 want: ^3.1.11
2117 silly placeDep ROOT graphmatch@1.1.1 OK for: zeptomatch@2.1.0 want: ^1.1.0
2118 silly placeDep node_modules/@octokit/plugin-paginate-rest @octokit/openapi-types@27.0.0 OK for: @octokit/types@16.0.0 want: ^27.0.0
2119 silly placeDep node_modules/@octokit/plugin-rest-endpoint-methods @octokit/openapi-types@27.0.0 OK for: @octokit/types@16.0.0 want: ^27.0.0
2120 silly placeDep node_modules/@rolldown/binding-wasm32-wasi @emnapi/wasi-threads@1.2.2 OK for: @emnapi/core@1.11.1 want: 1.2.2
2121 silly placeDep node_modules/alchemy @clack/core@1.4.3 OK for: @clack/prompts@1.7.0 want: 1.4.3
2122 silly placeDep node_modules/alchemy glob-parent@5.1.2 OK for: fast-glob@3.3.3 want: ^5.1.2
2123 silly placeDep node_modules/cliui emoji-regex@10.6.0 OK for: string-width@7.2.0 want: ^10.3.0
2124 silly placeDep node_modules/cliui ansi-styles@6.2.3 OK for: wrap-ansi@9.0.2 want: ^6.2.1
2125 silly placeDep node_modules/glob brace-expansion@5.0.9 OK for: minimatch@10.2.6 want: ^5.0.8
2126 silly fetch manifest balanced-match@^4.0.2
2127 silly packumentCache full:https://registry.npmjs.org/balanced-match cache-miss
2128 http cache https://registry.npmjs.org/balanced-match 1ms (cache hit)
2129 silly packumentCache full:https://registry.npmjs.org/balanced-match set size:39082 disposed:false
2130 silly placeDep node_modules/glob balanced-match@4.0.4 OK for: brace-expansion@5.0.9 want: ^4.0.2
2131 silly placeDep node_modules/ink/node_modules/wrap-ansi string-width@7.2.0 OK for: wrap-ansi@9.0.2 want: ^7.0.0
2132 silly placeDep node_modules/ink emoji-regex@10.6.0 OK for: string-width@7.2.0 want: ^10.3.0
2133 silly reify moves {}
2134 silly audit bulk request {
2134 silly audit   '@alloc/quick-lru': [ '5.2.0' ],
2134 silly audit   '@babel/code-frame': [ '7.29.7' ],
2134 silly audit   '@babel/compat-data': [ '7.29.7' ],
2134 silly audit   '@babel/core': [ '7.29.7' ],
2134 silly audit   '@babel/generator': [ '7.29.8' ],
2134 silly audit   '@babel/helper-compilation-targets': [ '7.29.7' ],
2134 silly audit   '@babel/helper-globals': [ '7.29.7' ],
2134 silly audit   '@babel/helper-module-imports': [ '7.29.7' ],
2134 silly audit   '@babel/helper-module-transforms': [ '7.29.7' ],
2134 silly audit   '@babel/helper-string-parser': [ '7.29.7' ],
2134 silly audit   '@babel/helper-validator-identifier': [ '7.29.7' ],
2134 silly audit   '@babel/helper-validator-option': [ '7.29.7' ],
2134 silly audit   '@babel/helpers': [ '7.29.7' ],
2134 silly audit   '@babel/parser': [ '7.29.8' ],
2134 silly audit   '@babel/runtime': [ '7.29.7' ],
2134 silly audit   '@babel/template': [ '7.29.7' ],
2134 silly audit   '@babel/traverse': [ '7.29.8' ],
2134 silly audit   '@babel/types': [ '7.29.8' ],
2134 silly audit   '@emnapi/core': [ '1.10.0', '1.11.1' ],
2134 silly audit   '@emnapi/runtime': [ '1.11.3', '1.10.0', '1.11.1' ],
2134 silly audit   '@emnapi/wasi-threads': [ '1.2.1', '1.2.2' ],
2134 silly audit   '@eslint-community/eslint-utils': [ '4.10.1', '4.9.1' ],
2134 silly audit   'eslint-visitor-keys': [ '3.4.3', '5.0.1', '4.2.1' ],
2134 silly audit   '@eslint-community/regexpp': [ '4.12.2' ],
2134 silly audit   '@eslint/config-array': [ '0.21.2' ],
2134 silly audit   '@eslint/config-helpers': [ '0.4.2' ],
2134 silly audit   '@eslint/core': [ '0.17.0' ],
2134 silly audit   '@eslint/eslintrc': [ '3.3.6' ],
2134 silly audit   '@eslint/js': [ '9.39.5' ],
2134 silly audit   '@eslint/object-schema': [ '2.1.7' ],
2134 silly audit   '@eslint/plugin-kit': [ '0.4.1' ],
2134 silly audit   '@humanfs/core': [ '0.19.2' ],
2134 silly audit   '@humanfs/node': [ '0.16.8' ],
2134 silly audit   '@humanfs/types': [ '0.15.0' ],
2134 silly audit   '@humanwhocodes/module-importer': [ '1.0.1' ],
2134 silly audit   '@humanwhocodes/retry': [ '0.4.3' ],
2134 silly audit   '@img/colour': [ '1.1.0' ],
2134 silly audit   '@img/sharp-darwin-arm64': [ '0.35.4' ],
2134 silly audit   '@img/sharp-darwin-x64': [ '0.35.4' ],
2134 silly audit   '@img/sharp-freebsd-wasm32': [ '0.35.4' ],
2134 silly audit   '@img/sharp-libvips-darwin-arm64': [ '1.3.3' ],
2134 silly audit   '@img/sharp-libvips-darwin-x64': [ '1.3.3' ],
2134 silly audit   '@img/sharp-libvips-linux-arm': [ '1.3.3' ],
2134 silly audit   '@img/sharp-libvips-linux-arm64': [ '1.3.3' ],
2134 silly audit   '@img/sharp-libvips-linux-ppc64': [ '1.3.3' ],
2134 silly audit   '@img/sharp-libvips-linux-riscv64': [ '1.3.3' ],
2134 silly audit   '@img/sharp-libvips-linux-s390x': [ '1.3.3' ],
2134 silly audit   '@img/sharp-libvips-linux-x64': [ '1.3.3' ],
2134 silly audit   '@img/sharp-libvips-linuxmusl-arm64': [ '1.3.3' ],
2134 silly audit   '@img/sharp-libvips-linuxmusl-x64': [ '1.3.3' ],
2134 silly audit   '@img/sharp-linux-arm': [ '0.35.4' ],
2134 silly audit   '@img/sharp-linux-arm64': [ '0.35.4' ],
2134 silly audit   '@img/sharp-linux-ppc64': [ '0.35.4' ],
2134 silly audit   '@img/sharp-linux-riscv64': [ '0.35.4' ],
2134 silly audit   '@img/sharp-linux-s390x': [ '0.35.4' ],
2134 silly audit   '@img/sharp-linux-x64': [ '0.35.4' ],
2134 silly audit   '@img/sharp-linuxmusl-arm64': [ '0.35.4' ],
2134 silly audit   '@img/sharp-linuxmusl-x64': [ '0.35.4' ],
2134 silly audit   '@img/sharp-wasm32': [ '0.35.4' ],
2134 silly audit   '@img/sharp-webcontainers-wasm32': [ '0.35.4' ],
2134 silly audit   '@img/sharp-win32-arm64': [ '0.35.4' ],
2134 silly audit   '@img/sharp-win32-ia32': [ '0.35.4' ],
2134 silly audit   '@img/sharp-win32-x64': [ '0.35.4' ],
2134 silly audit   '@jridgewell/gen-mapping': [ '0.3.13' ],
2134 silly audit   '@jridgewell/remapping': [ '2.3.5' ],
2134 silly audit   '@jridgewell/resolve-uri': [ '3.1.2' ],
2134 silly audit   '@jridgewell/sourcemap-codec': [ '1.5.5' ],
2134 silly audit   '@jridgewell/trace-mapping': [ '0.3.31' ],
2134 silly audit   '@napi-rs/wasm-runtime': [ '1.2.3' ],
2134 silly audit   '@next/env': [ '16.3.3' ],
2134 silly audit   '@next/eslint-plugin-next': [ '16.3.3' ],
2134 silly audit   '@next/swc-darwin-arm64': [ '16.3.3' ],
2134 silly audit   '@next/swc-darwin-x64': [ '16.3.3' ],
2134 silly audit   '@next/swc-linux-arm64-gnu': [ '16.3.3' ],
2134 silly audit   '@next/swc-linux-arm64-musl': [ '16.3.3' ],
2134 silly audit   '@next/swc-linux-x64-gnu': [ '16.3.3' ],
2134 silly audit   '@next/swc-linux-x64-musl': [ '16.3.3' ],
2134 silly audit   '@next/swc-win32-arm64-msvc': [ '16.3.3' ],
2134 silly audit   '@next/swc-win32-x64-msvc': [ '16.3.3' ],
2134 silly audit   '@nodelib/fs.scandir': [ '2.1.5' ],
2134 silly audit   '@nodelib/fs.stat': [ '2.0.5' ],
2134 silly audit   '@nodelib/fs.walk': [ '1.2.8' ],
2134 silly audit   '@nolyfill/is-core-module': [ '1.0.39' ],
2134 silly audit   '@panva/hkdf': [ '1.2.1' ],
2134 silly audit   '@prisma/client': [ '7.10.0' ],
2134 silly audit   '@prisma/client-runtime-utils': [ '7.10.0' ],
2134 silly audit   '@rtsao/scc': [ '1.1.0' ],
2134 silly audit   '@swc/helpers': [ '0.5.23' ],
2134 silly audit   '@tailwindcss/node': [ '4.3.3' ],
2134 silly audit   '@tailwindcss/oxide': [ '4.3.3' ],
2134 silly audit   '@tailwindcss/oxide-android-arm64': [ '4.3.3' ],
2134 silly audit   '@tailwindcss/oxide-darwin-arm64': [ '4.3.3' ],
2134 silly audit   '@tailwindcss/oxide-darwin-x64': [ '4.3.3' ],
2134 silly audit   '@tailwindcss/oxide-freebsd-x64': [ '4.3.3' ],
2134 silly audit   '@tailwindcss/oxide-linux-arm-gnueabihf': [ '4.3.3' ],
2134 silly audit   '@tailwindcss/oxide-linux-arm64-gnu': [ '4.3.3' ],
2134 silly audit   '@tailwindcss/oxide-linux-arm64-musl': [ '4.3.3' ],
2134 silly audit   '@tailwindcss/oxide-linux-x64-gnu': [ '4.3.3' ],
2134 silly audit   '@tailwindcss/oxide-linux-x64-musl': [ '4.3.3' ],
2134 silly audit   '@tailwindcss/oxide-wasm32-wasi': [ '4.3.3' ],
2134 silly audit   '@tailwindcss/oxide-win32-arm64-msvc': [ '4.3.3' ],
2134 silly audit   '@tailwindcss/oxide-win32-x64-msvc': [ '4.3.3' ],
2134 silly audit   '@tailwindcss/postcss': [ '4.3.3' ],
2134 silly audit   '@tybys/wasm-util': [ '0.10.3' ],
2134 silly audit   '@types/estree': [ '1.0.9' ],
2134 silly audit   '@types/json-schema': [ '7.0.15' ],
2134 silly audit   '@types/json5': [ '0.0.29' ],
2134 silly audit   '@types/node': [ '20.19.43' ],
2134 silly audit   '@types/react': [ '19.2.18' ],
2134 silly audit   '@types/react-dom': [ '19.2.5' ],
2134 silly audit   '@typescript-eslint/eslint-plugin': [ '8.68.0' ],
2134 silly audit   ignore: [ '7.0.6', '5.3.2' ],
2134 silly audit   '@typescript-eslint/parser': [ '8.68.0' ],
2134 silly audit   '@typescript-eslint/project-service': [ '8.68.0' ],
2134 silly audit   '@typescript-eslint/scope-manager': [ '8.68.0' ],
2134 silly audit   '@typescript-eslint/tsconfig-utils': [ '8.68.0' ],
2134 silly audit   '@typescript-eslint/type-utils': [ '8.68.0' ],
2134 silly audit   '@typescript-eslint/types': [ '8.68.0' ],
2134 silly audit   '@typescript-eslint/typescript-estree': [ '8.68.0' ],
2134 silly audit   'balanced-match': [ '4.0.4', '1.0.2' ],
2134 silly audit   'brace-expansion': [ '5.0.9', '1.1.18' ],
2134 silly audit   minimatch: [ '10.2.6', '3.1.5' ],
2134 silly audit   semver: [ '7.8.5', '6.3.1' ],
2134 silly audit   '@typescript-eslint/utils': [ '8.68.0' ],
2134 silly audit   '@typescript-eslint/visitor-keys': [ '8.68.0' ],
2134 silly audit   '@unrs/resolver-binding-android-arm-eabi': [ '1.12.2' ],
2134 silly audit   '@unrs/resolver-binding-android-arm64': [ '1.12.2' ],
2134 silly audit   '@unrs/resolver-binding-darwin-arm64': [ '1.12.2' ],
2134 silly audit   '@unrs/resolver-binding-darwin-x64': [ '1.12.2' ],
2134 silly audit   '@unrs/resolver-binding-freebsd-x64': [ '1.12.2' ],
2134 silly audit   '@unrs/resolver-binding-linux-arm-gnueabihf': [ '1.12.2' ],
2134 silly audit   '@unrs/resolver-binding-linux-arm-musleabihf': [ '1.12.2' ],
2134 silly audit   '@unrs/resolver-binding-linux-arm64-gnu': [ '1.12.2' ],
2134 silly audit   '@unrs/resolver-binding-linux-arm64-musl': [ '1.12.2' ],
2134 silly audit   '@unrs/resolver-binding-linux-loong64-gnu': [ '1.12.2' ],
2134 silly audit   '@unrs/resolver-binding-linux-loong64-musl': [ '1.12.2' ],
2134 silly audit   '@unrs/resolver-binding-linux-ppc64-gnu': [ '1.12.2' ],
2134 silly audit   '@unrs/resolver-binding-linux-riscv64-gnu': [ '1.12.2' ],
2134 silly audit   '@unrs/resolver-binding-linux-riscv64-musl': [ '1.12.2' ],
2134 silly audit   '@unrs/resolver-binding-linux-s390x-gnu': [ '1.12.2' ],
2134 silly audit   '@unrs/resolver-binding-linux-x64-gnu': [ '1.12.2' ],
2134 silly audit   '@unrs/resolver-binding-linux-x64-musl': [ '1.12.2' ],
2134 silly audit   '@unrs/resolver-binding-openharmony-arm64': [ '1.12.2' ],
2134 silly audit   '@unrs/resolver-binding-wasm32-wasi': [ '1.12.2' ],
2134 silly audit   '@unrs/resolver-binding-win32-arm64-msvc': [ '1.12.2' ],
2134 silly audit   '@unrs/resolver-binding-win32-ia32-msvc': [ '1.12.2' ],
2134 silly audit   '@unrs/resolver-binding-win32-x64-msvc': [ '1.12.2' ],
2134 silly audit   acorn: [ '8.18.0' ],
2134 silly audit   'acorn-jsx': [ '5.3.2' ],
2134 silly audit   ajv: [ '6.15.0' ],
2134 silly audit   'ansi-styles': [ '4.3.0', '6.2.3' ],
2134 silly audit   argparse: [ '2.0.1' ],
2134 silly audit   'aria-query': [ '5.3.2' ],
2134 silly audit   'array-buffer-byte-length': [ '1.0.2' ],
2134 silly audit   'array-includes': [ '3.1.9' ],
2134 silly audit   'array.prototype.findlast': [ '1.2.5' ],
2134 silly audit   'array.prototype.findlastindex': [ '1.2.6' ],
2134 silly audit   'array.prototype.flat': [ '1.3.3' ],
2134 silly audit   'array.prototype.flatmap': [ '1.3.3' ],
2134 silly audit   'array.prototype.tosorted': [ '1.1.4' ],
2134 silly audit   'arraybuffer.prototype.slice': [ '1.0.4' ],
2134 silly audit   'ast-types-flow': [ '0.0.8' ],
2134 silly audit   'async-function': [ '1.0.0' ],
2134 silly audit   'available-typed-arrays': [ '1.0.7' ],
2134 silly audit   'axe-core': [ '4.13.0' ],
2134 silly audit   'axobject-query': [ '4.1.0' ],
2134 silly audit   'baseline-browser-mapping': [ '2.11.19' ],
2134 silly audit   bcryptjs: [ '3.0.3' ],
2134 silly audit   braces: [ '3.0.3' ],
2134 silly audit   browserslist: [ '4.28.8' ],
2134 silly audit   'call-bind': [ '1.0.9' ],
2134 silly audit   'call-bind-apply-helpers': [ '1.0.2' ],
2134 silly audit   'call-bound': [ '1.0.4' ],
2134 silly audit   callsites: [ '3.1.0' ],
2134 silly audit   'caniuse-lite': [ '1.0.30001810' ],
2134 silly audit   chalk: [ '4.1.2', '5.6.2' ],
2134 silly audit   'client-only': [ '0.0.1' ],
2134 silly audit   'color-convert': [ '2.0.1' ],
2134 silly audit   'color-name': [ '1.1.4' ],
2134 silly audit   'concat-map': [ '0.0.1' ],
2134 silly audit   'convert-source-map': [ '2.0.0' ],
2134 silly audit   cookie: [ '0.7.2' ],
2134 silly audit   'cross-spawn': [ '7.0.6' ],
2134 silly audit   csstype: [ '3.2.3' ],
2134 silly audit   'damerau-levenshtein': [ '1.0.8' ],
2134 silly audit   'data-view-buffer': [ '1.0.2' ],
2134 silly audit   'data-view-byte-length': [ '1.0.2' ],
2134 silly audit   'data-view-byte-offset': [ '1.0.1' ],
2134 silly audit   debug: [ '4.4.3', '3.2.7' ],
2134 silly audit   'deep-is': [ '0.1.4' ],
2134 silly audit   'define-data-property': [ '1.1.4' ],
2134 silly audit   'define-properties': [ '1.2.1' ],
2134 silly audit   'detect-libc': [ '2.1.2', '2.0.2' ],
2134 silly audit   doctrine: [ '2.1.0' ],
2134 silly audit   'dunder-proto': [ '1.0.1' ],
2134 silly audit   'electron-to-chromium': [ '1.5.415' ],
2134 silly audit   'emoji-regex': [ '9.2.2', '10.6.0' ],
2134 silly audit   'enhanced-resolve': [ '5.24.5' ],
2134 silly audit   'es-abstract': [ '1.24.2' ],
2134 silly audit   'es-abstract-get': [ '1.0.0' ],
2134 silly audit   'es-define-property': [ '1.0.1' ],
2134 silly audit   'es-errors': [ '1.3.0' ],
2134 silly audit   'es-iterator-helpers': [ '1.4.0' ],
2134 silly audit   'es-object-atoms': [ '1.1.2' ],
2134 silly audit   'es-set-tostringtag': [ '2.1.0' ],
2134 silly audit   'es-shim-unscopables': [ '1.1.0' ],
2134 silly audit   'es-to-primitive': [ '1.3.4' ],
2134 silly audit   escalade: [ '3.2.0' ],
2134 silly audit   'escape-string-regexp': [ '4.0.0', '2.0.0' ],
2134 silly audit   eslint: [ '9.39.5' ],
2134 silly audit   'eslint-config-next': [ '16.3.3' ],
2134 silly audit   globals: [ '16.4.0', '14.0.0' ],
2134 silly audit   'eslint-import-resolver-node': [ '0.3.10' ],
2134 silly audit   'eslint-import-resolver-typescript': [ '3.10.1' ],
2134 silly audit   'eslint-module-utils': [ '2.14.0' ],
2134 silly audit   'eslint-plugin-import': [ '2.32.0' ],
2134 silly audit   'eslint-plugin-jsx-a11y': [ '6.10.2' ],
2134 silly audit   'eslint-plugin-react': [ '7.37.5' ],
2134 silly audit   'eslint-plugin-react-hooks': [ '7.1.1' ],
2134 silly audit   'eslint-scope': [ '8.4.0' ],
2134 silly audit   espree: [ '10.4.0' ],
2134 silly audit   esquery: [ '1.7.0' ],
2134 silly audit   esrecurse: [ '4.3.0' ],
2134 silly audit   estraverse: [ '5.3.0' ],
2134 silly audit   esutils: [ '2.0.3' ],
2134 silly audit   'fast-deep-equal': [ '3.1.3' ],
2134 silly audit   'fast-glob': [ '3.3.1', '3.3.3' ],
2134 silly audit   'glob-parent': [ '5.1.2', '6.0.2' ],
2134 silly audit   'fast-json-stable-stringify': [ '2.1.0' ],
2134 silly audit   'fast-levenshtein': [ '2.0.6' ],
2134 silly audit   fastq: [ '1.20.1' ],
2134 silly audit   fdir: [ '6.5.0' ],
2134 silly audit   'file-entry-cache': [ '8.0.0' ],
2134 silly audit   'fill-range': [ '7.1.1' ],
2134 silly audit   'find-up': [ '5.0.0' ],
2134 silly audit   'flat-cache': [ '4.0.1' ],
2134 silly audit   flatted: [ '3.4.4' ],
2134 silly audit   'for-each': [ '0.3.5' ],
2134 silly audit   'function-bind': [ '1.1.2' ],
2134 silly audit   'function.prototype.name': [ '1.2.0' ],
2134 silly audit   'functions-have-names': [ '1.2.3' ],
2134 silly audit   'generator-function': [ '2.0.1' ],
2134 silly audit   gensync: [ '1.0.0-beta.2' ],
2134 silly audit   'get-intrinsic': [ '1.3.0' ],
2134 silly audit   'get-proto': [ '1.0.1' ],
2134 silly audit   'get-symbol-description': [ '1.1.0' ],
2134 silly audit   'get-tsconfig': [ '4.14.3' ],
2134 silly audit   globalthis: [ '1.0.4' ],
2134 silly audit   gopd: [ '1.2.0' ],
2134 silly audit   'graceful-fs': [ '4.2.11' ],
2134 silly audit   'has-bigints': [ '1.1.0' ],
2134 silly audit   'has-flag': [ '4.0.0' ],
2134 silly audit   'has-property-descriptors': [ '1.0.2' ],
2134 silly audit   'has-proto': [ '1.2.0' ],
2134 silly audit   'has-symbols': [ '1.1.0' ],
2134 silly audit   'has-tostringtag': [ '1.0.2' ],
2134 silly audit   hasown: [ '2.0.4' ],
2134 silly audit   'hermes-estree': [ '0.25.1' ],
2134 silly audit   'hermes-parser': [ '0.25.1' ],
2134 silly audit   'import-fresh': [ '3.3.1' ],
2134 silly audit   imurmurhash: [ '0.1.4' ],
2134 silly audit   'internal-slot': [ '1.1.0' ],
2134 silly audit   'is-array-buffer': [ '3.0.5' ],
2134 silly audit   'is-async-function': [ '2.1.1' ],
2134 silly audit   'is-bigint': [ '1.1.0' ],
2134 silly audit   'is-boolean-object': [ '1.2.2' ],
2134 silly audit   'is-bun-module': [ '2.0.0' ],
2134 silly audit   'is-callable': [ '1.2.7' ],
2134 silly audit   'is-core-module': [ '2.16.2' ],
2134 silly audit   'is-data-view': [ '1.0.2' ],
2134 silly audit   'is-date-object': [ '1.1.0' ],
2134 silly audit   'is-document.all': [ '1.0.0' ],
2134 silly audit   'is-extglob': [ '2.1.1' ],
2134 silly audit   'is-finalizationregistry': [ '1.1.1' ],
2134 silly audit   'is-generator-function': [ '1.1.2' ],
2134 silly audit   'is-glob': [ '4.0.3' ],
2134 silly audit   'is-map': [ '2.0.3' ],
2134 silly audit   'is-negative-zero': [ '2.0.3' ],
2134 silly audit   'is-number': [ '7.0.0' ],
2134 silly audit   'is-number-object': [ '1.1.1' ],
2134 silly audit   'is-regex': [ '1.2.1' ],
2134 silly audit   'is-set': [ '2.0.3' ],
2134 silly audit   'is-shared-array-buffer': [ '1.0.4' ],
2134 silly audit   'is-string': [ '1.1.1' ],
2134 silly audit   'is-symbol': [ '1.1.1' ],
2134 silly audit   'is-typed-array': [ '1.1.15' ],
2134 silly audit   'is-weakmap': [ '2.0.2' ],
2134 silly audit   'is-weakref': [ '1.1.1' ],
2134 silly audit   'is-weakset': [ '2.0.4' ],
2134 silly audit   isarray: [ '2.0.5', '1.0.0' ],
2134 silly audit   isexe: [ '2.0.0' ],
2134 silly audit   'iterator.prototype': [ '1.1.5' ],
2134 silly audit   jiti: [ '2.7.0' ],
2134 silly audit   jose: [ '4.15.9' ],
2134 silly audit   'js-tokens': [ '4.0.0' ],
2134 silly audit   'js-yaml': [ '4.3.2' ],
2134 silly audit   jsesc: [ '3.1.0' ],
2134 silly audit   'json-buffer': [ '3.0.1' ],
2134 silly audit   'json-schema-traverse': [ '0.4.1' ],
2134 silly audit   'json-stable-stringify-without-jsonify': [ '1.0.1' ],
2134 silly audit   json5: [ '2.2.3', '1.0.2' ],
2134 silly audit   'jsx-ast-utils': [ '3.3.5' ],
2134 silly audit   keyv: [ '4.5.4' ],
2134 silly audit   'language-subtag-registry': [ '0.3.23' ],
2134 silly audit   'language-tags': [ '1.0.9' ],
2134 silly audit   levn: [ '0.4.1' ],
2134 silly audit   lightningcss: [ '1.32.0' ],
2134 silly audit   'lightningcss-android-arm64': [ '1.32.0' ],
2134 silly audit   'lightningcss-darwin-arm64': [ '1.32.0' ],
2134 silly audit   'lightningcss-darwin-x64': [ '1.32.0' ],
2134 silly audit   'lightningcss-freebsd-x64': [ '1.32.0' ],
2134 silly audit   'lightningcss-linux-arm-gnueabihf': [ '1.32.0' ],
2134 silly audit   'lightningcss-linux-arm64-gnu': [ '1.32.0' ],
2134 silly audit   'lightningcss-linux-arm64-musl': [ '1.32.0' ],
2134 silly audit   'lightningcss-linux-x64-gnu': [ '1.32.0' ],
2134 silly audit   'lightningcss-linux-x64-musl': [ '1.32.0' ],
2134 silly audit   'lightningcss-win32-arm64-msvc': [ '1.32.0' ],
2134 silly audit   'lightningcss-win32-x64-msvc': [ '1.32.0' ],
2134 silly audit   'locate-path': [ '6.0.0' ],
2134 silly audit   'lodash.merge': [ '4.6.2' ],
2134 silly audit   'loose-envify': [ '1.4.0' ],
2134 silly audit   'lru-cache': [ '5.1.1', '6.0.0', '11.5.2' ],
2134 silly audit   'magic-string': [ '0.30.21' ],
2134 silly audit   'math-intrinsics': [ '1.1.0' ],
2134 silly audit   merge2: [ '1.4.1' ],
2134 silly audit   micromatch: [ '4.0.8' ],
2134 silly audit   minimist: [ '1.2.8' ],
2134 silly audit   ms: [ '2.1.3' ],
2134 silly audit   nanoid: [ '3.3.18' ],
2134 silly audit   'napi-postinstall': [ '0.3.4' ],
2134 silly audit   'natural-compare': [ '1.4.0' ],
2134 silly audit   next: [ '16.3.3' ],
2134 silly audit   'next-auth': [ '4.24.15' ],
2134 silly audit   postcss: [ '8.5.23', '8.5.26' ],
2134 silly audit   'node-exports-info': [ '1.6.2' ],
2134 silly audit   'node-releases': [ '2.0.54' ],
2134 silly audit   oauth: [ '0.9.15' ],
2134 silly audit   'object-assign': [ '4.1.1' ],
2134 silly audit   'object-hash': [ '2.2.0' ],
2134 silly audit   'object-inspect': [ '1.13.4' ],
2134 silly audit   'object-keys': [ '1.1.1' ],
2134 silly audit   'object.assign': [ '4.1.7' ],
2134 silly audit   'object.entries': [ '1.1.9' ],
2134 silly audit   'object.fromentries': [ '2.0.8' ],
2134 silly audit   'object.groupby': [ '1.0.3' ],
2134 silly audit   'object.values': [ '1.2.1' ],
2134 silly audit   'oidc-token-hash': [ '5.2.0' ],
2134 silly audit   'openid-client': [ '5.7.1' ],
2134 silly audit   yallist: [ '4.0.0', '3.1.1', '5.0.0' ],
2134 silly audit   optionator: [ '0.9.4' ],
2134 silly audit   'own-keys': [ '1.0.2' ],
2134 silly audit   'p-limit': [ '3.1.0' ],
2134 silly audit   'p-locate': [ '5.0.0' ],
2134 silly audit   'parent-module': [ '1.0.1' ],
2134 silly audit   'path-exists': [ '4.0.0' ],
2134 silly audit   'path-key': [ '3.1.1', '4.0.0' ],
2134 silly audit   'path-parse': [ '1.0.7' ],
2134 silly audit   picocolors: [ '1.1.1' ],
2134 silly audit   picomatch: [ '2.3.2', '4.0.7' ],
2134 silly audit   'possible-typed-array-names': [ '1.1.0' ],
2134 silly audit   preact: [ '10.29.8' ],
2134 silly audit   'preact-render-to-string': [ '5.2.6' ],
2134 silly audit   'prelude-ls': [ '1.2.1' ],
2134 silly audit   'pretty-format': [ '3.8.0' ],
2134 silly audit   'prop-types': [ '15.8.1' ],
2134 silly audit   punycode: [ '2.3.1' ],
2134 silly audit   'queue-microtask': [ '1.2.3' ],
2134 silly audit   react: [ '19.2.8' ],
2134 silly audit   'react-dom': [ '19.2.8' ],
2134 silly audit   'react-is': [ '16.13.1' ],
2134 silly audit   'reflect.getprototypeof': [ '1.0.10' ],
2134 silly audit   'regexp.prototype.flags': [ '1.5.4' ],
2134 silly audit   resolve: [ '2.0.0-next.7' ],
2134 silly audit   'resolve-from': [ '4.0.0', '5.0.0' ],
2134 silly audit   'resolve-pkg-maps': [ '1.0.0' ],
2134 silly audit   reusify: [ '1.1.0' ],
2134 silly audit   'run-parallel': [ '1.2.0' ],
2134 silly audit   'safe-array-concat': [ '1.1.4' ],
2134 silly audit   'safe-push-apply': [ '1.0.0' ],
2134 silly audit   'safe-regex-test': [ '1.1.0' ],
2134 silly audit   scheduler: [ '0.27.0' ],
2134 silly audit   'set-function-length': [ '1.2.2' ],
2134 silly audit   'set-function-name': [ '2.0.2' ],
2134 silly audit   'set-proto': [ '1.0.0' ],
2134 silly audit   sharp: [ '0.35.4' ],
2134 silly audit   'shebang-command': [ '2.0.0' ],
2134 silly audit   'shebang-regex': [ '3.0.0' ],
2134 silly audit   'side-channel': [ '1.1.1' ],
2134 silly audit   'side-channel-list': [ '1.0.1' ],
2134 silly audit   'side-channel-map': [ '1.0.1' ],
2134 silly audit   'side-channel-weakmap': [ '1.0.2' ],
2134 silly audit   'source-map-js': [ '1.2.1' ],
2134 silly audit   'stable-hash': [ '0.0.5' ],
2134 silly audit   'stop-iteration-iterator': [ '1.1.0' ],
2134 silly audit   'string.prototype.includes': [ '2.0.1' ],
2134 silly audit   'string.prototype.matchall': [ '4.0.12' ],
2134 silly audit   'string.prototype.repeat': [ '1.0.0' ],
2134 silly audit   'string.prototype.trim': [ '1.2.11' ],
2134 silly audit   'string.prototype.trimend': [ '1.0.10' ],
2134 silly audit   'string.prototype.trimstart': [ '1.0.8' ],
2134 silly audit   'strip-bom': [ '3.0.0' ],
2134 silly audit   'strip-json-comments': [ '3.1.1' ],
2134 silly audit   'styled-jsx': [ '5.1.6' ],
2134 silly audit   'supports-color': [ '7.2.0' ],
2134 silly audit   'supports-preserve-symlinks-flag': [ '1.0.0' ],
2134 silly audit   tailwindcss: [ '4.3.3' ],
2134 silly audit   tapable: [ '2.3.3' ],
2134 silly audit   tinyglobby: [ '0.2.17' ],
2134 silly audit   'to-regex-range': [ '5.0.1' ],
2134 silly audit   'ts-api-utils': [ '2.5.0' ],
2134 silly audit   'tsconfig-paths': [ '3.15.0' ],
2134 silly audit   tslib: [ '2.8.1' ],
2134 silly audit   'type-check': [ '0.4.0' ],
2134 silly audit   'typed-array-buffer': [ '1.0.3' ],
2134 silly audit   'typed-array-byte-length': [ '1.0.3' ],
2134 silly audit   'typed-array-byte-offset': [ '1.0.4' ],
2134 silly audit   'typed-array-length': [ '1.0.8' ],
2134 silly audit   typescript: [ '5.9.3' ],
2134 silly audit   'typescript-eslint': [ '8.68.0' ],
2134 silly audit   'unbox-primitive': [ '1.1.0' ],
2134 silly audit   'undici-types': [ '6.21.0' ],
2134 silly audit   'unrs-resolver': [ '1.12.2' ],
2134 silly audit   'update-browserslist-db': [ '1.3.2' ],
2134 silly audit   'uri-js': [ '4.4.1' ],
2134 silly audit   uuid: [ '11.1.1' ],
2134 silly audit   which: [ '2.0.2' ],
2134 silly audit   'which-boxed-primitive': [ '1.1.1' ],
2134 silly audit   'which-builtin-type': [ '1.2.1' ],
2134 silly audit   'which-collection': [ '1.0.2' ],
2134 silly audit   'which-typed-array': [ '1.1.22' ],
2134 silly audit   'word-wrap': [ '1.2.5' ],
2134 silly audit   'yocto-queue': [ '0.1.0' ],
2134 silly audit   zod: [ '4.4.3' ],
2134 silly audit   'zod-validation-error': [ '4.0.2' ],
2134 silly audit   '@types/bcryptjs': [ '2.4.6' ],
2134 silly audit   prisma: [ '8.0.0-rc.12' ],
2134 silly audit   '@manypkg/tools': [ '2.1.2' ],
2134 silly audit   '@prisma/cli-engine': [ '0.3.0' ],
2134 silly audit   '@prisma/composer-cli': [ '0.16.0' ],
2134 silly audit   '@prisma/compute-sdk': [ '0.42.0' ],
2134 silly audit   '@prisma/management-api-sdk': [ '1.69.0' ],
2134 silly audit   '@prisma/orm-toolchain': [ '8.0.0-rc.8' ],
2134 silly audit   '@vercel/detect-agent': [ '1.2.5' ],
2134 silly audit   'better-result': [ '2.10.0' ],
2134 silly audit   dotenv: [ '17.4.2' ],
2134 silly audit   execa: [ '9.6.1' ],
2134 silly audit   open: [ '11.0.1' ],
2134 silly audit   jju: [ '1.4.0' ],
2134 silly audit   yaml: [ '2.9.0' ],
2134 silly audit   '@clack/prompts': [ '1.5.0', '1.7.0' ],
2134 silly audit   '@stricli/core': [ '1.3.0' ],
2134 silly audit   c12: [ '3.3.4' ],
2134 silly audit   colorette: [ '2.0.20' ],
2134 silly audit   'package-manager-detector': [ '1.8.0' ],
2134 silly audit   'string-width': [ '8.2.2', '7.2.0' ],
2134 silly audit   '@clack/core': [ '1.4.0', '1.4.3' ],
2134 silly audit   'fast-string-width': [ '3.0.2' ],
2134 silly audit   'fast-wrap-ansi': [ '0.2.2' ],
2134 silly audit   sisteransi: [ '1.0.5' ],
2134 silly audit   '@prisma/composer': [ '0.16.0' ],
2134 silly audit   alchemy: [ '2.0.0-beta.74' ],
2134 silly audit   effect: [ '4.0.0-rc.112' ],
2134 silly audit   esbuild: [ '0.28.2' ],
2134 silly audit   '@effect/sql-d1': [ '4.0.0-rc.112' ],
2134 silly audit   '@effect/sql-sqlite-do': [ '4.0.0-rc.112' ],
2134 silly audit   '@standard-schema/spec': [ '1.1.0' ],
2134 silly audit   arktype: [ '2.2.3' ],
2134 silly audit   '@cloudflare/workers-types': [ '5.20260827.1' ],
2134 silly audit   '@vercel/nft': [ '1.11.0' ],
2134 silly audit   magicast: [ '0.5.4' ],
2134 silly audit   'tar-stream': [ '3.2.1' ],
2134 silly audit   'tiny-invariant': [ '1.3.3' ],
2134 silly audit   ws: [ '8.21.3' ],
2134 silly audit   'openapi-fetch': [ '0.14.0' ],
2134 silly audit   '@prisma/orm-framework': [ '8.0.0-rc.8' ],
2134 silly audit   'ci-info': [ '4.4.0' ],
2134 silly audit   clipanion: [ '4.0.0-rc.4' ],
2134 silly audit   'closest-match': [ '1.3.3' ],
2134 silly audit   'jsonc-parser': [ '3.3.1' ],
2134 silly audit   pathe: [ '2.0.3' ],
2134 silly audit   prettier: [ '3.9.6' ],
2134 silly audit   'strip-ansi': [ '7.2.0' ],
2134 silly audit   'vscode-languageserver': [ '10.1.0' ],
2134 silly audit   'vscode-languageserver-textdocument': [ '1.0.12' ],
2134 silly audit   'wrap-ansi': [ '10.0.1', '9.0.2' ],
2134 silly audit   uniku: [ '0.5.0' ],
2134 silly audit   '@mapbox/node-pre-gyp': [ '2.0.3' ],
2134 silly audit   '@rollup/pluginutils': [ '5.4.0' ],
2134 silly audit   'acorn-import-attributes': [ '1.9.5' ],
2134 silly audit   'async-sema': [ '3.1.1' ],
2134 silly audit   bindings: [ '1.5.0' ],
2134 silly audit   'estree-walker': [ '2.0.2' ],
2134 silly audit   glob: [ '13.0.6' ],
2134 silly audit   'node-gyp-build': [ '4.8.4' ],
2134 silly audit   consola: [ '3.4.2' ],
2134 silly audit   'https-proxy-agent': [ '7.0.6' ],
2134 silly audit   'node-fetch': [ '2.7.0' ],
2134 silly audit   nopt: [ '8.1.0' ],
2134 silly audit   tar: [ '7.5.22' ],
2134 silly audit   '@alchemy.run/cloudflare-runtime': [ '2.0.0-beta.74' ],
2134 silly audit   '@alchemy.run/floci': [ '2.0.0-beta.74' ],
2134 silly audit   '@alchemy.run/node-utils': [ '2.0.0-beta.74' ],
2134 silly audit   '@aws-sdk/credential-providers': [ '3.1120.0' ],
2134 silly audit   '@distilled.cloud/aws': [ '1.0.0-rc.6' ],
2134 silly audit   '@distilled.cloud/axiom': [ '1.0.0-rc.6' ],
2134 silly audit   '@distilled.cloud/cloudflare': [ '1.0.0-rc.6' ],
2134 silly audit   '@distilled.cloud/core': [ '1.0.0-rc.6' ],
2134 silly audit   '@distilled.cloud/fly-io': [ '1.0.0-rc.6' ],
2134 silly audit   '@distilled.cloud/hetzner': [ '1.0.0-rc.6' ],
2134 silly audit   '@distilled.cloud/neon': [ '1.0.0-rc.6' ],
2134 silly audit   '@distilled.cloud/planetscale': [ '1.0.0-rc.6' ],
2134 silly audit   '@effect/vitest': [ '4.0.0-rc.112' ],
2134 silly audit   '@libsql/client': [ '0.17.4' ],
2134 silly audit   '@octokit/rest': [ '22.0.1' ],
2134 silly audit   '@octokit/webhooks': [ '14.2.0' ],
2134 silly audit   '@prisma/dev': [ '0.20.0' ],
2134 silly audit   '@smithy/node-config-provider': [ '4.6.2' ],
2134 silly audit   '@smithy/shared-ini-file-loader': [ '4.7.2' ],
2134 silly audit   '@smithy/types': [ '4.17.2' ],
2134 silly audit   '@types/aws-lambda': [ '8.10.162' ],
2134 silly audit   aws4fetch: [ '1.0.20' ],
2134 silly audit   capnweb: [ '0.6.1' ],
2134 silly audit   'fast-xml-parser': [ '5.11.1' ],
2134 silly audit   ink: [ '6.8.0' ],
2134 silly audit   jszip: [ '3.10.1' ],
2134 silly audit   'libsodium-wrappers': [ '0.8.4' ],
2134 silly audit   rolldown: [ '1.1.5' ],
2134 silly audit   undici: [ '7.29.0' ],
2134 silly audit   '@cloudflare/unenv-preset': [ '2.16.1' ],
2134 silly audit   '@puppeteer/browsers': [ '3.2.1' ],
2134 silly audit   'capnp-es': [ '0.0.14' ],
2134 silly audit   unenv: [ '2.0.0-rc.24' ],
2134 silly audit   workerd: [ '1.20260704.1' ],
2134 silly audit   yauzl: [ '3.4.0' ],
2134 silly audit   '@aws-sdk/core': [ '3.977.9' ],
2134 silly audit   '@aws-sdk/credential-provider-cognito-identity': [ '3.972.69' ],
2134 silly audit   '@aws-sdk/credential-provider-env': [ '3.972.70' ],
2134 silly audit   '@aws-sdk/credential-provider-http': [ '3.972.72' ],
2134 silly audit   '@aws-sdk/credential-provider-ini': [ '3.973.15' ],
2134 silly audit   '@aws-sdk/credential-provider-login': [ '3.972.77' ],
2134 silly audit   '@aws-sdk/credential-provider-node': [ '3.972.81' ],
2134 silly audit   '@aws-sdk/credential-provider-process': [ '3.972.70' ],
2134 silly audit   '@aws-sdk/credential-provider-sso': [ '3.973.14' ],
2134 silly audit   '@aws-sdk/credential-provider-web-identity': [ '3.972.76' ],
2134 silly audit   '@aws-sdk/nested-clients': [ '3.997.44' ],
2134 silly audit   '@aws-sdk/types': [ '3.974.5' ],
2134 silly audit   '@smithy/core': [ '3.33.3' ],
2134 silly audit   '@smithy/credential-provider-imds': [ '4.5.2' ],
2134 silly audit   '@aws-sdk/xml-builder': [ '3.972.40' ],
2134 silly audit   '@aws/lambda-invoke-store': [ '0.3.0' ],
2134 silly audit   '@smithy/signature-v4': [ '5.7.3' ],
2134 silly audit   bowser: [ '2.14.1' ],
2134 silly audit   '@smithy/fetch-http-handler': [ '5.7.2' ],
2134 silly audit   '@smithy/node-http-handler': [ '4.11.3' ],
2134 silly audit   '@aws-sdk/token-providers': [ '3.1116.0' ],
2134 silly audit   '@aws-sdk/signature-v4-multi-region': [ '3.996.46' ],
2134 silly audit   '@aws-crypto/crc32': [ '5.2.0' ],
2134 silly audit   '@aws-crypto/util': [ '5.2.0' ],
2134 silly audit   '@smithy/util-base64': [ '4.6.2' ],
2134 silly audit   '@smithy/util-utf8': [ '2.3.0' ],
2134 silly audit   '@libsql/core': [ '0.17.4' ],
2134 silly audit   '@libsql/hrana-client': [ '0.10.0' ],
2134 silly audit   'js-base64': [ '3.9.3' ],
2134 silly audit   libsql: [ '0.5.29' ],
2134 silly audit   'promise-limit': [ '2.7.0' ],
2134 silly audit   '@libsql/isomorphic-ws': [ '0.1.5' ],
2134 silly audit   '@types/ws': [ '8.18.1' ],
2134 silly audit   '@octokit/core': [ '7.0.7' ],
2134 silly audit   '@octokit/plugin-paginate-rest': [ '14.0.0' ],
2134 silly audit   '@octokit/plugin-request-log': [ '6.0.0' ],
2134 silly audit   '@octokit/plugin-rest-endpoint-methods': [ '17.0.0' ],
2134 silly audit   '@octokit/auth-token': [ '6.0.0' ],
2134 silly audit   '@octokit/graphql': [ '9.0.4' ],
2134 silly audit   '@octokit/request': [ '10.0.15' ],
2134 silly audit   '@octokit/request-error': [ '7.1.1' ],
2134 silly audit   '@octokit/types': [ '17.0.0', '16.0.0' ],
2134 silly audit   'before-after-hook': [ '4.0.0' ],
2134 silly audit   'universal-user-agent': [ '7.0.3' ],
2134 silly audit   '@octokit/endpoint': [ '11.0.4' ],
2134 silly audit   'content-type': [ '3.0.0' ],
2134 silly audit   'json-with-bigint': [ '3.5.12' ],
2134 silly audit   '@octokit/openapi-types': [ '28.0.0', '27.0.0' ],
2134 silly audit   '@octokit/openapi-webhooks-types': [ '12.1.0' ],
2134 silly audit   '@octokit/webhooks-methods': [ '6.0.0' ],
2134 silly audit   '@electric-sql/pglite': [ '0.3.15' ],
2134 silly audit   '@electric-sql/pglite-socket': [ '0.0.20' ],
2134 silly audit   '@electric-sql/pglite-tools': [ '0.2.20' ],
2134 silly audit   '@hono/node-server': [ '1.19.9' ],
2134 silly audit   '@mrleebo/prisma-ast': [ '0.13.1' ],
2134 silly audit   '@prisma/get-platform': [ '7.2.0' ],
2134 silly audit   '@prisma/query-plan-executor': [ '7.2.0' ],
2134 silly audit   'foreground-child': [ '3.3.1' ],
2134 silly audit   'get-port-please': [ '3.2.0' ],
2134 silly audit   hono: [ '4.11.4' ],
2134 silly audit   'http-status-codes': [ '2.3.0' ],
2134 silly audit   'proper-lockfile': [ '4.1.2' ],
2134 silly audit   remeda: [ '2.33.4' ],
2134 silly audit   'std-env': [ '3.10.0' ],
2134 silly audit   valibot: [ '1.2.0' ],
2134 silly audit   zeptomatch: [ '2.1.0' ],
2134 silly audit   chevrotain: [ '10.5.0' ],
2134 silly audit   lilconfig: [ '2.1.0' ],
2134 silly audit   '@prisma/debug': [ '7.2.0' ],
2134 silly audit   'modern-tar': [ '0.8.4' ],
2134 silly audit   yargs: [ '18.1.0' ],
2134 silly audit   '@smithy/util-buffer-from': [ '2.2.0' ],
2134 silly audit   '@smithy/is-array-buffer': [ '2.2.0' ],
2134 silly audit   '@ark/schema': [ '0.56.2' ],
2134 silly audit   '@ark/util': [ '0.56.2' ],
2134 silly audit   arkregex: [ '0.0.8' ],
2134 silly audit   'file-uri-to-path': [ '1.0.0' ],
2134 silly audit   chokidar: [ '5.0.0' ],
2134 silly audit   confbox: [ '0.2.4' ],
2134 silly audit   defu: [ '6.1.7' ],
2134 silly audit   exsolve: [ '1.1.1' ],
2134 silly audit   giget: [ '3.3.1' ],
2134 silly audit   ohash: [ '2.0.12' ],
2134 silly audit   'perfect-debounce': [ '2.1.0' ],
2134 silly audit   'pkg-types': [ '2.3.1' ],
2134 silly audit   rc9: [ '3.0.1' ],
2134 silly audit   '@chevrotain/cst-dts-gen': [ '10.5.0' ],
2134 silly audit   '@chevrotain/gast': [ '10.5.0' ],
2134 silly audit   '@chevrotain/types': [ '10.5.0' ],
2134 silly audit   '@chevrotain/utils': [ '10.5.0' ],
2134 silly audit   lodash: [ '4.17.21' ],
2134 silly audit   'regexp-to-ast': [ '0.5.0' ],
2134 silly audit   readdirp: [ '5.1.1' ],
2134 silly audit   typanion: [ '3.14.0' ],
2134 silly audit   'fast-check': [ '4.9.0' ],
2134 silly audit   msgpackr: [ '2.1.0' ],
2134 silly audit   '@esbuild/aix-ppc64': [ '0.28.2' ],
2134 silly audit   '@esbuild/android-arm': [ '0.28.2' ],
2134 silly audit   '@esbuild/android-arm64': [ '0.28.2' ],
2134 silly audit   '@esbuild/android-x64': [ '0.28.2' ],
2134 silly audit   '@esbuild/darwin-arm64': [ '0.28.2' ],
2134 silly audit   '@esbuild/darwin-x64': [ '0.28.2' ],
2134 silly audit   '@esbuild/freebsd-arm64': [ '0.28.2' ],
2134 silly audit   '@esbuild/freebsd-x64': [ '0.28.2' ],
2134 silly audit   '@esbuild/linux-arm': [ '0.28.2' ],
2134 silly audit   '@esbuild/linux-arm64': [ '0.28.2' ],
2134 silly audit   '@esbuild/linux-ia32': [ '0.28.2' ],
2134 silly audit   '@esbuild/linux-loong64': [ '0.28.2' ],
2134 silly audit   '@esbuild/linux-mips64el': [ '0.28.2' ],
2134 silly audit   '@esbuild/linux-ppc64': [ '0.28.2' ],
2134 silly audit   '@esbuild/linux-riscv64': [ '0.28.2' ],
2134 silly audit   '@esbuild/linux-s390x': [ '0.28.2' ],
2134 silly audit   '@esbuild/linux-x64': [ '0.28.2' ],
2134 silly audit   '@esbuild/netbsd-arm64': [ '0.28.2' ],
2134 silly audit   '@esbuild/netbsd-x64': [ '0.28.2' ],
2134 silly audit   '@esbuild/openbsd-arm64': [ '0.28.2' ],
2134 silly audit   '@esbuild/openbsd-x64': [ '0.28.2' ],
2134 silly audit   '@esbuild/openharmony-arm64': [ '0.28.2' ],
2134 silly audit   '@esbuild/sunos-x64': [ '0.28.2' ],
2134 silly audit   '@esbuild/win32-arm64': [ '0.28.2' ],
2134 silly audit   '@esbuild/win32-ia32': [ '0.28.2' ],
2134 silly audit   '@esbuild/win32-x64': [ '0.28.2' ],
2134 silly audit   '@sindresorhus/merge-streams': [ '4.0.0' ],
2134 silly audit   figures: [ '6.1.0' ],
2134 silly audit   'get-stream': [ '9.0.1' ],
2134 silly audit   'human-signals': [ '8.0.1' ],
2134 silly audit   'is-plain-obj': [ '4.1.0' ],
2134 silly audit   'is-stream': [ '4.0.1' ],
2134 silly audit   'npm-run-path': [ '6.0.0' ],
2134 silly audit   'pretty-ms': [ '9.3.0' ],
2134 silly audit   'signal-exit': [ '4.1.0', '3.0.7' ],
2134 silly audit   'strip-final-newline': [ '4.0.0' ],
2134 silly audit   yoctocolors: [ '2.2.0' ],
2134 silly audit   'pure-rand': [ '8.4.2' ],
2134 silly audit   'fast-string-truncated-width': [ '3.0.3' ],
2134 silly audit   '@nodable/entities': [ '3.0.0' ],
2134 silly audit   'fast-xml-builder': [ '1.3.1' ],
2134 silly audit   'is-unsafe': [ '2.0.2' ],
2134 silly audit   'path-expression-matcher': [ '1.6.2' ],
2134 silly audit   strnum: [ '2.4.2' ],
2134 silly audit   'xml-naming': [ '0.3.0' ],
2134 silly audit   'is-unicode-supported': [ '2.1.0' ],
2134 silly audit   '@sec-ant/readable-stream': [ '0.4.1' ],
2134 silly audit   minipass: [ '7.1.3' ],
2134 silly audit   'path-scurry': [ '2.0.2' ],
2134 silly audit   'agent-base': [ '7.1.4' ],
2134 silly audit   '@alcalzone/ansi-tokenize': [ '0.2.5' ],
2134 silly audit   'ansi-escapes': [ '7.3.0' ],
2134 silly audit   'auto-bind': [ '5.0.1' ],
2134 silly audit   'cli-boxes': [ '3.0.0' ],
2134 silly audit   'cli-cursor': [ '4.0.0' ],
2134 silly audit   'cli-truncate': [ '5.2.0' ],
2134 silly audit   'code-excerpt': [ '4.0.0' ],
2134 silly audit   'es-toolkit': [ '1.51.0' ],
2134 silly audit   'indent-string': [ '5.0.0' ],
2134 silly audit   'is-in-ci': [ '2.0.0' ],
2134 silly audit   'patch-console': [ '2.0.0' ],
2134 silly audit   'react-reconciler': [ '0.33.0' ],
2134 silly audit   'slice-ansi': [ '8.0.0' ],
2134 silly audit   'stack-utils': [ '2.0.6' ],
2134 silly audit   'terminal-size': [ '4.0.1' ],
2134 silly audit   'type-fest': [ '5.8.0' ],
2134 silly audit   'widest-line': [ '6.0.0' ],
2134 silly audit   'yoga-layout': [ '3.2.1' ],
2134 silly audit   'is-fullwidth-code-point': [ '5.1.0' ],
2134 silly audit   environment: [ '1.1.0' ],
2134 silly audit   'restore-cursor': [ '4.0.0' ],
2134 silly audit   'convert-to-spaces': [ '2.0.1' ],
2134 silly audit   'get-east-asian-width': [ '1.6.0' ],
2134 silly audit   lie: [ '3.3.0' ],
2134 silly audit   pako: [ '1.0.11' ],
2134 silly audit   'readable-stream': [ '2.3.8' ],
2134 silly audit   setimmediate: [ '1.0.5' ],
2134 silly audit   libsodium: [ '0.8.4' ],
2134 silly audit   '@libsql/darwin-arm64': [ '0.5.29' ],
2134 silly audit   '@libsql/darwin-x64': [ '0.5.29' ],
2134 silly audit   '@libsql/linux-arm-gnueabihf': [ '0.5.29' ],
2134 silly audit   '@libsql/linux-arm-musleabihf': [ '0.5.29' ],
2134 silly audit   '@libsql/linux-arm64-gnu': [ '0.5.29' ],
2134 silly audit   '@libsql/linux-arm64-musl': [ '0.5.29' ],
2134 silly audit   '@libsql/linux-x64-gnu': [ '0.5.29' ],
2134 silly audit   '@libsql/linux-x64-musl': [ '0.5.29' ],
2134 silly audit   '@libsql/win32-x64-msvc': [ '0.5.29' ],
2134 silly audit   '@neon-rs/load': [ '0.0.4' ],
2134 silly audit   immediate: [ '3.0.6' ],
2134 silly audit   'msgpackr-extract': [ '3.0.4' ],
2134 silly audit   '@msgpackr-extract/msgpackr-extract-darwin-arm64': [ '3.0.4' ],
2134 silly audit   '@msgpackr-extract/msgpackr-extract-darwin-x64': [ '3.0.4' ],
2134 silly audit   '@msgpackr-extract/msgpackr-extract-linux-arm': [ '3.0.4' ],
2134 silly audit   '@msgpackr-extract/msgpackr-extract-linux-arm64': [ '3.0.4' ],
2134 silly audit   '@msgpackr-extract/msgpackr-extract-linux-x64': [ '3.0.4' ],
2134 silly audit   '@msgpackr-extract/msgpackr-extract-win32-x64': [ '3.0.4' ],
2134 silly audit   'node-gyp-build-optional-packages': [ '5.2.2' ],
2134 silly audit   'whatwg-url': [ '5.0.0' ],
2134 silly audit   abbrev: [ '3.0.1' ],
2134 silly audit   'unicorn-magic': [ '0.3.0' ],
2134 silly audit   'default-browser': [ '5.5.1' ],
2134 silly audit   'define-lazy-prop': [ '3.0.0' ],
2134 silly audit   'is-in-ssh': [ '1.0.0' ],
2134 silly audit   'is-inside-container': [ '1.0.0' ],
2134 silly audit   'powershell-utils': [ '0.2.0', '0.1.0' ],
2134 silly audit   'wsl-utils': [ '1.0.0' ],
2134 silly audit   'bundle-name': [ '4.1.0' ],
2134 silly audit   'default-browser-id': [ '5.0.1' ],
2134 silly audit   'run-applescript': [ '7.1.0' ],
2134 silly audit   'is-docker': [ '3.0.0' ],
2134 silly audit   'openapi-typescript-helpers': [ '0.0.15' ],
2134 silly audit   'parse-ms': [ '4.0.0' ],
2134 silly audit   retry: [ '0.12.0' ],
2134 silly audit   destr: [ '2.0.5' ],
2134 silly audit   'core-util-is': [ '1.0.3' ],
2134 silly audit   inherits: [ '2.0.4' ],
2134 silly audit   'process-nextick-args': [ '2.0.1' ],
2134 silly audit   'safe-buffer': [ '5.1.2' ],
2134 silly audit   string_decoder: [ '1.1.1' ],
2134 silly audit   'util-deprecate': [ '1.0.2' ],
2134 silly audit   onetime: [ '5.1.2' ],
2134 silly audit   'mimic-fn': [ '2.1.0' ],
2134 silly audit   '@oxc-project/types': [ '0.139.0' ],
2134 silly audit   '@rolldown/binding-android-arm64': [ '1.1.5' ],
2134 silly audit   '@rolldown/binding-darwin-arm64': [ '1.1.5' ],
2134 silly audit   '@rolldown/binding-darwin-x64': [ '1.1.5' ],
2134 silly audit   '@rolldown/binding-freebsd-x64': [ '1.1.5' ],
2134 silly audit   '@rolldown/binding-linux-arm-gnueabihf': [ '1.1.5' ],
2134 silly audit   '@rolldown/binding-linux-arm64-gnu': [ '1.1.5' ],
2134 silly audit   '@rolldown/binding-linux-arm64-musl': [ '1.1.5' ],
2134 silly audit   '@rolldown/binding-linux-ppc64-gnu': [ '1.1.5' ],
2134 silly audit   '@rolldown/binding-linux-s390x-gnu': [ '1.1.5' ],
2134 silly audit   '@rolldown/binding-linux-x64-gnu': [ '1.1.5' ],
2134 silly audit   '@rolldown/binding-linux-x64-musl': [ '1.1.5' ],
2134 silly audit   '@rolldown/binding-openharmony-arm64': [ '1.1.5' ],
2134 silly audit   '@rolldown/binding-wasm32-wasi': [ '1.1.5' ],
2134 silly audit   '@rolldown/binding-win32-arm64-msvc': [ '1.1.5' ],
2134 silly audit   '@rolldown/binding-win32-x64-msvc': [ '1.1.5' ],
2134 silly audit   '@rolldown/pluginutils': [ '1.0.1' ],
2134 silly audit   'ansi-regex': [ '6.3.0' ],
2134 silly audit   anynum: [ '1.0.1' ],
2134 silly audit   '@isaacs/fs-minipass': [ '4.0.1' ],
2134 silly audit   chownr: [ '3.0.0' ],
2134 silly audit   minizlib: [ '3.1.0' ],
2134 silly audit   b4a: [ '1.8.1' ],
2134 silly audit   'bare-fs': [ '4.8.1' ],
2134 silly audit   'fast-fifo': [ '1.3.2' ],
2134 silly audit   streamx: [ '2.28.1' ],
2134 silly audit   'bare-events': [ '2.9.2' ],
2134 silly audit   'bare-path': [ '3.1.1' ],
2134 silly audit   'bare-stream': [ '2.13.4' ],
2134 silly audit   'bare-url': [ '2.5.2' ],
2134 silly audit   teex: [ '1.0.1' ],
2134 silly audit   'events-universal': [ '1.0.1' ],
2134 silly audit   'text-decoder': [ '1.2.7' ],
2134 silly audit   'tagged-tag': [ '1.0.0' ],
2134 silly audit   '@noble/hashes': [ '2.4.0' ],
2134 silly audit   'vscode-languageserver-protocol': [ '3.18.2' ],
2134 silly audit   'vscode-jsonrpc': [ '9.0.1' ],
2134 silly audit   'vscode-languageserver-types': [ '3.18.0' ],
2134 silly audit   tr46: [ '0.0.3' ],
2134 silly audit   'webidl-conversions': [ '3.0.1' ],
2134 silly audit   '@cloudflare/workerd-darwin-64': [ '1.20260704.1' ],
2134 silly audit   '@cloudflare/workerd-darwin-arm64': [ '1.20260704.1' ],
2134 silly audit   '@cloudflare/workerd-linux-64': [ '1.20260704.1' ],
2134 silly audit   '@cloudflare/workerd-linux-arm64': [ '1.20260704.1' ],
2134 silly audit   '@cloudflare/workerd-windows-64': [ '1.20260704.1' ],
2134 silly audit   'is-wsl': [ '3.1.1' ],
2134 silly audit   cliui: [ '9.0.1' ],
2134 silly audit   'get-caller-file': [ '2.0.5' ],
2134 silly audit   y18n: [ '5.0.8' ],
2134 silly audit   'yargs-parser': [ '22.0.0' ],
2134 silly audit   pend: [ '1.2.0' ],
2134 silly audit   grammex: [ '3.1.13' ],
2134 silly audit   graphmatch: [ '1.1.1' ]
2134 silly audit }
2135 http cache grammex@https://registry.npmjs.org/grammex/-/grammex-3.1.13.tgz 0ms (cache hit)
2136 http cache pend@https://registry.npmjs.org/pend/-/pend-1.2.0.tgz 0ms (cache hit)
2137 http cache yargs-parser@https://registry.npmjs.org/yargs-parser/-/yargs-parser-22.0.0.tgz 0ms (cache hit)
2138 http cache graphmatch@https://registry.npmjs.org/graphmatch/-/graphmatch-1.1.1.tgz 0ms (cache hit)
2139 http cache y18n@https://registry.npmjs.org/y18n/-/y18n-5.0.8.tgz 0ms (cache hit)
2140 http cache get-caller-file@https://registry.npmjs.org/get-caller-file/-/get-caller-file-2.0.5.tgz 0ms (cache hit)
2141 http cache cliui@https://registry.npmjs.org/cliui/-/cliui-9.0.1.tgz 0ms (cache hit)
2142 http cache is-wsl@https://registry.npmjs.org/is-wsl/-/is-wsl-3.1.1.tgz 0ms (cache hit)
2143 http cache webidl-conversions@https://registry.npmjs.org/webidl-conversions/-/webidl-conversions-3.0.1.tgz 0ms (cache hit)
2144 http cache tr46@https://registry.npmjs.org/tr46/-/tr46-0.0.3.tgz 0ms (cache hit)
2145 http cache vscode-languageserver-types@https://registry.npmjs.org/vscode-languageserver-types/-/vscode-languageserver-types-3.18.0.tgz 0ms (cache hit)
2146 http cache vscode-jsonrpc@https://registry.npmjs.org/vscode-jsonrpc/-/vscode-jsonrpc-9.0.1.tgz 0ms (cache hit)
2147 http cache @cloudflare/workerd-darwin-arm64@https://registry.npmjs.org/@cloudflare/workerd-darwin-arm64/-/workerd-darwin-arm64-1.20260704.1.tgz 0ms (cache hit)
2148 http cache vscode-languageserver-protocol@https://registry.npmjs.org/vscode-languageserver-protocol/-/vscode-languageserver-protocol-3.18.2.tgz 0ms (cache hit)
2149 http cache @noble/hashes@https://registry.npmjs.org/@noble/hashes/-/hashes-2.4.0.tgz 0ms (cache hit)
2150 http cache tagged-tag@https://registry.npmjs.org/tagged-tag/-/tagged-tag-1.0.0.tgz 0ms (cache hit)
2151 http cache text-decoder@https://registry.npmjs.org/text-decoder/-/text-decoder-1.2.7.tgz 0ms (cache hit)
2152 http cache events-universal@https://registry.npmjs.org/events-universal/-/events-universal-1.0.1.tgz 0ms (cache hit)
2153 http cache teex@https://registry.npmjs.org/teex/-/teex-1.0.1.tgz 0ms (cache hit)
2154 http cache bare-stream@https://registry.npmjs.org/bare-stream/-/bare-stream-2.13.4.tgz 0ms (cache hit)
2155 http cache bare-path@https://registry.npmjs.org/bare-path/-/bare-path-3.1.1.tgz 0ms (cache hit)
2156 http cache bare-events@https://registry.npmjs.org/bare-events/-/bare-events-2.9.2.tgz 0ms (cache hit)
2157 http cache streamx@https://registry.npmjs.org/streamx/-/streamx-2.28.1.tgz 0ms (cache hit)
2158 http cache fast-fifo@https://registry.npmjs.org/fast-fifo/-/fast-fifo-1.3.2.tgz 0ms (cache hit)
2159 http cache b4a@https://registry.npmjs.org/b4a/-/b4a-1.8.1.tgz 0ms (cache hit)
2160 http cache bare-fs@https://registry.npmjs.org/bare-fs/-/bare-fs-4.8.1.tgz 0ms (cache hit)
2161 http cache chownr@https://registry.npmjs.org/chownr/-/chownr-3.0.0.tgz 0ms (cache hit)
2162 http cache @isaacs/fs-minipass@https://registry.npmjs.org/@isaacs/fs-minipass/-/fs-minipass-4.0.1.tgz 0ms (cache hit)
2163 http cache anynum@https://registry.npmjs.org/anynum/-/anynum-1.0.1.tgz 0ms (cache hit)
2164 http cache bare-url@https://registry.npmjs.org/bare-url/-/bare-url-2.5.2.tgz 0ms (cache hit)
2165 http cache ansi-regex@https://registry.npmjs.org/ansi-regex/-/ansi-regex-6.3.0.tgz 0ms (cache hit)
2166 http cache @rolldown/pluginutils@https://registry.npmjs.org/@rolldown/pluginutils/-/pluginutils-1.0.1.tgz 0ms (cache hit)
2167 http cache @oxc-project/types@https://registry.npmjs.org/@oxc-project/types/-/types-0.139.0.tgz 0ms (cache hit)
2168 http cache mimic-fn@https://registry.npmjs.org/mimic-fn/-/mimic-fn-2.1.0.tgz 0ms (cache hit)
2169 http cache @rolldown/binding-darwin-arm64@https://registry.npmjs.org/@rolldown/binding-darwin-arm64/-/binding-darwin-arm64-1.1.5.tgz 0ms (cache hit)
2170 http cache onetime@https://registry.npmjs.org/onetime/-/onetime-5.1.2.tgz 0ms (cache hit)
2171 http cache minizlib@https://registry.npmjs.org/minizlib/-/minizlib-3.1.0.tgz 0ms (cache hit)
2172 http cache util-deprecate@https://registry.npmjs.org/util-deprecate/-/util-deprecate-1.0.2.tgz 0ms (cache hit)
2173 http cache safe-buffer@https://registry.npmjs.org/safe-buffer/-/safe-buffer-5.1.2.tgz 0ms (cache hit)
2174 http cache string_decoder@https://registry.npmjs.org/string_decoder/-/string_decoder-1.1.1.tgz 0ms (cache hit)
2175 http cache inherits@https://registry.npmjs.org/inherits/-/inherits-2.0.4.tgz 0ms (cache hit)
2176 http cache core-util-is@https://registry.npmjs.org/core-util-is/-/core-util-is-1.0.3.tgz 0ms (cache hit)
2177 http cache retry@https://registry.npmjs.org/retry/-/retry-0.12.0.tgz 0ms (cache hit)
2178 http cache parse-ms@https://registry.npmjs.org/parse-ms/-/parse-ms-4.0.0.tgz 0ms (cache hit)
2179 http cache openapi-typescript-helpers@https://registry.npmjs.org/openapi-typescript-helpers/-/openapi-typescript-helpers-0.0.15.tgz 0ms (cache hit)
2180 http cache is-docker@https://registry.npmjs.org/is-docker/-/is-docker-3.0.0.tgz 0ms (cache hit)
2181 http cache destr@https://registry.npmjs.org/destr/-/destr-2.0.5.tgz 0ms (cache hit)
2182 http cache run-applescript@https://registry.npmjs.org/run-applescript/-/run-applescript-7.1.0.tgz 0ms (cache hit)
2183 http cache default-browser-id@https://registry.npmjs.org/default-browser-id/-/default-browser-id-5.0.1.tgz 0ms (cache hit)
2184 http cache bundle-name@https://registry.npmjs.org/bundle-name/-/bundle-name-4.1.0.tgz 0ms (cache hit)
2185 http cache wsl-utils@https://registry.npmjs.org/wsl-utils/-/wsl-utils-1.0.0.tgz 0ms (cache hit)
2186 http cache powershell-utils@https://registry.npmjs.org/powershell-utils/-/powershell-utils-0.2.0.tgz 0ms (cache hit)
2187 http cache define-lazy-prop@https://registry.npmjs.org/define-lazy-prop/-/define-lazy-prop-3.0.0.tgz 0ms (cache hit)
2188 http cache default-browser@https://registry.npmjs.org/default-browser/-/default-browser-5.5.1.tgz 0ms (cache hit)
2189 http cache is-in-ssh@https://registry.npmjs.org/is-in-ssh/-/is-in-ssh-1.0.0.tgz 0ms (cache hit)
2190 http cache unicorn-magic@https://registry.npmjs.org/unicorn-magic/-/unicorn-magic-0.3.0.tgz 0ms (cache hit)
2191 http cache whatwg-url@https://registry.npmjs.org/whatwg-url/-/whatwg-url-5.0.0.tgz 0ms (cache hit)
2192 http cache node-gyp-build-optional-packages@https://registry.npmjs.org/node-gyp-build-optional-packages/-/node-gyp-build-optional-packages-5.2.2.tgz 0ms (cache hit)
2193 http cache process-nextick-args@https://registry.npmjs.org/process-nextick-args/-/process-nextick-args-2.0.1.tgz 0ms (cache hit)
2194 http cache abbrev@https://registry.npmjs.org/abbrev/-/abbrev-3.0.1.tgz 0ms (cache hit)
2195 http cache @msgpackr-extract/msgpackr-extract-darwin-arm64@https://registry.npmjs.org/@msgpackr-extract/msgpackr-extract-darwin-arm64/-/msgpackr-extract-darwin-arm64-3.0.4.tgz 0ms (cache hit)
2196 http cache msgpackr-extract@https://registry.npmjs.org/msgpackr-extract/-/msgpackr-extract-3.0.4.tgz 0ms (cache hit)
2197 http cache @neon-rs/load@https://registry.npmjs.org/@neon-rs/load/-/load-0.0.4.tgz 0ms (cache hit)
2198 http cache immediate@https://registry.npmjs.org/immediate/-/immediate-3.0.6.tgz 0ms (cache hit)
2199 http cache is-inside-container@https://registry.npmjs.org/is-inside-container/-/is-inside-container-1.0.0.tgz 0ms (cache hit)
2200 http cache @libsql/darwin-arm64@https://registry.npmjs.org/@libsql/darwin-arm64/-/darwin-arm64-0.5.29.tgz 0ms (cache hit)
2201 http cache setimmediate@https://registry.npmjs.org/setimmediate/-/setimmediate-1.0.5.tgz 0ms (cache hit)
2202 http cache libsodium@https://registry.npmjs.org/libsodium/-/libsodium-0.8.4.tgz 0ms (cache hit)
2203 http cache readable-stream@https://registry.npmjs.org/readable-stream/-/readable-stream-2.3.8.tgz 0ms (cache hit)
2204 http cache pako@https://registry.npmjs.org/pako/-/pako-1.0.11.tgz 0ms (cache hit)
2205 http cache get-east-asian-width@https://registry.npmjs.org/get-east-asian-width/-/get-east-asian-width-1.6.0.tgz 0ms (cache hit)
2206 http cache convert-to-spaces@https://registry.npmjs.org/convert-to-spaces/-/convert-to-spaces-2.0.1.tgz 0ms (cache hit)
2207 http cache lie@https://registry.npmjs.org/lie/-/lie-3.3.0.tgz 0ms (cache hit)
2208 http cache restore-cursor@https://registry.npmjs.org/restore-cursor/-/restore-cursor-4.0.0.tgz 0ms (cache hit)
2209 http cache environment@https://registry.npmjs.org/environment/-/environment-1.1.0.tgz 0ms (cache hit)
2210 http cache is-fullwidth-code-point@https://registry.npmjs.org/is-fullwidth-code-point/-/is-fullwidth-code-point-5.1.0.tgz 0ms (cache hit)
2211 http cache yoga-layout@https://registry.npmjs.org/yoga-layout/-/yoga-layout-3.2.1.tgz 0ms (cache hit)
2212 http cache widest-line@https://registry.npmjs.org/widest-line/-/widest-line-6.0.0.tgz 0ms (cache hit)
2213 http cache type-fest@https://registry.npmjs.org/type-fest/-/type-fest-5.8.0.tgz 0ms (cache hit)
2214 http cache terminal-size@https://registry.npmjs.org/terminal-size/-/terminal-size-4.0.1.tgz 0ms (cache hit)
2215 http cache stack-utils@https://registry.npmjs.org/stack-utils/-/stack-utils-2.0.6.tgz 0ms (cache hit)
2216 http cache slice-ansi@https://registry.npmjs.org/slice-ansi/-/slice-ansi-8.0.0.tgz 0ms (cache hit)
2217 http cache react-reconciler@https://registry.npmjs.org/react-reconciler/-/react-reconciler-0.33.0.tgz 0ms (cache hit)
2218 http cache patch-console@https://registry.npmjs.org/patch-console/-/patch-console-2.0.0.tgz 0ms (cache hit)
2219 http cache is-in-ci@https://registry.npmjs.org/is-in-ci/-/is-in-ci-2.0.0.tgz 0ms (cache hit)
2220 http cache indent-string@https://registry.npmjs.org/indent-string/-/indent-string-5.0.0.tgz 0ms (cache hit)
2221 http cache es-toolkit@https://registry.npmjs.org/es-toolkit/-/es-toolkit-1.51.0.tgz 0ms (cache hit)
2222 http cache code-excerpt@https://registry.npmjs.org/code-excerpt/-/code-excerpt-4.0.0.tgz 0ms (cache hit)
2223 http cache cli-truncate@https://registry.npmjs.org/cli-truncate/-/cli-truncate-5.2.0.tgz 0ms (cache hit)
2224 http cache cli-cursor@https://registry.npmjs.org/cli-cursor/-/cli-cursor-4.0.0.tgz 0ms (cache hit)
2225 http cache cli-boxes@https://registry.npmjs.org/cli-boxes/-/cli-boxes-3.0.0.tgz 0ms (cache hit)
2226 http cache ansi-escapes@https://registry.npmjs.org/ansi-escapes/-/ansi-escapes-7.3.0.tgz 0ms (cache hit)
2227 http cache auto-bind@https://registry.npmjs.org/auto-bind/-/auto-bind-5.0.1.tgz 0ms (cache hit)
2228 http cache @alcalzone/ansi-tokenize@https://registry.npmjs.org/@alcalzone/ansi-tokenize/-/ansi-tokenize-0.2.5.tgz 0ms (cache hit)
2229 http cache path-scurry@https://registry.npmjs.org/path-scurry/-/path-scurry-2.0.2.tgz 0ms (cache hit)
2230 http cache minipass@https://registry.npmjs.org/minipass/-/minipass-7.1.3.tgz 0ms (cache hit)
2231 http cache @sec-ant/readable-stream@https://registry.npmjs.org/@sec-ant/readable-stream/-/readable-stream-0.4.1.tgz 0ms (cache hit)
2232 http cache is-unicode-supported@https://registry.npmjs.org/is-unicode-supported/-/is-unicode-supported-2.1.0.tgz 0ms (cache hit)
2233 http cache xml-naming@https://registry.npmjs.org/xml-naming/-/xml-naming-0.3.0.tgz 0ms (cache hit)
2234 http cache strnum@https://registry.npmjs.org/strnum/-/strnum-2.4.2.tgz 0ms (cache hit)
2235 http cache path-expression-matcher@https://registry.npmjs.org/path-expression-matcher/-/path-expression-matcher-1.6.2.tgz 0ms (cache hit)
2236 http cache agent-base@https://registry.npmjs.org/agent-base/-/agent-base-7.1.4.tgz 0ms (cache hit)
2237 http cache fast-xml-builder@https://registry.npmjs.org/fast-xml-builder/-/fast-xml-builder-1.3.1.tgz 0ms (cache hit)
2238 http cache @nodable/entities@https://registry.npmjs.org/@nodable/entities/-/entities-3.0.0.tgz 0ms (cache hit)
2239 http cache is-unsafe@https://registry.npmjs.org/is-unsafe/-/is-unsafe-2.0.2.tgz 0ms (cache hit)
2240 http cache fast-string-truncated-width@https://registry.npmjs.org/fast-string-truncated-width/-/fast-string-truncated-width-3.0.3.tgz 0ms (cache hit)
2241 http cache pure-rand@https://registry.npmjs.org/pure-rand/-/pure-rand-8.4.2.tgz 0ms (cache hit)
2242 http cache strip-final-newline@https://registry.npmjs.org/strip-final-newline/-/strip-final-newline-4.0.0.tgz 0ms (cache hit)
2243 http cache yoctocolors@https://registry.npmjs.org/yoctocolors/-/yoctocolors-2.2.0.tgz 0ms (cache hit)
2244 http cache signal-exit@https://registry.npmjs.org/signal-exit/-/signal-exit-4.1.0.tgz 0ms (cache hit)
2245 http cache pretty-ms@https://registry.npmjs.org/pretty-ms/-/pretty-ms-9.3.0.tgz 0ms (cache hit)
2246 http cache npm-run-path@https://registry.npmjs.org/npm-run-path/-/npm-run-path-6.0.0.tgz 0ms (cache hit)
2247 http cache is-stream@https://registry.npmjs.org/is-stream/-/is-stream-4.0.1.tgz 0ms (cache hit)
2248 http cache is-plain-obj@https://registry.npmjs.org/is-plain-obj/-/is-plain-obj-4.1.0.tgz 0ms (cache hit)
2249 http cache human-signals@https://registry.npmjs.org/human-signals/-/human-signals-8.0.1.tgz 0ms (cache hit)
2250 http cache @sindresorhus/merge-streams@https://registry.npmjs.org/@sindresorhus/merge-streams/-/merge-streams-4.0.0.tgz 0ms (cache hit)
2251 http cache get-stream@https://registry.npmjs.org/get-stream/-/get-stream-9.0.1.tgz 0ms (cache hit)
2252 http cache figures@https://registry.npmjs.org/figures/-/figures-6.1.0.tgz 0ms (cache hit)
2253 http cache @esbuild/darwin-arm64@https://registry.npmjs.org/@esbuild/darwin-arm64/-/darwin-arm64-0.28.2.tgz 0ms (cache hit)
2254 http cache msgpackr@https://registry.npmjs.org/msgpackr/-/msgpackr-2.1.0.tgz 0ms (cache hit)
2255 http cache fast-check@https://registry.npmjs.org/fast-check/-/fast-check-4.9.0.tgz 0ms (cache hit)
2256 http cache typanion@https://registry.npmjs.org/typanion/-/typanion-3.14.0.tgz 0ms (cache hit)
2257 http cache readdirp@https://registry.npmjs.org/readdirp/-/readdirp-5.1.1.tgz 0ms (cache hit)
2258 http cache regexp-to-ast@https://registry.npmjs.org/regexp-to-ast/-/regexp-to-ast-0.5.0.tgz 0ms (cache hit)
2259 http cache lodash@https://registry.npmjs.org/lodash/-/lodash-4.17.21.tgz 0ms (cache hit)
2260 http cache @chevrotain/utils@https://registry.npmjs.org/@chevrotain/utils/-/utils-10.5.0.tgz 0ms (cache hit)
2261 http cache @chevrotain/types@https://registry.npmjs.org/@chevrotain/types/-/types-10.5.0.tgz 0ms (cache hit)
2262 http cache @chevrotain/cst-dts-gen@https://registry.npmjs.org/@chevrotain/cst-dts-gen/-/cst-dts-gen-10.5.0.tgz 0ms (cache hit)
2263 http cache pkg-types@https://registry.npmjs.org/pkg-types/-/pkg-types-2.3.1.tgz 0ms (cache hit)
2264 http cache perfect-debounce@https://registry.npmjs.org/perfect-debounce/-/perfect-debounce-2.1.0.tgz 0ms (cache hit)
2265 http cache ohash@https://registry.npmjs.org/ohash/-/ohash-2.0.12.tgz 0ms (cache hit)
2266 http cache giget@https://registry.npmjs.org/giget/-/giget-3.3.1.tgz 0ms (cache hit)
2267 http cache exsolve@https://registry.npmjs.org/exsolve/-/exsolve-1.1.1.tgz 0ms (cache hit)
2268 http cache defu@https://registry.npmjs.org/defu/-/defu-6.1.7.tgz 0ms (cache hit)
2269 http cache confbox@https://registry.npmjs.org/confbox/-/confbox-0.2.4.tgz 0ms (cache hit)
2270 http cache chokidar@https://registry.npmjs.org/chokidar/-/chokidar-5.0.0.tgz 0ms (cache hit)
2271 http cache arkregex@https://registry.npmjs.org/arkregex/-/arkregex-0.0.8.tgz 0ms (cache hit)
2272 http cache @chevrotain/gast@https://registry.npmjs.org/@chevrotain/gast/-/gast-10.5.0.tgz 0ms (cache hit)
2273 http cache @smithy/is-array-buffer@https://registry.npmjs.org/@smithy/is-array-buffer/-/is-array-buffer-2.2.0.tgz 0ms (cache hit)
2274 http cache @ark/util@https://registry.npmjs.org/@ark/util/-/util-0.56.2.tgz 0ms (cache hit)
2275 http cache @ark/schema@https://registry.npmjs.org/@ark/schema/-/schema-0.56.2.tgz 0ms (cache hit)
2276 http cache yargs@https://registry.npmjs.org/yargs/-/yargs-18.1.0.tgz 0ms (cache hit)
2277 http cache file-uri-to-path@https://registry.npmjs.org/file-uri-to-path/-/file-uri-to-path-1.0.0.tgz 0ms (cache hit)
2278 http cache rc9@https://registry.npmjs.org/rc9/-/rc9-3.0.1.tgz 0ms (cache hit)
2279 http cache @prisma/debug@https://registry.npmjs.org/@prisma/debug/-/debug-7.2.0.tgz 0ms (cache hit)
2280 http cache @smithy/util-buffer-from@https://registry.npmjs.org/@smithy/util-buffer-from/-/util-buffer-from-2.2.0.tgz 0ms (cache hit)
2281 http cache modern-tar@https://registry.npmjs.org/modern-tar/-/modern-tar-0.8.4.tgz 0ms (cache hit)
2282 http cache lilconfig@https://registry.npmjs.org/lilconfig/-/lilconfig-2.1.0.tgz 0ms (cache hit)
2283 http cache zeptomatch@https://registry.npmjs.org/zeptomatch/-/zeptomatch-2.1.0.tgz 0ms (cache hit)
2284 http cache valibot@https://registry.npmjs.org/valibot/-/valibot-1.2.0.tgz 0ms (cache hit)
2285 http cache std-env@https://registry.npmjs.org/std-env/-/std-env-3.10.0.tgz 0ms (cache hit)
2286 http cache proper-lockfile@https://registry.npmjs.org/proper-lockfile/-/proper-lockfile-4.1.2.tgz 0ms (cache hit)
2287 http cache remeda@https://registry.npmjs.org/remeda/-/remeda-2.33.4.tgz 0ms (cache hit)
2288 http cache http-status-codes@https://registry.npmjs.org/http-status-codes/-/http-status-codes-2.3.0.tgz 0ms (cache hit)
2289 http cache hono@https://registry.npmjs.org/hono/-/hono-4.11.4.tgz 0ms (cache hit)
2290 http cache get-port-please@https://registry.npmjs.org/get-port-please/-/get-port-please-3.2.0.tgz 0ms (cache hit)
2291 http cache @prisma/query-plan-executor@https://registry.npmjs.org/@prisma/query-plan-executor/-/query-plan-executor-7.2.0.tgz 0ms (cache hit)
2292 http cache @prisma/get-platform@https://registry.npmjs.org/@prisma/get-platform/-/get-platform-7.2.0.tgz 0ms (cache hit)
2293 http cache @mrleebo/prisma-ast@https://registry.npmjs.org/@mrleebo/prisma-ast/-/prisma-ast-0.13.1.tgz 0ms (cache hit)
2294 http cache @hono/node-server@https://registry.npmjs.org/@hono/node-server/-/node-server-1.19.9.tgz 0ms (cache hit)
2295 http cache chevrotain@https://registry.npmjs.org/chevrotain/-/chevrotain-10.5.0.tgz 0ms (cache hit)
2296 http cache @electric-sql/pglite-tools@https://registry.npmjs.org/@electric-sql/pglite-tools/-/pglite-tools-0.2.20.tgz 0ms (cache hit)
2297 http cache @electric-sql/pglite-socket@https://registry.npmjs.org/@electric-sql/pglite-socket/-/pglite-socket-0.0.20.tgz 0ms (cache hit)
2298 http cache @octokit/openapi-webhooks-types@https://registry.npmjs.org/@octokit/openapi-webhooks-types/-/openapi-webhooks-types-12.1.0.tgz 0ms (cache hit)
2299 http cache @electric-sql/pglite@https://registry.npmjs.org/@electric-sql/pglite/-/pglite-0.3.15.tgz 0ms (cache hit)
2300 http cache @octokit/webhooks-methods@https://registry.npmjs.org/@octokit/webhooks-methods/-/webhooks-methods-6.0.0.tgz 0ms (cache hit)
2301 http cache @octokit/openapi-types@https://registry.npmjs.org/@octokit/openapi-types/-/openapi-types-28.0.0.tgz 0ms (cache hit)
2302 http cache content-type@https://registry.npmjs.org/content-type/-/content-type-3.0.0.tgz 0ms (cache hit)
2303 http cache universal-user-agent@https://registry.npmjs.org/universal-user-agent/-/universal-user-agent-7.0.3.tgz 0ms (cache hit)
2304 http cache json-with-bigint@https://registry.npmjs.org/json-with-bigint/-/json-with-bigint-3.5.12.tgz 0ms (cache hit)
2305 http cache foreground-child@https://registry.npmjs.org/foreground-child/-/foreground-child-3.3.1.tgz 0ms (cache hit)
2306 http cache @octokit/endpoint@https://registry.npmjs.org/@octokit/endpoint/-/endpoint-11.0.4.tgz 0ms (cache hit)
2307 http cache @octokit/types@https://registry.npmjs.org/@octokit/types/-/types-17.0.0.tgz 0ms (cache hit)
2308 http cache @octokit/request-error@https://registry.npmjs.org/@octokit/request-error/-/request-error-7.1.1.tgz 0ms (cache hit)
2309 http cache @octokit/request@https://registry.npmjs.org/@octokit/request/-/request-10.0.15.tgz 0ms (cache hit)
2310 http cache @octokit/plugin-rest-endpoint-methods@https://registry.npmjs.org/@octokit/plugin-rest-endpoint-methods/-/plugin-rest-endpoint-methods-17.0.0.tgz 0ms (cache hit)
2311 http cache @octokit/plugin-request-log@https://registry.npmjs.org/@octokit/plugin-request-log/-/plugin-request-log-6.0.0.tgz 0ms (cache hit)
2312 http cache @octokit/plugin-paginate-rest@https://registry.npmjs.org/@octokit/plugin-paginate-rest/-/plugin-paginate-rest-14.0.0.tgz 0ms (cache hit)
2313 http cache @octokit/core@https://registry.npmjs.org/@octokit/core/-/core-7.0.7.tgz 0ms (cache hit)
2314 http cache @types/ws@https://registry.npmjs.org/@types/ws/-/ws-8.18.1.tgz 0ms (cache hit)
2315 http cache @libsql/isomorphic-ws@https://registry.npmjs.org/@libsql/isomorphic-ws/-/isomorphic-ws-0.1.5.tgz 0ms (cache hit)
2316 http cache promise-limit@https://registry.npmjs.org/promise-limit/-/promise-limit-2.7.0.tgz 0ms (cache hit)
2317 http cache libsql@https://registry.npmjs.org/libsql/-/libsql-0.5.29.tgz 0ms (cache hit)
2318 http cache before-after-hook@https://registry.npmjs.org/before-after-hook/-/before-after-hook-4.0.0.tgz 0ms (cache hit)
2319 http cache js-base64@https://registry.npmjs.org/js-base64/-/js-base64-3.9.3.tgz 0ms (cache hit)
2320 http cache @libsql/hrana-client@https://registry.npmjs.org/@libsql/hrana-client/-/hrana-client-0.10.0.tgz 0ms (cache hit)
2321 http cache @libsql/core@https://registry.npmjs.org/@libsql/core/-/core-0.17.4.tgz 0ms (cache hit)
2322 http cache @smithy/util-utf8@https://registry.npmjs.org/@smithy/util-utf8/-/util-utf8-2.3.0.tgz 0ms (cache hit)
2323 http cache @smithy/util-base64@https://registry.npmjs.org/@smithy/util-base64/-/util-base64-4.6.2.tgz 0ms (cache hit)
2324 http cache @aws-crypto/util@https://registry.npmjs.org/@aws-crypto/util/-/util-5.2.0.tgz 0ms (cache hit)
2325 http cache @aws-crypto/crc32@https://registry.npmjs.org/@aws-crypto/crc32/-/crc32-5.2.0.tgz 0ms (cache hit)
2326 http cache @aws-sdk/signature-v4-multi-region@https://registry.npmjs.org/@aws-sdk/signature-v4-multi-region/-/signature-v4-multi-region-3.996.46.tgz 0ms (cache hit)
2327 http cache @aws-sdk/token-providers@https://registry.npmjs.org/@aws-sdk/token-providers/-/token-providers-3.1116.0.tgz 0ms (cache hit)
2328 http cache @smithy/node-http-handler@https://registry.npmjs.org/@smithy/node-http-handler/-/node-http-handler-4.11.3.tgz 0ms (cache hit)
2329 http cache @smithy/fetch-http-handler@https://registry.npmjs.org/@smithy/fetch-http-handler/-/fetch-http-handler-5.7.2.tgz 0ms (cache hit)
2330 http cache bowser@https://registry.npmjs.org/bowser/-/bowser-2.14.1.tgz 0ms (cache hit)
2331 http cache @smithy/signature-v4@https://registry.npmjs.org/@smithy/signature-v4/-/signature-v4-5.7.3.tgz 0ms (cache hit)
2332 http cache @aws/lambda-invoke-store@https://registry.npmjs.org/@aws/lambda-invoke-store/-/lambda-invoke-store-0.3.0.tgz 0ms (cache hit)
2333 http cache @aws-sdk/xml-builder@https://registry.npmjs.org/@aws-sdk/xml-builder/-/xml-builder-3.972.40.tgz 0ms (cache hit)
2334 http cache @smithy/credential-provider-imds@https://registry.npmjs.org/@smithy/credential-provider-imds/-/credential-provider-imds-4.5.2.tgz 0ms (cache hit)
2335 http cache @smithy/core@https://registry.npmjs.org/@smithy/core/-/core-3.33.3.tgz 0ms (cache hit)
2336 http cache @aws-sdk/types@https://registry.npmjs.org/@aws-sdk/types/-/types-3.974.5.tgz 0ms (cache hit)
2337 http cache @aws-sdk/nested-clients@https://registry.npmjs.org/@aws-sdk/nested-clients/-/nested-clients-3.997.44.tgz 0ms (cache hit)
2338 http cache @aws-sdk/credential-provider-web-identity@https://registry.npmjs.org/@aws-sdk/credential-provider-web-identity/-/credential-provider-web-identity-3.972.76.tgz 0ms (cache hit)
2339 http cache @aws-sdk/credential-provider-sso@https://registry.npmjs.org/@aws-sdk/credential-provider-sso/-/credential-provider-sso-3.973.14.tgz 0ms (cache hit)
2340 http cache @aws-sdk/credential-provider-process@https://registry.npmjs.org/@aws-sdk/credential-provider-process/-/credential-provider-process-3.972.70.tgz 0ms (cache hit)
2341 http cache @aws-sdk/credential-provider-node@https://registry.npmjs.org/@aws-sdk/credential-provider-node/-/credential-provider-node-3.972.81.tgz 0ms (cache hit)
2342 http cache @aws-sdk/credential-provider-login@https://registry.npmjs.org/@aws-sdk/credential-provider-login/-/credential-provider-login-3.972.77.tgz 0ms (cache hit)
2343 http cache @aws-sdk/credential-provider-ini@https://registry.npmjs.org/@aws-sdk/credential-provider-ini/-/credential-provider-ini-3.973.15.tgz 0ms (cache hit)
2344 http cache @aws-sdk/credential-provider-http@https://registry.npmjs.org/@aws-sdk/credential-provider-http/-/credential-provider-http-3.972.72.tgz 0ms (cache hit)
2345 http cache @aws-sdk/credential-provider-env@https://registry.npmjs.org/@aws-sdk/credential-provider-env/-/credential-provider-env-3.972.70.tgz 0ms (cache hit)
2346 http cache @aws-sdk/credential-provider-cognito-identity@https://registry.npmjs.org/@aws-sdk/credential-provider-cognito-identity/-/credential-provider-cognito-identity-3.972.69.tgz 0ms (cache hit)
2347 http cache @aws-sdk/core@https://registry.npmjs.org/@aws-sdk/core/-/core-3.977.9.tgz 0ms (cache hit)
2348 http cache yauzl@https://registry.npmjs.org/yauzl/-/yauzl-3.4.0.tgz 0ms (cache hit)
2349 http cache workerd@https://registry.npmjs.org/workerd/-/workerd-1.20260704.1.tgz 0ms (cache hit)
2350 http cache unenv@https://registry.npmjs.org/unenv/-/unenv-2.0.0-rc.24.tgz 0ms (cache hit)
2351 http cache capnp-es@https://registry.npmjs.org/capnp-es/-/capnp-es-0.0.14.tgz 0ms (cache hit)
2352 http cache @puppeteer/browsers@https://registry.npmjs.org/@puppeteer/browsers/-/browsers-3.2.1.tgz 0ms (cache hit)
2353 http cache @cloudflare/unenv-preset@https://registry.npmjs.org/@cloudflare/unenv-preset/-/unenv-preset-2.16.1.tgz 0ms (cache hit)
2354 http cache undici@https://registry.npmjs.org/undici/-/undici-7.29.0.tgz 0ms (cache hit)
2355 http cache rolldown@https://registry.npmjs.org/rolldown/-/rolldown-1.1.5.tgz 0ms (cache hit)
2356 http cache libsodium-wrappers@https://registry.npmjs.org/libsodium-wrappers/-/libsodium-wrappers-0.8.4.tgz 0ms (cache hit)
2357 http cache jszip@https://registry.npmjs.org/jszip/-/jszip-3.10.1.tgz 0ms (cache hit)
2358 http cache ink@https://registry.npmjs.org/ink/-/ink-6.8.0.tgz 0ms (cache hit)
2359 http cache fast-xml-parser@https://registry.npmjs.org/fast-xml-parser/-/fast-xml-parser-5.11.1.tgz 0ms (cache hit)
2360 http cache capnweb@https://registry.npmjs.org/capnweb/-/capnweb-0.6.1.tgz 0ms (cache hit)
2361 http cache aws4fetch@https://registry.npmjs.org/aws4fetch/-/aws4fetch-1.0.20.tgz 0ms (cache hit)
2362 http cache @types/aws-lambda@https://registry.npmjs.org/@types/aws-lambda/-/aws-lambda-8.10.162.tgz 0ms (cache hit)
2363 http cache @smithy/types@https://registry.npmjs.org/@smithy/types/-/types-4.17.2.tgz 0ms (cache hit)
2364 http cache @smithy/shared-ini-file-loader@https://registry.npmjs.org/@smithy/shared-ini-file-loader/-/shared-ini-file-loader-4.7.2.tgz 0ms (cache hit)
2365 http cache @prisma/dev@https://registry.npmjs.org/@prisma/dev/-/dev-0.20.0.tgz 0ms (cache hit)
2366 http cache @octokit/webhooks@https://registry.npmjs.org/@octokit/webhooks/-/webhooks-14.2.0.tgz 0ms (cache hit)
2367 http cache @smithy/node-config-provider@https://registry.npmjs.org/@smithy/node-config-provider/-/node-config-provider-4.6.2.tgz 0ms (cache hit)
2368 http cache @octokit/rest@https://registry.npmjs.org/@octokit/rest/-/rest-22.0.1.tgz 0ms (cache hit)
2369 http cache @libsql/client@https://registry.npmjs.org/@libsql/client/-/client-0.17.4.tgz 0ms (cache hit)
2370 http cache @effect/vitest@https://registry.npmjs.org/@effect/vitest/-/vitest-4.0.0-rc.112.tgz 0ms (cache hit)
2371 http cache @distilled.cloud/planetscale@https://registry.npmjs.org/@distilled.cloud/planetscale/-/planetscale-1.0.0-rc.6.tgz 0ms (cache hit)
2372 http cache @distilled.cloud/neon@https://registry.npmjs.org/@distilled.cloud/neon/-/neon-1.0.0-rc.6.tgz 0ms (cache hit)
2373 http cache @distilled.cloud/hetzner@https://registry.npmjs.org/@distilled.cloud/hetzner/-/hetzner-1.0.0-rc.6.tgz 0ms (cache hit)
2374 http cache @distilled.cloud/fly-io@https://registry.npmjs.org/@distilled.cloud/fly-io/-/fly-io-1.0.0-rc.6.tgz 0ms (cache hit)
2375 http cache @distilled.cloud/core@https://registry.npmjs.org/@distilled.cloud/core/-/core-1.0.0-rc.6.tgz 0ms (cache hit)
2376 http cache @distilled.cloud/cloudflare@https://registry.npmjs.org/@distilled.cloud/cloudflare/-/cloudflare-1.0.0-rc.6.tgz 0ms (cache hit)
2377 http cache @distilled.cloud/axiom@https://registry.npmjs.org/@distilled.cloud/axiom/-/axiom-1.0.0-rc.6.tgz 0ms (cache hit)
2378 http cache @distilled.cloud/aws@https://registry.npmjs.org/@distilled.cloud/aws/-/aws-1.0.0-rc.6.tgz 0ms (cache hit)
2379 http cache @aws-sdk/credential-providers@https://registry.npmjs.org/@aws-sdk/credential-providers/-/credential-providers-3.1120.0.tgz 0ms (cache hit)
2380 http cache @alchemy.run/node-utils@https://registry.npmjs.org/@alchemy.run/node-utils/-/node-utils-2.0.0-beta.74.tgz 0ms (cache hit)
2381 http cache @alchemy.run/floci@https://registry.npmjs.org/@alchemy.run/floci/-/floci-2.0.0-beta.74.tgz 0ms (cache hit)
2382 http cache @alchemy.run/cloudflare-runtime@https://registry.npmjs.org/@alchemy.run/cloudflare-runtime/-/cloudflare-runtime-2.0.0-beta.74.tgz 0ms (cache hit)
2383 http cache tar@https://registry.npmjs.org/tar/-/tar-7.5.22.tgz 0ms (cache hit)
2384 http cache nopt@https://registry.npmjs.org/nopt/-/nopt-8.1.0.tgz 0ms (cache hit)
2385 http cache node-fetch@https://registry.npmjs.org/node-fetch/-/node-fetch-2.7.0.tgz 0ms (cache hit)
2386 http cache https-proxy-agent@https://registry.npmjs.org/https-proxy-agent/-/https-proxy-agent-7.0.6.tgz 0ms (cache hit)
2387 http cache consola@https://registry.npmjs.org/consola/-/consola-3.4.2.tgz 0ms (cache hit)
2388 http cache node-gyp-build@https://registry.npmjs.org/node-gyp-build/-/node-gyp-build-4.8.4.tgz 0ms (cache hit)
2389 http cache glob@https://registry.npmjs.org/glob/-/glob-13.0.6.tgz 0ms (cache hit)
2390 http cache estree-walker@https://registry.npmjs.org/estree-walker/-/estree-walker-2.0.2.tgz 0ms (cache hit)
2391 http cache bindings@https://registry.npmjs.org/bindings/-/bindings-1.5.0.tgz 0ms (cache hit)
2392 http cache async-sema@https://registry.npmjs.org/async-sema/-/async-sema-3.1.1.tgz 0ms (cache hit)
2393 http cache acorn-import-attributes@https://registry.npmjs.org/acorn-import-attributes/-/acorn-import-attributes-1.9.5.tgz 0ms (cache hit)
2394 http cache @rollup/pluginutils@https://registry.npmjs.org/@rollup/pluginutils/-/pluginutils-5.4.0.tgz 0ms (cache hit)
2395 http cache uniku@https://registry.npmjs.org/uniku/-/uniku-0.5.0.tgz 0ms (cache hit)
2396 http cache @mapbox/node-pre-gyp@https://registry.npmjs.org/@mapbox/node-pre-gyp/-/node-pre-gyp-2.0.3.tgz 0ms (cache hit)
2397 http cache wrap-ansi@https://registry.npmjs.org/wrap-ansi/-/wrap-ansi-10.0.1.tgz 0ms (cache hit)
2398 http cache vscode-languageserver-textdocument@https://registry.npmjs.org/vscode-languageserver-textdocument/-/vscode-languageserver-textdocument-1.0.12.tgz 0ms (cache hit)
2399 http cache vscode-languageserver@https://registry.npmjs.org/vscode-languageserver/-/vscode-languageserver-10.1.0.tgz 0ms (cache hit)
2400 http cache strip-ansi@https://registry.npmjs.org/strip-ansi/-/strip-ansi-7.2.0.tgz 0ms (cache hit)
2401 http cache prettier@https://registry.npmjs.org/prettier/-/prettier-3.9.6.tgz 0ms (cache hit)
2402 http cache pathe@https://registry.npmjs.org/pathe/-/pathe-2.0.3.tgz 0ms (cache hit)
2403 http cache jsonc-parser@https://registry.npmjs.org/jsonc-parser/-/jsonc-parser-3.3.1.tgz 0ms (cache hit)
2404 http cache closest-match@https://registry.npmjs.org/closest-match/-/closest-match-1.3.3.tgz 0ms (cache hit)
2405 http cache clipanion@https://registry.npmjs.org/clipanion/-/clipanion-4.0.0-rc.4.tgz 0ms (cache hit)
2406 http cache ci-info@https://registry.npmjs.org/ci-info/-/ci-info-4.4.0.tgz 0ms (cache hit)
2407 http cache @prisma/orm-framework@https://registry.npmjs.org/@prisma/orm-framework/-/orm-framework-8.0.0-rc.8.tgz 0ms (cache hit)
2408 http cache openapi-fetch@https://registry.npmjs.org/openapi-fetch/-/openapi-fetch-0.14.0.tgz 0ms (cache hit)
2409 http cache ws@https://registry.npmjs.org/ws/-/ws-8.21.3.tgz 0ms (cache hit)
2410 http cache tiny-invariant@https://registry.npmjs.org/tiny-invariant/-/tiny-invariant-1.3.3.tgz 0ms (cache hit)
2411 http cache tar-stream@https://registry.npmjs.org/tar-stream/-/tar-stream-3.2.1.tgz 0ms (cache hit)
2412 http cache magicast@https://registry.npmjs.org/magicast/-/magicast-0.5.4.tgz 0ms (cache hit)
2413 http cache @vercel/nft@https://registry.npmjs.org/@vercel/nft/-/nft-1.11.0.tgz 0ms (cache hit)
2414 http cache @cloudflare/workers-types@https://registry.npmjs.org/@cloudflare/workers-types/-/workers-types-5.20260827.1.tgz 0ms (cache hit)
2415 http cache arktype@https://registry.npmjs.org/arktype/-/arktype-2.2.3.tgz 0ms (cache hit)
2416 http cache @standard-schema/spec@https://registry.npmjs.org/@standard-schema/spec/-/spec-1.1.0.tgz 0ms (cache hit)
2417 http cache @effect/sql-sqlite-do@https://registry.npmjs.org/@effect/sql-sqlite-do/-/sql-sqlite-do-4.0.0-rc.112.tgz 0ms (cache hit)
2418 http cache @effect/sql-d1@https://registry.npmjs.org/@effect/sql-d1/-/sql-d1-4.0.0-rc.112.tgz 0ms (cache hit)
2419 http cache esbuild@https://registry.npmjs.org/esbuild/-/esbuild-0.28.2.tgz 0ms (cache hit)
2420 http cache alchemy@https://registry.npmjs.org/alchemy/-/alchemy-2.0.0-beta.74.tgz 0ms (cache hit)
2421 http cache effect@https://registry.npmjs.org/effect/-/effect-4.0.0-rc.112.tgz 0ms (cache hit)
2422 http cache @prisma/composer@https://registry.npmjs.org/@prisma/composer/-/composer-0.16.0.tgz 0ms (cache hit)
2423 http cache sisteransi@https://registry.npmjs.org/sisteransi/-/sisteransi-1.0.5.tgz 0ms (cache hit)
2424 http cache fast-wrap-ansi@https://registry.npmjs.org/fast-wrap-ansi/-/fast-wrap-ansi-0.2.2.tgz 0ms (cache hit)
2425 http cache fast-string-width@https://registry.npmjs.org/fast-string-width/-/fast-string-width-3.0.2.tgz 0ms (cache hit)
2426 http cache @clack/core@https://registry.npmjs.org/@clack/core/-/core-1.4.0.tgz 0ms (cache hit)
2427 http cache string-width@https://registry.npmjs.org/string-width/-/string-width-8.2.2.tgz 0ms (cache hit)
2428 http cache package-manager-detector@https://registry.npmjs.org/package-manager-detector/-/package-manager-detector-1.8.0.tgz 0ms (cache hit)
2429 http cache colorette@https://registry.npmjs.org/colorette/-/colorette-2.0.20.tgz 0ms (cache hit)
2430 http cache @stricli/core@https://registry.npmjs.org/@stricli/core/-/core-1.3.0.tgz 0ms (cache hit)
2431 http cache c12@https://registry.npmjs.org/c12/-/c12-3.3.4.tgz 0ms (cache hit)
2432 http cache @clack/prompts@https://registry.npmjs.org/@clack/prompts/-/prompts-1.5.0.tgz 0ms (cache hit)
2433 http cache yaml@https://registry.npmjs.org/yaml/-/yaml-2.9.0.tgz 0ms (cache hit)
2434 http cache jju@https://registry.npmjs.org/jju/-/jju-1.4.0.tgz 0ms (cache hit)
2435 http cache open@https://registry.npmjs.org/open/-/open-11.0.1.tgz 0ms (cache hit)
2436 http cache execa@https://registry.npmjs.org/execa/-/execa-9.6.1.tgz 0ms (cache hit)
2437 http cache dotenv@https://registry.npmjs.org/dotenv/-/dotenv-17.4.2.tgz 0ms (cache hit)
2438 http cache better-result@https://registry.npmjs.org/better-result/-/better-result-2.10.0.tgz 0ms (cache hit)
2439 http cache @vercel/detect-agent@https://registry.npmjs.org/@vercel/detect-agent/-/detect-agent-1.2.5.tgz 0ms (cache hit)
2440 http cache @prisma/orm-toolchain@https://registry.npmjs.org/@prisma/orm-toolchain/-/orm-toolchain-8.0.0-rc.8.tgz 0ms (cache hit)
2441 http cache @prisma/management-api-sdk@https://registry.npmjs.org/@prisma/management-api-sdk/-/management-api-sdk-1.69.0.tgz 0ms (cache hit)
2442 http cache @prisma/compute-sdk@https://registry.npmjs.org/@prisma/compute-sdk/-/compute-sdk-0.42.0.tgz 0ms (cache hit)
2443 http cache @prisma/composer-cli@https://registry.npmjs.org/@prisma/composer-cli/-/composer-cli-0.16.0.tgz 0ms (cache hit)
2444 http cache @manypkg/tools@https://registry.npmjs.org/@manypkg/tools/-/tools-2.1.2.tgz 0ms (cache hit)
2445 http cache @prisma/cli-engine@https://registry.npmjs.org/@prisma/cli-engine/-/cli-engine-0.3.0.tgz 0ms (cache hit)
2446 http cache prisma@https://registry.npmjs.org/prisma/-/prisma-8.0.0-rc.12.tgz 0ms (cache hit)
2447 http cache @types/bcryptjs@https://registry.npmjs.org/@types/bcryptjs/-/bcryptjs-2.4.6.tgz 0ms (cache hit)
2448 http cache ansi-styles@https://registry.npmjs.org/ansi-styles/-/ansi-styles-6.2.3.tgz 0ms (cache hit)
2449 http cache string-width@https://registry.npmjs.org/string-width/-/string-width-7.2.0.tgz 0ms (cache hit)
2450 http cache @octokit/graphql@https://registry.npmjs.org/@octokit/graphql/-/graphql-9.0.4.tgz 0ms (cache hit)
2451 http cache wrap-ansi@https://registry.npmjs.org/wrap-ansi/-/wrap-ansi-9.0.2.tgz 0ms (cache hit)
2452 http cache powershell-utils@https://registry.npmjs.org/powershell-utils/-/powershell-utils-0.1.0.tgz 0ms (cache hit)
2453 http cache isarray@https://registry.npmjs.org/isarray/-/isarray-1.0.0.tgz 0ms (cache hit)
2454 http cache signal-exit@https://registry.npmjs.org/signal-exit/-/signal-exit-3.0.7.tgz 0ms (cache hit)
2455 http cache escape-string-regexp@https://registry.npmjs.org/escape-string-regexp/-/escape-string-regexp-2.0.0.tgz 0ms (cache hit)
2456 http cache ansi-styles@https://registry.npmjs.org/ansi-styles/-/ansi-styles-6.2.3.tgz 0ms (cache hit)
2457 http cache ansi-styles@https://registry.npmjs.org/ansi-styles/-/ansi-styles-6.2.3.tgz 0ms (cache hit)
2458 http cache lru-cache@https://registry.npmjs.org/lru-cache/-/lru-cache-11.5.2.tgz 0ms (cache hit)
2459 http cache path-key@https://registry.npmjs.org/path-key/-/path-key-4.0.0.tgz 0ms (cache hit)
2460 http cache @octokit/auth-token@https://registry.npmjs.org/@octokit/auth-token/-/auth-token-6.0.0.tgz 0ms (cache hit)
2461 http cache signal-exit@https://registry.npmjs.org/signal-exit/-/signal-exit-3.0.7.tgz 0ms (cache hit)
2462 http cache @octokit/openapi-types@https://registry.npmjs.org/@octokit/openapi-types/-/openapi-types-27.0.0.tgz 0ms (cache hit)
2463 http cache @octokit/openapi-types@https://registry.npmjs.org/@octokit/openapi-types/-/openapi-types-27.0.0.tgz 0ms (cache hit)
2464 http cache emoji-regex@https://registry.npmjs.org/emoji-regex/-/emoji-regex-10.6.0.tgz 0ms (cache hit)
2465 http cache @octokit/types@https://registry.npmjs.org/@octokit/types/-/types-16.0.0.tgz 0ms (cache hit)
2466 http cache emoji-regex@https://registry.npmjs.org/emoji-regex/-/emoji-regex-10.6.0.tgz 0ms (cache hit)
2467 http cache detect-libc@https://registry.npmjs.org/detect-libc/-/detect-libc-2.0.2.tgz 0ms (cache hit)
2468 http cache wrap-ansi@https://registry.npmjs.org/wrap-ansi/-/wrap-ansi-9.0.2.tgz 0ms (cache hit)
2469 http cache signal-exit@https://registry.npmjs.org/signal-exit/-/signal-exit-3.0.7.tgz 0ms (cache hit)
2470 http cache string-width@https://registry.npmjs.org/string-width/-/string-width-7.2.0.tgz 0ms (cache hit)
2471 http cache chalk@https://registry.npmjs.org/chalk/-/chalk-5.6.2.tgz 0ms (cache hit)
2472 http cache ansi-styles@https://registry.npmjs.org/ansi-styles/-/ansi-styles-6.2.3.tgz 0ms (cache hit)
2473 http cache yallist@https://registry.npmjs.org/yallist/-/yallist-5.0.0.tgz 0ms (cache hit)
2474 http cache balanced-match@https://registry.npmjs.org/balanced-match/-/balanced-match-4.0.4.tgz 0ms (cache hit)
2475 http cache minimatch@https://registry.npmjs.org/minimatch/-/minimatch-10.2.6.tgz 0ms (cache hit)
2476 http cache brace-expansion@https://registry.npmjs.org/brace-expansion/-/brace-expansion-5.0.9.tgz 0ms (cache hit)
2477 http cache @octokit/types@https://registry.npmjs.org/@octokit/types/-/types-16.0.0.tgz 0ms (cache hit)
2478 http cache semver@https://registry.npmjs.org/semver/-/semver-7.8.5.tgz 0ms (cache hit)
2479 http cache resolve-from@https://registry.npmjs.org/resolve-from/-/resolve-from-5.0.0.tgz 0ms (cache hit)
2480 http cache glob-parent@https://registry.npmjs.org/glob-parent/-/glob-parent-5.1.2.tgz 0ms (cache hit)
2481 http cache picomatch@https://registry.npmjs.org/picomatch/-/picomatch-4.0.7.tgz 0ms (cache hit)
2482 http cache @clack/core@https://registry.npmjs.org/@clack/core/-/core-1.4.3.tgz 0ms (cache hit)
2483 http cache picomatch@https://registry.npmjs.org/picomatch/-/picomatch-4.0.7.tgz 0ms (cache hit)
2484 http cache fast-glob@https://registry.npmjs.org/fast-glob/-/fast-glob-3.3.3.tgz 0ms (cache hit)
2485 http cache @clack/prompts@https://registry.npmjs.org/@clack/prompts/-/prompts-1.7.0.tgz 0ms (cache hit)
2486 http cache picomatch@https://registry.npmjs.org/picomatch/-/picomatch-4.0.7.tgz 0ms (cache hit)
2487 http cache picomatch@https://registry.npmjs.org/picomatch/-/picomatch-4.0.7.tgz 0ms (cache hit)
2488 http cache ansi-styles@https://registry.npmjs.org/ansi-styles/-/ansi-styles-6.2.3.tgz 0ms (cache hit)
2489 silly tarball no local data for grammex@https://registry.npmjs.org/grammex/-/grammex-3.1.13.tgz. Extracting by manifest.
2490 silly tarball no local data for pend@https://registry.npmjs.org/pend/-/pend-1.2.0.tgz. Extracting by manifest.
2491 silly tarball no local data for yargs-parser@https://registry.npmjs.org/yargs-parser/-/yargs-parser-22.0.0.tgz. Extracting by manifest.
2492 silly tarball no local data for graphmatch@https://registry.npmjs.org/graphmatch/-/graphmatch-1.1.1.tgz. Extracting by manifest.
2493 silly tarball no local data for y18n@https://registry.npmjs.org/y18n/-/y18n-5.0.8.tgz. Extracting by manifest.
2494 silly tarball no local data for get-caller-file@https://registry.npmjs.org/get-caller-file/-/get-caller-file-2.0.5.tgz. Extracting by manifest.
2495 silly tarball no local data for cliui@https://registry.npmjs.org/cliui/-/cliui-9.0.1.tgz. Extracting by manifest.
2496 silly tarball no local data for is-wsl@https://registry.npmjs.org/is-wsl/-/is-wsl-3.1.1.tgz. Extracting by manifest.
2497 silly tarball no local data for webidl-conversions@https://registry.npmjs.org/webidl-conversions/-/webidl-conversions-3.0.1.tgz. Extracting by manifest.
2498 silly tarball no local data for tr46@https://registry.npmjs.org/tr46/-/tr46-0.0.3.tgz. Extracting by manifest.
2499 silly tarball no local data for vscode-languageserver-types@https://registry.npmjs.org/vscode-languageserver-types/-/vscode-languageserver-types-3.18.0.tgz. Extracting by manifest.
2500 silly tarball no local data for vscode-jsonrpc@https://registry.npmjs.org/vscode-jsonrpc/-/vscode-jsonrpc-9.0.1.tgz. Extracting by manifest.
2501 silly tarball no local data for @cloudflare/workerd-darwin-arm64@https://registry.npmjs.org/@cloudflare/workerd-darwin-arm64/-/workerd-darwin-arm64-1.20260704.1.tgz. Extracting by manifest.
2502 silly tarball no local data for vscode-languageserver-protocol@https://registry.npmjs.org/vscode-languageserver-protocol/-/vscode-languageserver-protocol-3.18.2.tgz. Extracting by manifest.
2503 silly tarball no local data for @noble/hashes@https://registry.npmjs.org/@noble/hashes/-/hashes-2.4.0.tgz. Extracting by manifest.
2504 silly tarball no local data for tagged-tag@https://registry.npmjs.org/tagged-tag/-/tagged-tag-1.0.0.tgz. Extracting by manifest.
2505 silly tarball no local data for text-decoder@https://registry.npmjs.org/text-decoder/-/text-decoder-1.2.7.tgz. Extracting by manifest.
2506 silly tarball no local data for events-universal@https://registry.npmjs.org/events-universal/-/events-universal-1.0.1.tgz. Extracting by manifest.
2507 silly tarball no local data for teex@https://registry.npmjs.org/teex/-/teex-1.0.1.tgz. Extracting by manifest.
2508 silly tarball no local data for bare-stream@https://registry.npmjs.org/bare-stream/-/bare-stream-2.13.4.tgz. Extracting by manifest.
2509 silly tarball no local data for bare-path@https://registry.npmjs.org/bare-path/-/bare-path-3.1.1.tgz. Extracting by manifest.
2510 silly tarball no local data for bare-events@https://registry.npmjs.org/bare-events/-/bare-events-2.9.2.tgz. Extracting by manifest.
2511 silly tarball no local data for streamx@https://registry.npmjs.org/streamx/-/streamx-2.28.1.tgz. Extracting by manifest.
2512 silly tarball no local data for fast-fifo@https://registry.npmjs.org/fast-fifo/-/fast-fifo-1.3.2.tgz. Extracting by manifest.
2513 silly tarball no local data for b4a@https://registry.npmjs.org/b4a/-/b4a-1.8.1.tgz. Extracting by manifest.
2514 silly tarball no local data for bare-fs@https://registry.npmjs.org/bare-fs/-/bare-fs-4.8.1.tgz. Extracting by manifest.
2515 silly tarball no local data for chownr@https://registry.npmjs.org/chownr/-/chownr-3.0.0.tgz. Extracting by manifest.
2516 silly tarball no local data for @isaacs/fs-minipass@https://registry.npmjs.org/@isaacs/fs-minipass/-/fs-minipass-4.0.1.tgz. Extracting by manifest.
2517 silly tarball no local data for anynum@https://registry.npmjs.org/anynum/-/anynum-1.0.1.tgz. Extracting by manifest.
2518 silly tarball no local data for bare-url@https://registry.npmjs.org/bare-url/-/bare-url-2.5.2.tgz. Extracting by manifest.
2519 silly tarball no local data for ansi-regex@https://registry.npmjs.org/ansi-regex/-/ansi-regex-6.3.0.tgz. Extracting by manifest.
2520 silly tarball no local data for @rolldown/pluginutils@https://registry.npmjs.org/@rolldown/pluginutils/-/pluginutils-1.0.1.tgz. Extracting by manifest.
2521 silly tarball no local data for @oxc-project/types@https://registry.npmjs.org/@oxc-project/types/-/types-0.139.0.tgz. Extracting by manifest.
2522 silly tarball no local data for mimic-fn@https://registry.npmjs.org/mimic-fn/-/mimic-fn-2.1.0.tgz. Extracting by manifest.
2523 silly tarball no local data for @rolldown/binding-darwin-arm64@https://registry.npmjs.org/@rolldown/binding-darwin-arm64/-/binding-darwin-arm64-1.1.5.tgz. Extracting by manifest.
2524 silly tarball no local data for onetime@https://registry.npmjs.org/onetime/-/onetime-5.1.2.tgz. Extracting by manifest.
2525 silly tarball no local data for minizlib@https://registry.npmjs.org/minizlib/-/minizlib-3.1.0.tgz. Extracting by manifest.
2526 silly tarball no local data for safe-buffer@https://registry.npmjs.org/safe-buffer/-/safe-buffer-5.1.2.tgz. Extracting by manifest.
2527 silly tarball no local data for string_decoder@https://registry.npmjs.org/string_decoder/-/string_decoder-1.1.1.tgz. Extracting by manifest.
2528 silly tarball no local data for util-deprecate@https://registry.npmjs.org/util-deprecate/-/util-deprecate-1.0.2.tgz. Extracting by manifest.
2529 silly tarball no local data for inherits@https://registry.npmjs.org/inherits/-/inherits-2.0.4.tgz. Extracting by manifest.
2530 silly tarball no local data for core-util-is@https://registry.npmjs.org/core-util-is/-/core-util-is-1.0.3.tgz. Extracting by manifest.
2531 silly tarball no local data for retry@https://registry.npmjs.org/retry/-/retry-0.12.0.tgz. Extracting by manifest.
2532 silly tarball no local data for parse-ms@https://registry.npmjs.org/parse-ms/-/parse-ms-4.0.0.tgz. Extracting by manifest.
2533 silly tarball no local data for openapi-typescript-helpers@https://registry.npmjs.org/openapi-typescript-helpers/-/openapi-typescript-helpers-0.0.15.tgz. Extracting by manifest.
2534 silly tarball no local data for destr@https://registry.npmjs.org/destr/-/destr-2.0.5.tgz. Extracting by manifest.
2535 silly tarball no local data for is-docker@https://registry.npmjs.org/is-docker/-/is-docker-3.0.0.tgz. Extracting by manifest.
2536 silly tarball no local data for run-applescript@https://registry.npmjs.org/run-applescript/-/run-applescript-7.1.0.tgz. Extracting by manifest.
2537 silly tarball no local data for default-browser-id@https://registry.npmjs.org/default-browser-id/-/default-browser-id-5.0.1.tgz. Extracting by manifest.
2538 silly tarball no local data for bundle-name@https://registry.npmjs.org/bundle-name/-/bundle-name-4.1.0.tgz. Extracting by manifest.
2539 silly tarball no local data for wsl-utils@https://registry.npmjs.org/wsl-utils/-/wsl-utils-1.0.0.tgz. Extracting by manifest.
2540 silly tarball no local data for powershell-utils@https://registry.npmjs.org/powershell-utils/-/powershell-utils-0.2.0.tgz. Extracting by manifest.
2541 silly tarball no local data for define-lazy-prop@https://registry.npmjs.org/define-lazy-prop/-/define-lazy-prop-3.0.0.tgz. Extracting by manifest.
2542 silly tarball no local data for default-browser@https://registry.npmjs.org/default-browser/-/default-browser-5.5.1.tgz. Extracting by manifest.
2543 silly tarball no local data for is-in-ssh@https://registry.npmjs.org/is-in-ssh/-/is-in-ssh-1.0.0.tgz. Extracting by manifest.
2544 silly tarball no local data for unicorn-magic@https://registry.npmjs.org/unicorn-magic/-/unicorn-magic-0.3.0.tgz. Extracting by manifest.
2545 silly tarball no local data for whatwg-url@https://registry.npmjs.org/whatwg-url/-/whatwg-url-5.0.0.tgz. Extracting by manifest.
2546 silly tarball no local data for node-gyp-build-optional-packages@https://registry.npmjs.org/node-gyp-build-optional-packages/-/node-gyp-build-optional-packages-5.2.2.tgz. Extracting by manifest.
2547 silly tarball no local data for process-nextick-args@https://registry.npmjs.org/process-nextick-args/-/process-nextick-args-2.0.1.tgz. Extracting by manifest.
2548 silly tarball no local data for abbrev@https://registry.npmjs.org/abbrev/-/abbrev-3.0.1.tgz. Extracting by manifest.
2549 silly tarball no local data for @msgpackr-extract/msgpackr-extract-darwin-arm64@https://registry.npmjs.org/@msgpackr-extract/msgpackr-extract-darwin-arm64/-/msgpackr-extract-darwin-arm64-3.0.4.tgz. Extracting by manifest.
2550 silly tarball no local data for msgpackr-extract@https://registry.npmjs.org/msgpackr-extract/-/msgpackr-extract-3.0.4.tgz. Extracting by manifest.
2551 silly tarball no local data for @neon-rs/load@https://registry.npmjs.org/@neon-rs/load/-/load-0.0.4.tgz. Extracting by manifest.
2552 silly tarball no local data for immediate@https://registry.npmjs.org/immediate/-/immediate-3.0.6.tgz. Extracting by manifest.
2553 silly tarball no local data for is-inside-container@https://registry.npmjs.org/is-inside-container/-/is-inside-container-1.0.0.tgz. Extracting by manifest.
2554 silly tarball no local data for setimmediate@https://registry.npmjs.org/setimmediate/-/setimmediate-1.0.5.tgz. Extracting by manifest.
2555 silly tarball no local data for libsodium@https://registry.npmjs.org/libsodium/-/libsodium-0.8.4.tgz. Extracting by manifest.
2556 silly tarball no local data for readable-stream@https://registry.npmjs.org/readable-stream/-/readable-stream-2.3.8.tgz. Extracting by manifest.
2557 silly tarball no local data for @libsql/darwin-arm64@https://registry.npmjs.org/@libsql/darwin-arm64/-/darwin-arm64-0.5.29.tgz. Extracting by manifest.
2558 silly tarball no local data for pako@https://registry.npmjs.org/pako/-/pako-1.0.11.tgz. Extracting by manifest.
2559 silly tarball no local data for get-east-asian-width@https://registry.npmjs.org/get-east-asian-width/-/get-east-asian-width-1.6.0.tgz. Extracting by manifest.
2560 silly tarball no local data for convert-to-spaces@https://registry.npmjs.org/convert-to-spaces/-/convert-to-spaces-2.0.1.tgz. Extracting by manifest.
2561 silly tarball no local data for lie@https://registry.npmjs.org/lie/-/lie-3.3.0.tgz. Extracting by manifest.
2562 silly tarball no local data for restore-cursor@https://registry.npmjs.org/restore-cursor/-/restore-cursor-4.0.0.tgz. Extracting by manifest.
2563 silly tarball no local data for environment@https://registry.npmjs.org/environment/-/environment-1.1.0.tgz. Extracting by manifest.
2564 silly tarball no local data for is-fullwidth-code-point@https://registry.npmjs.org/is-fullwidth-code-point/-/is-fullwidth-code-point-5.1.0.tgz. Extracting by manifest.
2565 silly tarball no local data for yoga-layout@https://registry.npmjs.org/yoga-layout/-/yoga-layout-3.2.1.tgz. Extracting by manifest.
2566 silly tarball no local data for widest-line@https://registry.npmjs.org/widest-line/-/widest-line-6.0.0.tgz. Extracting by manifest.
2567 silly tarball no local data for type-fest@https://registry.npmjs.org/type-fest/-/type-fest-5.8.0.tgz. Extracting by manifest.
2568 silly tarball no local data for terminal-size@https://registry.npmjs.org/terminal-size/-/terminal-size-4.0.1.tgz. Extracting by manifest.
2569 silly tarball no local data for stack-utils@https://registry.npmjs.org/stack-utils/-/stack-utils-2.0.6.tgz. Extracting by manifest.
2570 silly tarball no local data for slice-ansi@https://registry.npmjs.org/slice-ansi/-/slice-ansi-8.0.0.tgz. Extracting by manifest.
2571 silly tarball no local data for react-reconciler@https://registry.npmjs.org/react-reconciler/-/react-reconciler-0.33.0.tgz. Extracting by manifest.
2572 silly tarball no local data for patch-console@https://registry.npmjs.org/patch-console/-/patch-console-2.0.0.tgz. Extracting by manifest.
2573 silly tarball no local data for is-in-ci@https://registry.npmjs.org/is-in-ci/-/is-in-ci-2.0.0.tgz. Extracting by manifest.
2574 silly tarball no local data for indent-string@https://registry.npmjs.org/indent-string/-/indent-string-5.0.0.tgz. Extracting by manifest.
2575 silly tarball no local data for es-toolkit@https://registry.npmjs.org/es-toolkit/-/es-toolkit-1.51.0.tgz. Extracting by manifest.
2576 silly tarball no local data for code-excerpt@https://registry.npmjs.org/code-excerpt/-/code-excerpt-4.0.0.tgz. Extracting by manifest.
2577 silly tarball no local data for cli-truncate@https://registry.npmjs.org/cli-truncate/-/cli-truncate-5.2.0.tgz. Extracting by manifest.
2578 silly tarball no local data for cli-cursor@https://registry.npmjs.org/cli-cursor/-/cli-cursor-4.0.0.tgz. Extracting by manifest.
2579 silly tarball no local data for cli-boxes@https://registry.npmjs.org/cli-boxes/-/cli-boxes-3.0.0.tgz. Extracting by manifest.
2580 silly tarball no local data for ansi-escapes@https://registry.npmjs.org/ansi-escapes/-/ansi-escapes-7.3.0.tgz. Extracting by manifest.
2581 silly tarball no local data for auto-bind@https://registry.npmjs.org/auto-bind/-/auto-bind-5.0.1.tgz. Extracting by manifest.
2582 silly tarball no local data for @alcalzone/ansi-tokenize@https://registry.npmjs.org/@alcalzone/ansi-tokenize/-/ansi-tokenize-0.2.5.tgz. Extracting by manifest.
2583 silly tarball no local data for path-scurry@https://registry.npmjs.org/path-scurry/-/path-scurry-2.0.2.tgz. Extracting by manifest.
2584 silly tarball no local data for minipass@https://registry.npmjs.org/minipass/-/minipass-7.1.3.tgz. Extracting by manifest.
2585 silly tarball no local data for @sec-ant/readable-stream@https://registry.npmjs.org/@sec-ant/readable-stream/-/readable-stream-0.4.1.tgz. Extracting by manifest.
2586 silly tarball no local data for is-unicode-supported@https://registry.npmjs.org/is-unicode-supported/-/is-unicode-supported-2.1.0.tgz. Extracting by manifest.
2587 silly tarball no local data for xml-naming@https://registry.npmjs.org/xml-naming/-/xml-naming-0.3.0.tgz. Extracting by manifest.
2588 silly tarball no local data for strnum@https://registry.npmjs.org/strnum/-/strnum-2.4.2.tgz. Extracting by manifest.
2589 silly tarball no local data for path-expression-matcher@https://registry.npmjs.org/path-expression-matcher/-/path-expression-matcher-1.6.2.tgz. Extracting by manifest.
2590 silly tarball no local data for agent-base@https://registry.npmjs.org/agent-base/-/agent-base-7.1.4.tgz. Extracting by manifest.
2591 silly tarball no local data for fast-xml-builder@https://registry.npmjs.org/fast-xml-builder/-/fast-xml-builder-1.3.1.tgz. Extracting by manifest.
2592 silly tarball no local data for @nodable/entities@https://registry.npmjs.org/@nodable/entities/-/entities-3.0.0.tgz. Extracting by manifest.
2593 silly tarball no local data for is-unsafe@https://registry.npmjs.org/is-unsafe/-/is-unsafe-2.0.2.tgz. Extracting by manifest.
2594 silly tarball no local data for fast-string-truncated-width@https://registry.npmjs.org/fast-string-truncated-width/-/fast-string-truncated-width-3.0.3.tgz. Extracting by manifest.
2595 silly tarball no local data for pure-rand@https://registry.npmjs.org/pure-rand/-/pure-rand-8.4.2.tgz. Extracting by manifest.
2596 silly tarball no local data for strip-final-newline@https://registry.npmjs.org/strip-final-newline/-/strip-final-newline-4.0.0.tgz. Extracting by manifest.
2597 silly tarball no local data for yoctocolors@https://registry.npmjs.org/yoctocolors/-/yoctocolors-2.2.0.tgz. Extracting by manifest.
2598 silly tarball no local data for signal-exit@https://registry.npmjs.org/signal-exit/-/signal-exit-4.1.0.tgz. Extracting by manifest.
2599 silly tarball no local data for pretty-ms@https://registry.npmjs.org/pretty-ms/-/pretty-ms-9.3.0.tgz. Extracting by manifest.
2600 silly tarball no local data for npm-run-path@https://registry.npmjs.org/npm-run-path/-/npm-run-path-6.0.0.tgz. Extracting by manifest.
2601 silly tarball no local data for is-stream@https://registry.npmjs.org/is-stream/-/is-stream-4.0.1.tgz. Extracting by manifest.
2602 silly tarball no local data for is-plain-obj@https://registry.npmjs.org/is-plain-obj/-/is-plain-obj-4.1.0.tgz. Extracting by manifest.
2603 silly tarball no local data for human-signals@https://registry.npmjs.org/human-signals/-/human-signals-8.0.1.tgz. Extracting by manifest.
2604 silly tarball no local data for @sindresorhus/merge-streams@https://registry.npmjs.org/@sindresorhus/merge-streams/-/merge-streams-4.0.0.tgz. Extracting by manifest.
2605 silly tarball no local data for get-stream@https://registry.npmjs.org/get-stream/-/get-stream-9.0.1.tgz. Extracting by manifest.
2606 silly tarball no local data for figures@https://registry.npmjs.org/figures/-/figures-6.1.0.tgz. Extracting by manifest.
2607 silly tarball no local data for @esbuild/darwin-arm64@https://registry.npmjs.org/@esbuild/darwin-arm64/-/darwin-arm64-0.28.2.tgz. Extracting by manifest.
2608 silly tarball no local data for msgpackr@https://registry.npmjs.org/msgpackr/-/msgpackr-2.1.0.tgz. Extracting by manifest.
2609 silly tarball no local data for fast-check@https://registry.npmjs.org/fast-check/-/fast-check-4.9.0.tgz. Extracting by manifest.
2610 silly tarball no local data for typanion@https://registry.npmjs.org/typanion/-/typanion-3.14.0.tgz. Extracting by manifest.
2611 silly tarball no local data for readdirp@https://registry.npmjs.org/readdirp/-/readdirp-5.1.1.tgz. Extracting by manifest.
2612 silly tarball no local data for regexp-to-ast@https://registry.npmjs.org/regexp-to-ast/-/regexp-to-ast-0.5.0.tgz. Extracting by manifest.
2613 silly tarball no local data for lodash@https://registry.npmjs.org/lodash/-/lodash-4.17.21.tgz. Extracting by manifest.
2614 silly tarball no local data for @chevrotain/utils@https://registry.npmjs.org/@chevrotain/utils/-/utils-10.5.0.tgz. Extracting by manifest.
2615 silly tarball no local data for @chevrotain/types@https://registry.npmjs.org/@chevrotain/types/-/types-10.5.0.tgz. Extracting by manifest.
2616 silly tarball no local data for @chevrotain/cst-dts-gen@https://registry.npmjs.org/@chevrotain/cst-dts-gen/-/cst-dts-gen-10.5.0.tgz. Extracting by manifest.
2617 silly tarball no local data for pkg-types@https://registry.npmjs.org/pkg-types/-/pkg-types-2.3.1.tgz. Extracting by manifest.
2618 silly tarball no local data for perfect-debounce@https://registry.npmjs.org/perfect-debounce/-/perfect-debounce-2.1.0.tgz. Extracting by manifest.
2619 silly tarball no local data for ohash@https://registry.npmjs.org/ohash/-/ohash-2.0.12.tgz. Extracting by manifest.
2620 silly tarball no local data for giget@https://registry.npmjs.org/giget/-/giget-3.3.1.tgz. Extracting by manifest.
2621 silly tarball no local data for exsolve@https://registry.npmjs.org/exsolve/-/exsolve-1.1.1.tgz. Extracting by manifest.
2622 silly tarball no local data for defu@https://registry.npmjs.org/defu/-/defu-6.1.7.tgz. Extracting by manifest.
2623 silly tarball no local data for confbox@https://registry.npmjs.org/confbox/-/confbox-0.2.4.tgz. Extracting by manifest.
2624 silly tarball no local data for chokidar@https://registry.npmjs.org/chokidar/-/chokidar-5.0.0.tgz. Extracting by manifest.
2625 silly tarball no local data for arkregex@https://registry.npmjs.org/arkregex/-/arkregex-0.0.8.tgz. Extracting by manifest.
2626 silly tarball no local data for @chevrotain/gast@https://registry.npmjs.org/@chevrotain/gast/-/gast-10.5.0.tgz. Extracting by manifest.
2627 silly tarball no local data for @smithy/is-array-buffer@https://registry.npmjs.org/@smithy/is-array-buffer/-/is-array-buffer-2.2.0.tgz. Extracting by manifest.
2628 silly tarball no local data for @ark/util@https://registry.npmjs.org/@ark/util/-/util-0.56.2.tgz. Extracting by manifest.
2629 silly tarball no local data for @ark/schema@https://registry.npmjs.org/@ark/schema/-/schema-0.56.2.tgz. Extracting by manifest.
2630 silly tarball no local data for yargs@https://registry.npmjs.org/yargs/-/yargs-18.1.0.tgz. Extracting by manifest.
2631 silly tarball no local data for file-uri-to-path@https://registry.npmjs.org/file-uri-to-path/-/file-uri-to-path-1.0.0.tgz. Extracting by manifest.
2632 silly tarball no local data for rc9@https://registry.npmjs.org/rc9/-/rc9-3.0.1.tgz. Extracting by manifest.
2633 silly tarball no local data for @prisma/debug@https://registry.npmjs.org/@prisma/debug/-/debug-7.2.0.tgz. Extracting by manifest.
2634 silly tarball no local data for @smithy/util-buffer-from@https://registry.npmjs.org/@smithy/util-buffer-from/-/util-buffer-from-2.2.0.tgz. Extracting by manifest.
2635 silly tarball no local data for modern-tar@https://registry.npmjs.org/modern-tar/-/modern-tar-0.8.4.tgz. Extracting by manifest.
2636 silly tarball no local data for lilconfig@https://registry.npmjs.org/lilconfig/-/lilconfig-2.1.0.tgz. Extracting by manifest.
2637 silly tarball no local data for zeptomatch@https://registry.npmjs.org/zeptomatch/-/zeptomatch-2.1.0.tgz. Extracting by manifest.
2638 silly tarball no local data for valibot@https://registry.npmjs.org/valibot/-/valibot-1.2.0.tgz. Extracting by manifest.
2639 silly tarball no local data for std-env@https://registry.npmjs.org/std-env/-/std-env-3.10.0.tgz. Extracting by manifest.
2640 silly tarball no local data for proper-lockfile@https://registry.npmjs.org/proper-lockfile/-/proper-lockfile-4.1.2.tgz. Extracting by manifest.
2641 silly tarball no local data for remeda@https://registry.npmjs.org/remeda/-/remeda-2.33.4.tgz. Extracting by manifest.
2642 silly tarball no local data for http-status-codes@https://registry.npmjs.org/http-status-codes/-/http-status-codes-2.3.0.tgz. Extracting by manifest.
2643 silly tarball no local data for hono@https://registry.npmjs.org/hono/-/hono-4.11.4.tgz. Extracting by manifest.
2644 silly tarball no local data for get-port-please@https://registry.npmjs.org/get-port-please/-/get-port-please-3.2.0.tgz. Extracting by manifest.
2645 silly tarball no local data for @prisma/query-plan-executor@https://registry.npmjs.org/@prisma/query-plan-executor/-/query-plan-executor-7.2.0.tgz. Extracting by manifest.
2646 silly tarball no local data for @prisma/get-platform@https://registry.npmjs.org/@prisma/get-platform/-/get-platform-7.2.0.tgz. Extracting by manifest.
2647 silly tarball no local data for @mrleebo/prisma-ast@https://registry.npmjs.org/@mrleebo/prisma-ast/-/prisma-ast-0.13.1.tgz. Extracting by manifest.
2648 silly tarball no local data for @hono/node-server@https://registry.npmjs.org/@hono/node-server/-/node-server-1.19.9.tgz. Extracting by manifest.
2649 silly tarball no local data for chevrotain@https://registry.npmjs.org/chevrotain/-/chevrotain-10.5.0.tgz. Extracting by manifest.
2650 silly tarball no local data for @electric-sql/pglite-tools@https://registry.npmjs.org/@electric-sql/pglite-tools/-/pglite-tools-0.2.20.tgz. Extracting by manifest.
2651 silly tarball no local data for @electric-sql/pglite-socket@https://registry.npmjs.org/@electric-sql/pglite-socket/-/pglite-socket-0.0.20.tgz. Extracting by manifest.
2652 silly tarball no local data for @octokit/openapi-webhooks-types@https://registry.npmjs.org/@octokit/openapi-webhooks-types/-/openapi-webhooks-types-12.1.0.tgz. Extracting by manifest.
2653 silly tarball no local data for @electric-sql/pglite@https://registry.npmjs.org/@electric-sql/pglite/-/pglite-0.3.15.tgz. Extracting by manifest.
2654 silly tarball no local data for @octokit/webhooks-methods@https://registry.npmjs.org/@octokit/webhooks-methods/-/webhooks-methods-6.0.0.tgz. Extracting by manifest.
2655 silly tarball no local data for @octokit/openapi-types@https://registry.npmjs.org/@octokit/openapi-types/-/openapi-types-28.0.0.tgz. Extracting by manifest.
2656 silly tarball no local data for content-type@https://registry.npmjs.org/content-type/-/content-type-3.0.0.tgz. Extracting by manifest.
2657 silly tarball no local data for universal-user-agent@https://registry.npmjs.org/universal-user-agent/-/universal-user-agent-7.0.3.tgz. Extracting by manifest.
2658 silly tarball no local data for json-with-bigint@https://registry.npmjs.org/json-with-bigint/-/json-with-bigint-3.5.12.tgz. Extracting by manifest.
2659 silly tarball no local data for foreground-child@https://registry.npmjs.org/foreground-child/-/foreground-child-3.3.1.tgz. Extracting by manifest.
2660 silly tarball no local data for @octokit/endpoint@https://registry.npmjs.org/@octokit/endpoint/-/endpoint-11.0.4.tgz. Extracting by manifest.
2661 silly tarball no local data for @octokit/types@https://registry.npmjs.org/@octokit/types/-/types-17.0.0.tgz. Extracting by manifest.
2662 silly tarball no local data for @octokit/request-error@https://registry.npmjs.org/@octokit/request-error/-/request-error-7.1.1.tgz. Extracting by manifest.
2663 silly tarball no local data for @octokit/request@https://registry.npmjs.org/@octokit/request/-/request-10.0.15.tgz. Extracting by manifest.
2664 silly tarball no local data for @octokit/plugin-rest-endpoint-methods@https://registry.npmjs.org/@octokit/plugin-rest-endpoint-methods/-/plugin-rest-endpoint-methods-17.0.0.tgz. Extracting by manifest.
2665 silly tarball no local data for @octokit/plugin-request-log@https://registry.npmjs.org/@octokit/plugin-request-log/-/plugin-request-log-6.0.0.tgz. Extracting by manifest.
2666 silly tarball no local data for @octokit/plugin-paginate-rest@https://registry.npmjs.org/@octokit/plugin-paginate-rest/-/plugin-paginate-rest-14.0.0.tgz. Extracting by manifest.
2667 silly tarball no local data for @octokit/core@https://registry.npmjs.org/@octokit/core/-/core-7.0.7.tgz. Extracting by manifest.
2668 silly tarball no local data for @types/ws@https://registry.npmjs.org/@types/ws/-/ws-8.18.1.tgz. Extracting by manifest.
2669 silly tarball no local data for @libsql/isomorphic-ws@https://registry.npmjs.org/@libsql/isomorphic-ws/-/isomorphic-ws-0.1.5.tgz. Extracting by manifest.
2670 silly tarball no local data for promise-limit@https://registry.npmjs.org/promise-limit/-/promise-limit-2.7.0.tgz. Extracting by manifest.
2671 silly tarball no local data for libsql@https://registry.npmjs.org/libsql/-/libsql-0.5.29.tgz. Extracting by manifest.
2672 silly tarball no local data for before-after-hook@https://registry.npmjs.org/before-after-hook/-/before-after-hook-4.0.0.tgz. Extracting by manifest.
2673 silly tarball no local data for js-base64@https://registry.npmjs.org/js-base64/-/js-base64-3.9.3.tgz. Extracting by manifest.
2674 silly tarball no local data for @libsql/hrana-client@https://registry.npmjs.org/@libsql/hrana-client/-/hrana-client-0.10.0.tgz. Extracting by manifest.
2675 silly tarball no local data for @libsql/core@https://registry.npmjs.org/@libsql/core/-/core-0.17.4.tgz. Extracting by manifest.
2676 silly tarball no local data for @smithy/util-utf8@https://registry.npmjs.org/@smithy/util-utf8/-/util-utf8-2.3.0.tgz. Extracting by manifest.
2677 silly tarball no local data for @smithy/util-base64@https://registry.npmjs.org/@smithy/util-base64/-/util-base64-4.6.2.tgz. Extracting by manifest.
2678 silly tarball no local data for @aws-crypto/util@https://registry.npmjs.org/@aws-crypto/util/-/util-5.2.0.tgz. Extracting by manifest.
2679 silly tarball no local data for @aws-crypto/crc32@https://registry.npmjs.org/@aws-crypto/crc32/-/crc32-5.2.0.tgz. Extracting by manifest.
2680 silly tarball no local data for @aws-sdk/signature-v4-multi-region@https://registry.npmjs.org/@aws-sdk/signature-v4-multi-region/-/signature-v4-multi-region-3.996.46.tgz. Extracting by manifest.
2681 silly tarball no local data for @aws-sdk/token-providers@https://registry.npmjs.org/@aws-sdk/token-providers/-/token-providers-3.1116.0.tgz. Extracting by manifest.
2682 silly tarball no local data for @smithy/node-http-handler@https://registry.npmjs.org/@smithy/node-http-handler/-/node-http-handler-4.11.3.tgz. Extracting by manifest.
2683 silly tarball no local data for @smithy/fetch-http-handler@https://registry.npmjs.org/@smithy/fetch-http-handler/-/fetch-http-handler-5.7.2.tgz. Extracting by manifest.
2684 silly tarball no local data for bowser@https://registry.npmjs.org/bowser/-/bowser-2.14.1.tgz. Extracting by manifest.
2685 silly tarball no local data for @smithy/signature-v4@https://registry.npmjs.org/@smithy/signature-v4/-/signature-v4-5.7.3.tgz. Extracting by manifest.
2686 silly tarball no local data for @aws/lambda-invoke-store@https://registry.npmjs.org/@aws/lambda-invoke-store/-/lambda-invoke-store-0.3.0.tgz. Extracting by manifest.
2687 silly tarball no local data for @aws-sdk/xml-builder@https://registry.npmjs.org/@aws-sdk/xml-builder/-/xml-builder-3.972.40.tgz. Extracting by manifest.
2688 silly tarball no local data for @smithy/credential-provider-imds@https://registry.npmjs.org/@smithy/credential-provider-imds/-/credential-provider-imds-4.5.2.tgz. Extracting by manifest.
2689 silly tarball no local data for @smithy/core@https://registry.npmjs.org/@smithy/core/-/core-3.33.3.tgz. Extracting by manifest.
2690 silly tarball no local data for @aws-sdk/types@https://registry.npmjs.org/@aws-sdk/types/-/types-3.974.5.tgz. Extracting by manifest.
2691 silly tarball no local data for @aws-sdk/nested-clients@https://registry.npmjs.org/@aws-sdk/nested-clients/-/nested-clients-3.997.44.tgz. Extracting by manifest.
2692 silly tarball no local data for @aws-sdk/credential-provider-web-identity@https://registry.npmjs.org/@aws-sdk/credential-provider-web-identity/-/credential-provider-web-identity-3.972.76.tgz. Extracting by manifest.
2693 silly tarball no local data for @aws-sdk/credential-provider-sso@https://registry.npmjs.org/@aws-sdk/credential-provider-sso/-/credential-provider-sso-3.973.14.tgz. Extracting by manifest.
2694 silly tarball no local data for @aws-sdk/credential-provider-process@https://registry.npmjs.org/@aws-sdk/credential-provider-process/-/credential-provider-process-3.972.70.tgz. Extracting by manifest.
2695 silly tarball no local data for @aws-sdk/credential-provider-node@https://registry.npmjs.org/@aws-sdk/credential-provider-node/-/credential-provider-node-3.972.81.tgz. Extracting by manifest.
2696 silly tarball no local data for @aws-sdk/credential-provider-login@https://registry.npmjs.org/@aws-sdk/credential-provider-login/-/credential-provider-login-3.972.77.tgz. Extracting by manifest.
2697 silly tarball no local data for @aws-sdk/credential-provider-ini@https://registry.npmjs.org/@aws-sdk/credential-provider-ini/-/credential-provider-ini-3.973.15.tgz. Extracting by manifest.
2698 silly tarball no local data for @aws-sdk/credential-provider-http@https://registry.npmjs.org/@aws-sdk/credential-provider-http/-/credential-provider-http-3.972.72.tgz. Extracting by manifest.
2699 silly tarball no local data for @aws-sdk/credential-provider-env@https://registry.npmjs.org/@aws-sdk/credential-provider-env/-/credential-provider-env-3.972.70.tgz. Extracting by manifest.
2700 silly tarball no local data for @aws-sdk/credential-provider-cognito-identity@https://registry.npmjs.org/@aws-sdk/credential-provider-cognito-identity/-/credential-provider-cognito-identity-3.972.69.tgz. Extracting by manifest.
2701 silly tarball no local data for @aws-sdk/core@https://registry.npmjs.org/@aws-sdk/core/-/core-3.977.9.tgz. Extracting by manifest.
2702 silly tarball no local data for yauzl@https://registry.npmjs.org/yauzl/-/yauzl-3.4.0.tgz. Extracting by manifest.
2703 silly tarball no local data for workerd@https://registry.npmjs.org/workerd/-/workerd-1.20260704.1.tgz. Extracting by manifest.
2704 silly tarball no local data for unenv@https://registry.npmjs.org/unenv/-/unenv-2.0.0-rc.24.tgz. Extracting by manifest.
2705 silly tarball no local data for capnp-es@https://registry.npmjs.org/capnp-es/-/capnp-es-0.0.14.tgz. Extracting by manifest.
2706 silly tarball no local data for @puppeteer/browsers@https://registry.npmjs.org/@puppeteer/browsers/-/browsers-3.2.1.tgz. Extracting by manifest.
2707 silly tarball no local data for @cloudflare/unenv-preset@https://registry.npmjs.org/@cloudflare/unenv-preset/-/unenv-preset-2.16.1.tgz. Extracting by manifest.
2708 silly tarball no local data for undici@https://registry.npmjs.org/undici/-/undici-7.29.0.tgz. Extracting by manifest.
2709 silly tarball no local data for rolldown@https://registry.npmjs.org/rolldown/-/rolldown-1.1.5.tgz. Extracting by manifest.
2710 silly tarball no local data for libsodium-wrappers@https://registry.npmjs.org/libsodium-wrappers/-/libsodium-wrappers-0.8.4.tgz. Extracting by manifest.
2711 silly tarball no local data for jszip@https://registry.npmjs.org/jszip/-/jszip-3.10.1.tgz. Extracting by manifest.
2712 silly tarball no local data for ink@https://registry.npmjs.org/ink/-/ink-6.8.0.tgz. Extracting by manifest.
2713 silly tarball no local data for fast-xml-parser@https://registry.npmjs.org/fast-xml-parser/-/fast-xml-parser-5.11.1.tgz. Extracting by manifest.
2714 silly tarball no local data for capnweb@https://registry.npmjs.org/capnweb/-/capnweb-0.6.1.tgz. Extracting by manifest.
2715 silly tarball no local data for aws4fetch@https://registry.npmjs.org/aws4fetch/-/aws4fetch-1.0.20.tgz. Extracting by manifest.
2716 silly tarball no local data for @types/aws-lambda@https://registry.npmjs.org/@types/aws-lambda/-/aws-lambda-8.10.162.tgz. Extracting by manifest.
2717 silly tarball no local data for @smithy/types@https://registry.npmjs.org/@smithy/types/-/types-4.17.2.tgz. Extracting by manifest.
2718 silly tarball no local data for @smithy/shared-ini-file-loader@https://registry.npmjs.org/@smithy/shared-ini-file-loader/-/shared-ini-file-loader-4.7.2.tgz. Extracting by manifest.
2719 silly tarball no local data for @prisma/dev@https://registry.npmjs.org/@prisma/dev/-/dev-0.20.0.tgz. Extracting by manifest.
2720 silly tarball no local data for @octokit/webhooks@https://registry.npmjs.org/@octokit/webhooks/-/webhooks-14.2.0.tgz. Extracting by manifest.
2721 silly tarball no local data for @smithy/node-config-provider@https://registry.npmjs.org/@smithy/node-config-provider/-/node-config-provider-4.6.2.tgz. Extracting by manifest.
2722 silly tarball no local data for @octokit/rest@https://registry.npmjs.org/@octokit/rest/-/rest-22.0.1.tgz. Extracting by manifest.
2723 silly tarball no local data for @libsql/client@https://registry.npmjs.org/@libsql/client/-/client-0.17.4.tgz. Extracting by manifest.
2724 silly tarball no local data for @effect/vitest@https://registry.npmjs.org/@effect/vitest/-/vitest-4.0.0-rc.112.tgz. Extracting by manifest.
2725 silly tarball no local data for @distilled.cloud/planetscale@https://registry.npmjs.org/@distilled.cloud/planetscale/-/planetscale-1.0.0-rc.6.tgz. Extracting by manifest.
2726 silly tarball no local data for @distilled.cloud/neon@https://registry.npmjs.org/@distilled.cloud/neon/-/neon-1.0.0-rc.6.tgz. Extracting by manifest.
2727 silly tarball no local data for @distilled.cloud/hetzner@https://registry.npmjs.org/@distilled.cloud/hetzner/-/hetzner-1.0.0-rc.6.tgz. Extracting by manifest.
2728 silly tarball no local data for @distilled.cloud/fly-io@https://registry.npmjs.org/@distilled.cloud/fly-io/-/fly-io-1.0.0-rc.6.tgz. Extracting by manifest.
2729 silly tarball no local data for @distilled.cloud/core@https://registry.npmjs.org/@distilled.cloud/core/-/core-1.0.0-rc.6.tgz. Extracting by manifest.
2730 silly tarball no local data for @distilled.cloud/cloudflare@https://registry.npmjs.org/@distilled.cloud/cloudflare/-/cloudflare-1.0.0-rc.6.tgz. Extracting by manifest.
2731 silly tarball no local data for @distilled.cloud/axiom@https://registry.npmjs.org/@distilled.cloud/axiom/-/axiom-1.0.0-rc.6.tgz. Extracting by manifest.
2732 silly tarball no local data for @aws-sdk/credential-providers@https://registry.npmjs.org/@aws-sdk/credential-providers/-/credential-providers-3.1120.0.tgz. Extracting by manifest.
2733 silly tarball no local data for @alchemy.run/node-utils@https://registry.npmjs.org/@alchemy.run/node-utils/-/node-utils-2.0.0-beta.74.tgz. Extracting by manifest.
2734 silly tarball no local data for @distilled.cloud/aws@https://registry.npmjs.org/@distilled.cloud/aws/-/aws-1.0.0-rc.6.tgz. Extracting by manifest.
2735 silly tarball no local data for @alchemy.run/floci@https://registry.npmjs.org/@alchemy.run/floci/-/floci-2.0.0-beta.74.tgz. Extracting by manifest.
2736 silly tarball no local data for @alchemy.run/cloudflare-runtime@https://registry.npmjs.org/@alchemy.run/cloudflare-runtime/-/cloudflare-runtime-2.0.0-beta.74.tgz. Extracting by manifest.
2737 silly tarball no local data for tar@https://registry.npmjs.org/tar/-/tar-7.5.22.tgz. Extracting by manifest.
2738 silly tarball no local data for nopt@https://registry.npmjs.org/nopt/-/nopt-8.1.0.tgz. Extracting by manifest.
2739 silly tarball no local data for node-fetch@https://registry.npmjs.org/node-fetch/-/node-fetch-2.7.0.tgz. Extracting by manifest.
2740 silly tarball no local data for https-proxy-agent@https://registry.npmjs.org/https-proxy-agent/-/https-proxy-agent-7.0.6.tgz. Extracting by manifest.
2741 silly tarball no local data for consola@https://registry.npmjs.org/consola/-/consola-3.4.2.tgz. Extracting by manifest.
2742 silly tarball no local data for node-gyp-build@https://registry.npmjs.org/node-gyp-build/-/node-gyp-build-4.8.4.tgz. Extracting by manifest.
2743 silly tarball no local data for glob@https://registry.npmjs.org/glob/-/glob-13.0.6.tgz. Extracting by manifest.
2744 silly tarball no local data for estree-walker@https://registry.npmjs.org/estree-walker/-/estree-walker-2.0.2.tgz. Extracting by manifest.
2745 silly tarball no local data for bindings@https://registry.npmjs.org/bindings/-/bindings-1.5.0.tgz. Extracting by manifest.
2746 silly tarball no local data for async-sema@https://registry.npmjs.org/async-sema/-/async-sema-3.1.1.tgz. Extracting by manifest.
2747 silly tarball no local data for acorn-import-attributes@https://registry.npmjs.org/acorn-import-attributes/-/acorn-import-attributes-1.9.5.tgz. Extracting by manifest.
2748 silly tarball no local data for @rollup/pluginutils@https://registry.npmjs.org/@rollup/pluginutils/-/pluginutils-5.4.0.tgz. Extracting by manifest.
2749 silly tarball no local data for uniku@https://registry.npmjs.org/uniku/-/uniku-0.5.0.tgz. Extracting by manifest.
2750 silly tarball no local data for @mapbox/node-pre-gyp@https://registry.npmjs.org/@mapbox/node-pre-gyp/-/node-pre-gyp-2.0.3.tgz. Extracting by manifest.
2751 silly tarball no local data for wrap-ansi@https://registry.npmjs.org/wrap-ansi/-/wrap-ansi-10.0.1.tgz. Extracting by manifest.
2752 silly tarball no local data for vscode-languageserver-textdocument@https://registry.npmjs.org/vscode-languageserver-textdocument/-/vscode-languageserver-textdocument-1.0.12.tgz. Extracting by manifest.
2753 silly tarball no local data for vscode-languageserver@https://registry.npmjs.org/vscode-languageserver/-/vscode-languageserver-10.1.0.tgz. Extracting by manifest.
2754 silly tarball no local data for strip-ansi@https://registry.npmjs.org/strip-ansi/-/strip-ansi-7.2.0.tgz. Extracting by manifest.
2755 silly tarball no local data for prettier@https://registry.npmjs.org/prettier/-/prettier-3.9.6.tgz. Extracting by manifest.
2756 silly tarball no local data for pathe@https://registry.npmjs.org/pathe/-/pathe-2.0.3.tgz. Extracting by manifest.
2757 silly tarball no local data for jsonc-parser@https://registry.npmjs.org/jsonc-parser/-/jsonc-parser-3.3.1.tgz. Extracting by manifest.
2758 silly tarball no local data for closest-match@https://registry.npmjs.org/closest-match/-/closest-match-1.3.3.tgz. Extracting by manifest.
2759 silly tarball no local data for clipanion@https://registry.npmjs.org/clipanion/-/clipanion-4.0.0-rc.4.tgz. Extracting by manifest.
2760 silly tarball no local data for ci-info@https://registry.npmjs.org/ci-info/-/ci-info-4.4.0.tgz. Extracting by manifest.
2761 silly tarball no local data for @prisma/orm-framework@https://registry.npmjs.org/@prisma/orm-framework/-/orm-framework-8.0.0-rc.8.tgz. Extracting by manifest.
2762 silly tarball no local data for openapi-fetch@https://registry.npmjs.org/openapi-fetch/-/openapi-fetch-0.14.0.tgz. Extracting by manifest.
2763 silly tarball no local data for ws@https://registry.npmjs.org/ws/-/ws-8.21.3.tgz. Extracting by manifest.
2764 silly tarball no local data for tiny-invariant@https://registry.npmjs.org/tiny-invariant/-/tiny-invariant-1.3.3.tgz. Extracting by manifest.
2765 silly tarball no local data for tar-stream@https://registry.npmjs.org/tar-stream/-/tar-stream-3.2.1.tgz. Extracting by manifest.
2766 silly tarball no local data for magicast@https://registry.npmjs.org/magicast/-/magicast-0.5.4.tgz. Extracting by manifest.
2767 silly tarball no local data for @vercel/nft@https://registry.npmjs.org/@vercel/nft/-/nft-1.11.0.tgz. Extracting by manifest.
2768 silly tarball no local data for @cloudflare/workers-types@https://registry.npmjs.org/@cloudflare/workers-types/-/workers-types-5.20260827.1.tgz. Extracting by manifest.
2769 silly tarball no local data for arktype@https://registry.npmjs.org/arktype/-/arktype-2.2.3.tgz. Extracting by manifest.
2770 silly tarball no local data for @standard-schema/spec@https://registry.npmjs.org/@standard-schema/spec/-/spec-1.1.0.tgz. Extracting by manifest.
2771 silly tarball no local data for @effect/sql-sqlite-do@https://registry.npmjs.org/@effect/sql-sqlite-do/-/sql-sqlite-do-4.0.0-rc.112.tgz. Extracting by manifest.
2772 silly tarball no local data for @effect/sql-d1@https://registry.npmjs.org/@effect/sql-d1/-/sql-d1-4.0.0-rc.112.tgz. Extracting by manifest.
2773 silly tarball no local data for esbuild@https://registry.npmjs.org/esbuild/-/esbuild-0.28.2.tgz. Extracting by manifest.
2774 silly tarball no local data for alchemy@https://registry.npmjs.org/alchemy/-/alchemy-2.0.0-beta.74.tgz. Extracting by manifest.
2775 silly tarball no local data for effect@https://registry.npmjs.org/effect/-/effect-4.0.0-rc.112.tgz. Extracting by manifest.
2776 silly tarball no local data for @prisma/composer@https://registry.npmjs.org/@prisma/composer/-/composer-0.16.0.tgz. Extracting by manifest.
2777 silly tarball no local data for sisteransi@https://registry.npmjs.org/sisteransi/-/sisteransi-1.0.5.tgz. Extracting by manifest.
2778 silly tarball no local data for fast-wrap-ansi@https://registry.npmjs.org/fast-wrap-ansi/-/fast-wrap-ansi-0.2.2.tgz. Extracting by manifest.
2779 silly tarball no local data for fast-string-width@https://registry.npmjs.org/fast-string-width/-/fast-string-width-3.0.2.tgz. Extracting by manifest.
2780 silly tarball no local data for @clack/core@https://registry.npmjs.org/@clack/core/-/core-1.4.0.tgz. Extracting by manifest.
2781 silly tarball no local data for string-width@https://registry.npmjs.org/string-width/-/string-width-8.2.2.tgz. Extracting by manifest.
2782 silly tarball no local data for package-manager-detector@https://registry.npmjs.org/package-manager-detector/-/package-manager-detector-1.8.0.tgz. Extracting by manifest.
2783 silly tarball no local data for colorette@https://registry.npmjs.org/colorette/-/colorette-2.0.20.tgz. Extracting by manifest.
2784 silly tarball no local data for @stricli/core@https://registry.npmjs.org/@stricli/core/-/core-1.3.0.tgz. Extracting by manifest.
2785 silly tarball no local data for c12@https://registry.npmjs.org/c12/-/c12-3.3.4.tgz. Extracting by manifest.
2786 silly tarball no local data for @clack/prompts@https://registry.npmjs.org/@clack/prompts/-/prompts-1.5.0.tgz. Extracting by manifest.
2787 silly tarball no local data for yaml@https://registry.npmjs.org/yaml/-/yaml-2.9.0.tgz. Extracting by manifest.
2788 silly tarball no local data for jju@https://registry.npmjs.org/jju/-/jju-1.4.0.tgz. Extracting by manifest.
2789 silly tarball no local data for open@https://registry.npmjs.org/open/-/open-11.0.1.tgz. Extracting by manifest.
2790 silly tarball no local data for execa@https://registry.npmjs.org/execa/-/execa-9.6.1.tgz. Extracting by manifest.
2791 silly tarball no local data for dotenv@https://registry.npmjs.org/dotenv/-/dotenv-17.4.2.tgz. Extracting by manifest.
2792 silly tarball no local data for better-result@https://registry.npmjs.org/better-result/-/better-result-2.10.0.tgz. Extracting by manifest.
2793 silly tarball no local data for @vercel/detect-agent@https://registry.npmjs.org/@vercel/detect-agent/-/detect-agent-1.2.5.tgz. Extracting by manifest.
2794 silly tarball no local data for @prisma/orm-toolchain@https://registry.npmjs.org/@prisma/orm-toolchain/-/orm-toolchain-8.0.0-rc.8.tgz. Extracting by manifest.
2795 silly tarball no local data for @prisma/management-api-sdk@https://registry.npmjs.org/@prisma/management-api-sdk/-/management-api-sdk-1.69.0.tgz. Extracting by manifest.
2796 silly tarball no local data for @prisma/compute-sdk@https://registry.npmjs.org/@prisma/compute-sdk/-/compute-sdk-0.42.0.tgz. Extracting by manifest.
2797 silly tarball no local data for @prisma/composer-cli@https://registry.npmjs.org/@prisma/composer-cli/-/composer-cli-0.16.0.tgz. Extracting by manifest.
2798 silly tarball no local data for @manypkg/tools@https://registry.npmjs.org/@manypkg/tools/-/tools-2.1.2.tgz. Extracting by manifest.
2799 silly tarball no local data for @prisma/cli-engine@https://registry.npmjs.org/@prisma/cli-engine/-/cli-engine-0.3.0.tgz. Extracting by manifest.
2800 silly tarball no local data for prisma@https://registry.npmjs.org/prisma/-/prisma-8.0.0-rc.12.tgz. Extracting by manifest.
2801 silly tarball no local data for @types/bcryptjs@https://registry.npmjs.org/@types/bcryptjs/-/bcryptjs-2.4.6.tgz. Extracting by manifest.
2802 silly tarball no local data for ansi-styles@https://registry.npmjs.org/ansi-styles/-/ansi-styles-6.2.3.tgz. Extracting by manifest.
2803 silly tarball no local data for string-width@https://registry.npmjs.org/string-width/-/string-width-7.2.0.tgz. Extracting by manifest.
2804 silly tarball no local data for @octokit/graphql@https://registry.npmjs.org/@octokit/graphql/-/graphql-9.0.4.tgz. Extracting by manifest.
2805 silly tarball no local data for wrap-ansi@https://registry.npmjs.org/wrap-ansi/-/wrap-ansi-9.0.2.tgz. Extracting by manifest.
2806 silly tarball no local data for powershell-utils@https://registry.npmjs.org/powershell-utils/-/powershell-utils-0.1.0.tgz. Extracting by manifest.
2807 silly tarball no local data for isarray@https://registry.npmjs.org/isarray/-/isarray-1.0.0.tgz. Extracting by manifest.
2808 silly tarball no local data for signal-exit@https://registry.npmjs.org/signal-exit/-/signal-exit-3.0.7.tgz. Extracting by manifest.
2809 silly tarball no local data for escape-string-regexp@https://registry.npmjs.org/escape-string-regexp/-/escape-string-regexp-2.0.0.tgz. Extracting by manifest.
2810 silly tarball no local data for ansi-styles@https://registry.npmjs.org/ansi-styles/-/ansi-styles-6.2.3.tgz. Extracting by manifest.
2811 silly tarball no local data for ansi-styles@https://registry.npmjs.org/ansi-styles/-/ansi-styles-6.2.3.tgz. Extracting by manifest.
2812 silly tarball no local data for lru-cache@https://registry.npmjs.org/lru-cache/-/lru-cache-11.5.2.tgz. Extracting by manifest.
2813 silly tarball no local data for path-key@https://registry.npmjs.org/path-key/-/path-key-4.0.0.tgz. Extracting by manifest.
2814 silly tarball no local data for @octokit/auth-token@https://registry.npmjs.org/@octokit/auth-token/-/auth-token-6.0.0.tgz. Extracting by manifest.
2815 silly tarball no local data for signal-exit@https://registry.npmjs.org/signal-exit/-/signal-exit-3.0.7.tgz. Extracting by manifest.
2816 silly tarball no local data for @octokit/openapi-types@https://registry.npmjs.org/@octokit/openapi-types/-/openapi-types-27.0.0.tgz. Extracting by manifest.
2817 silly tarball no local data for @octokit/openapi-types@https://registry.npmjs.org/@octokit/openapi-types/-/openapi-types-27.0.0.tgz. Extracting by manifest.
2818 silly tarball no local data for emoji-regex@https://registry.npmjs.org/emoji-regex/-/emoji-regex-10.6.0.tgz. Extracting by manifest.
2819 silly tarball no local data for @octokit/types@https://registry.npmjs.org/@octokit/types/-/types-16.0.0.tgz. Extracting by manifest.
2820 silly tarball no local data for emoji-regex@https://registry.npmjs.org/emoji-regex/-/emoji-regex-10.6.0.tgz. Extracting by manifest.
2821 silly tarball no local data for detect-libc@https://registry.npmjs.org/detect-libc/-/detect-libc-2.0.2.tgz. Extracting by manifest.
2822 silly tarball no local data for wrap-ansi@https://registry.npmjs.org/wrap-ansi/-/wrap-ansi-9.0.2.tgz. Extracting by manifest.
2823 silly tarball no local data for signal-exit@https://registry.npmjs.org/signal-exit/-/signal-exit-3.0.7.tgz. Extracting by manifest.
2824 silly tarball no local data for string-width@https://registry.npmjs.org/string-width/-/string-width-7.2.0.tgz. Extracting by manifest.
2825 silly tarball no local data for chalk@https://registry.npmjs.org/chalk/-/chalk-5.6.2.tgz. Extracting by manifest.
2826 silly tarball no local data for ansi-styles@https://registry.npmjs.org/ansi-styles/-/ansi-styles-6.2.3.tgz. Extracting by manifest.
2827 silly tarball no local data for yallist@https://registry.npmjs.org/yallist/-/yallist-5.0.0.tgz. Extracting by manifest.
2828 silly tarball no local data for @octokit/types@https://registry.npmjs.org/@octokit/types/-/types-16.0.0.tgz. Extracting by manifest.
2829 silly tarball no local data for resolve-from@https://registry.npmjs.org/resolve-from/-/resolve-from-5.0.0.tgz. Extracting by manifest.
2830 silly tarball no local data for @clack/core@https://registry.npmjs.org/@clack/core/-/core-1.4.3.tgz. Extracting by manifest.
2831 silly tarball no local data for fast-glob@https://registry.npmjs.org/fast-glob/-/fast-glob-3.3.3.tgz. Extracting by manifest.
2832 silly tarball no local data for @clack/prompts@https://registry.npmjs.org/@clack/prompts/-/prompts-1.7.0.tgz. Extracting by manifest.
2833 silly tarball no local data for ansi-styles@https://registry.npmjs.org/ansi-styles/-/ansi-styles-6.2.3.tgz. Extracting by manifest.
2834 http fetch GET 200 https://registry.npmjs.org/pend/-/pend-1.2.0.tgz 109ms (cache miss)
2835 http fetch GET 200 https://registry.npmjs.org/is-wsl/-/is-wsl-3.1.1.tgz 109ms (cache miss)
2836 http fetch GET 200 https://registry.npmjs.org/webidl-conversions/-/webidl-conversions-3.0.1.tgz 109ms (cache miss)
2837 http fetch GET 200 https://registry.npmjs.org/graphmatch/-/graphmatch-1.1.1.tgz 110ms (cache miss)
2838 http fetch GET 200 https://registry.npmjs.org/get-caller-file/-/get-caller-file-2.0.5.tgz 110ms (cache miss)
2839 http fetch GET 200 https://registry.npmjs.org/cliui/-/cliui-9.0.1.tgz 110ms (cache miss)
2840 http fetch GET 200 https://registry.npmjs.org/grammex/-/grammex-3.1.13.tgz 117ms (cache miss)
2841 http fetch GET 200 https://registry.npmjs.org/y18n/-/y18n-5.0.8.tgz 121ms (cache miss)
2842 http fetch GET 200 https://registry.npmjs.org/tr46/-/tr46-0.0.3.tgz 132ms (cache miss)
2843 http fetch GET 200 https://registry.npmjs.org/text-decoder/-/text-decoder-1.2.7.tgz 133ms (cache miss)
2844 http fetch GET 200 https://registry.npmjs.org/tagged-tag/-/tagged-tag-1.0.0.tgz 133ms (cache miss)
2845 http fetch GET 200 https://registry.npmjs.org/yargs-parser/-/yargs-parser-22.0.0.tgz 135ms (cache miss)
2846 http fetch GET 200 https://registry.npmjs.org/teex/-/teex-1.0.1.tgz 133ms (cache miss)
2847 http fetch GET 200 https://registry.npmjs.org/events-universal/-/events-universal-1.0.1.tgz 133ms (cache miss)
2848 http fetch GET 200 https://registry.npmjs.org/fast-fifo/-/fast-fifo-1.3.2.tgz 136ms (cache miss)
2849 http fetch GET 200 https://registry.npmjs.org/bare-stream/-/bare-stream-2.13.4.tgz 137ms (cache miss)
2850 http fetch GET 200 https://registry.npmjs.org/bare-events/-/bare-events-2.9.2.tgz 137ms (cache miss)
2851 http fetch GET 200 https://registry.npmjs.org/streamx/-/streamx-2.28.1.tgz 138ms (cache miss)
2852 http fetch GET 200 https://registry.npmjs.org/chownr/-/chownr-3.0.0.tgz 140ms (cache miss)
2853 http fetch GET 200 https://registry.npmjs.org/b4a/-/b4a-1.8.1.tgz 142ms (cache miss)
2854 http fetch GET 200 https://registry.npmjs.org/anynum/-/anynum-1.0.1.tgz 148ms (cache miss)
2855 http fetch POST 200 https://registry.npmjs.org/-/npm/v1/security/advisories/bulk 206ms
2856 silly audit report {
2856 silly audit report   '@hono/node-server': [
2856 silly audit report     {
2856 silly audit report       id: 1114170,
2856 silly audit report       url: 'https://github.com/advisories/GHSA-wc8c-qw6v-h7f6',
2856 silly audit report       title: '@hono/node-server has authorization bypass for protected static paths via encoded slashes in Serve Static Middleware',
2856 silly audit report       severity: 'high',
2856 silly audit report       vulnerable_versions: '<1.19.10',
2856 silly audit report       cwe: [Array],
2856 silly audit report       cvss: [Object]
2856 silly audit report     },
2856 silly audit report     {
2856 silly audit report       id: 1116281,
2856 silly audit report       url: 'https://github.com/advisories/GHSA-92pp-h63x-v22m',
2856 silly audit report       title: '@hono/node-server: Middleware bypass via repeated slashes in serveStatic',
2856 silly audit report       severity: 'moderate',
2856 silly audit report       vulnerable_versions: '<1.19.13',
2856 silly audit report       cwe: [Array],
2856 silly audit report       cvss: [Object]
2856 silly audit report     },
2856 silly audit report     {
2856 silly audit report       id: 1139322,
2856 silly audit report       url: 'https://github.com/advisories/GHSA-frvp-7c67-39w9',
2856 silly audit report       title: 'Node.js Adapter for Hono: Path traversal in `serve-static` on Windows via encoded backslash (`%5C`)',
2856 silly audit report       severity: 'moderate',
2856 silly audit report       vulnerable_versions: '<1.19.15',
2856 silly audit report       cwe: [Array],
2856 silly audit report       cvss: [Object]
2856 silly audit report     }
2856 silly audit report   ],
2856 silly audit report   hono: [
2856 silly audit report     {
2856 silly audit report       id: 1117915,
2856 silly audit report       url: 'https://github.com/advisories/GHSA-qp7p-654g-cw7p',
2856 silly audit report       title: 'Hono has CSS Declaration Injection via Style Object Values in JSX SSR',
2856 silly audit report       severity: 'moderate',
2856 silly audit report       vulnerable_versions: '<4.12.18',
2856 silly audit report       cwe: [Array],
2856 silly audit report       cvss: [Object]
2856 silly audit report     },
2856 silly audit report     {
2856 silly audit report       id: 1118963,
2856 silly audit report       url: 'https://github.com/advisories/GHSA-hm8q-7f3q-5f36',
2856 silly audit report       title: 'Hono has improper validation of NumericDate claims (exp, nbf, iat) in JWT verify()',
2856 silly audit report       severity: 'low',
2856 silly audit report       vulnerable_versions: '<4.12.18',
2856 silly audit report       cwe: [Array],
2856 silly audit report       cvss: [Object]
2856 silly audit report     },
2856 silly audit report     {
2856 silly audit report       id: 1118964,
2856 silly audit report       url: 'https://github.com/advisories/GHSA-p77w-8qqv-26rm',
2856 silly audit report       title: "Hono's Cache Middleware ignores Vary: Authorization / Vary: Cookie leading to cross-user cache leakage",
2856 silly audit report       severity: 'moderate',
2856 silly audit report       vulnerable_versions: '<4.12.18',
2856 silly audit report       cwe: [Array],
2856 silly audit report       cvss: [Object]
2856 silly audit report     },
2856 silly audit report     {
2856 silly audit report       id: 1118982,
2856 silly audit report       url: 'https://github.com/advisories/GHSA-9vqf-7f2p-gf9v',
2856 silly audit report       title: 'Hono: bodyLimit() can be bypassed for chunked / unknown-length requests',
2856 silly audit report       severity: 'moderate',
2856 silly audit report       vulnerable_versions: '<4.12.16',
2856 silly audit report       cwe: [Array],
2856 silly audit report       cvss: [Object]
2856 silly audit report     },
2856 silly audit report     {
2856 silly audit report       id: 1118983,
2856 silly audit report       url: 'https://github.com/advisories/GHSA-69xw-7hcm-h432',
2856 silly audit report       title: 'hono/jsx has Unvalidated JSX Tag Names that May Allow HTML Injection',
2856 silly audit report       severity: 'moderate',
2856 silly audit report       vulnerable_versions: '<4.12.16',
2856 silly audit report       cwe: [Array],
2856 silly audit report       cvss: [Object]
2856 silly audit report     },
2856 silly audit report     {
2856 silly audit report       id: 1112644,
2856 silly audit report       url: 'https://github.com/advisories/GHSA-9r54-q6cx-xmh5',
2856 silly audit report       title: 'Hono vulnerable to XSS through ErrorBoundary component ',
2856 silly audit report       severity: 'moderate',
2856 silly audit report       vulnerable_versions: '<4.11.7',
2856 silly audit report       cwe: [Array],
2856 silly audit report       cvss: [Object]
2856 silly audit report     },
2856 silly audit report     {
2856 silly audit report       id: 1112677,
2856 silly audit report       url: 'https://github.com/advisories/GHSA-6wqw-2p9w-4vw4',
2856 silly audit report       title: 'Hono cache middleware ignores "Cache-Control: private" leading to Web Cache Deception',
2856 silly audit report       severity: 'moderate',
2856 silly audit report       vulnerable_versions: '<4.11.7',
2856 silly audit report       cwe: [Array],
2856 silly audit report       cvss: [Object]
2856 silly audit report     },
2856 silly audit report     {
2856 silly audit report       id: 1112678,
2856 silly audit report       url: 'https://github.com/advisories/GHSA-r354-f388-2fhh',
2856 silly audit report       title: 'Hono IPv4 address validation bypass in IP Restriction Middleware allows IP spoofing',
2856 silly audit report       severity: 'moderate',
2856 silly audit report       vulnerable_versions: '<4.11.7',
2856 silly audit report       cwe: [Array],
2856 silly audit report       cvss: [Object]
2856 silly audit report     },
2856 silly audit report     {
2856 silly audit report       id: 1112911,
2856 silly audit report       url: 'https://github.com/advisories/GHSA-w332-q679-j88p',
2856 silly audit report       title: 'Hono has an Arbitrary Key Read in Serve static Middleware (Cloudflare Workers Adapter)',
2856 silly audit report       severity: 'moderate',
2856 silly audit report       vulnerable_versions: '<4.11.7',
2856 silly audit report       cwe: [Array],
2856 silly audit report       cvss: [Object]
2856 silly audit report     },
2856 silly audit report     {
2856 silly audit report       id: 1113311,
2856 silly audit report       url: 'https://github.com/advisories/GHSA-gq3j-xvxp-8hrf',
2856 silly audit report       title: 'Hono added timing comparison hardening in basicAuth and bearerAuth',
2856 silly audit report       severity: 'low',
2856 silly audit report       vulnerable_versions: '<4.11.10',
2856 silly audit report       cwe: [Array],
2856 silly audit report       cvss: [Object]
2856 silly audit report     },
2856 silly audit report     {
2856 silly audit report       id: 1120082,
2856 silly audit report       url: 'https://github.com/advisories/GHSA-xrhx-7g5j-rcj5',
2856 silly audit report       title: 'Hono: IP Restriction bypasses static deny rules for non-canonical IPv6 ',
2856 silly audit report       severity: 'moderate',
2856 silly audit report       vulnerable_versions: '<4.12.21',
2856 silly audit report       cwe: [Array],
2856 silly audit report       cvss: [Object]
2856 silly audit report     },
2856 silly audit report     {
2856 silly audit report       id: 1120083,
2856 silly audit report       url: 'https://github.com/advisories/GHSA-3hrh-pfw6-9m5x',
2856 silly audit report       title: 'Hono: Cookie helper does not sanitize sameSite and priority, allowing Set-Cookie injection',
2856 silly audit report       severity: 'moderate',
2856 silly audit report       vulnerable_versions: '<4.12.21',
2856 silly audit report       cwe: [Array],
2856 silly audit report       cvss: [Object]
2856 silly audit report     },
2856 silly audit report     {
2856 silly audit report       id: 1120084,
2856 silly audit report       url: 'https://github.com/advisories/GHSA-f577-qrjj-4474',
2856 silly audit report       title: 'Hono: JWT middleware accepts any Authorization scheme, not only Bearer',
2856 silly audit report       severity: 'moderate',
2856 silly audit report       vulnerable_versions: '<4.12.21',
2856 silly audit report       cwe: [Array],
2856 silly audit report       cvss: [Object]
2856 silly audit report     },
2856 silly audit report     {
2856 silly audit report       id: 1120085,
2856 silly audit report       url: 'https://github.com/advisories/GHSA-2gcr-mfcq-wcc3',
2856 silly audit report       title: 'Hono: app.mount() strips mount prefix using undecoded path, causing incorrect routing for percent-encoded paths',
2856 silly audit report       severity: 'moderate',
2856 silly audit report       vulnerable_versions: '<4.12.21',
2856 silly audit report       cwe: [Array],
2856 silly audit report       cvss: [Object]
2856 silly audit report     },
2856 silly audit report     {
2856 silly audit report       id: 1114004,
2856 silly audit report       url: 'https://github.com/advisories/GHSA-5pq2-9x2x-5p6w',
2856 silly audit report       title: 'Hono Vulnerable to Cookie Attribute Injection via Unsanitized domain and path in setCookie()',
2856 silly audit report       severity: 'moderate',
2856 silly audit report       vulnerable_versions: '<4.12.4',
2856 silly audit report       cwe: [Array],
2856 silly audit report       cvss: [Object]
2856 silly audit report     },
2856 silly audit report     {
2856 silly audit report       id: 1114005,
2856 silly audit report       url: 'https://github.com/advisories/GHSA-p6xx-57qc-3wxr',
2856 silly audit report       title: 'Hono Vulnerable to SSE Control Field Injection via CR/LF in writeSSE()',
2856 silly audit report       severity: 'moderate',
2856 silly audit report       vulnerable_versions: '<4.12.4',
2856 silly audit report       cwe: [Array],
2856 silly audit report       cvss: [Object]
2856 silly audit report     },
2856 silly audit report     {
2856 silly audit report       id: 1114006,
2856 silly audit report       url: 'https://github.com/advisories/GHSA-q5qw-h33p-qvwr',
2856 silly audit report       title: 'Hono vulnerable to arbitrary file access via serveStatic vulnerability ',
2856 silly audit report       severity: 'high',
2856 silly audit report       vulnerable_versions: '<4.12.4',
2856 silly audit report       cwe: [Array],
2856 silly audit report       cvss: [Object]
2856 silly audit report     },
2856 silly audit report     {
2856 silly audit report       id: 1114341,
2856 silly audit report       url: 'https://github.com/advisories/GHSA-v8w9-8mx6-g223',
2856 silly audit report       title: 'Hono vulnerable to Prototype Pollution possible through __proto__ key allowed in parseBody({ dot: true })',
2856 silly audit report       severity: 'moderate',
2856 silly audit report       vulnerable_versions: '<4.12.7',
2856 silly audit report       cwe: [Array],
2856 silly audit report       cvss: [Object]
2856 silly audit report     },
2856 silly audit report     {
2856 silly audit report       id: 1130733,
2856 silly audit report       url: 'https://github.com/advisories/GHSA-8j4g-w8fx-2239',
2856 silly audit report       title: 'Hono: ReDoS in CORS middleware via Access-Control-Request-Headers',
2856 silly audit report       severity: 'moderate',
2856 silly audit report       vulnerable_versions: '<4.12.34',
2856 silly audit report       cwe: [Array],
2856 silly audit report       cvss: [Object]
2856 silly audit report     },
2856 silly audit report     {
2856 silly audit report       id: 1121418,
2856 silly audit report       url: 'https://github.com/advisories/GHSA-458j-xx4x-4375',
2856 silly audit report       title: 'hono Improperly Handles JSX Attribute Names Allows HTML Injection in hono/jsx SSR',
2856 silly audit report       severity: 'moderate',
2856 silly audit report       vulnerable_versions: '<4.12.14',
2856 silly audit report       cwe: [Array],
2856 silly audit report       cvss: [Object]
2856 silly audit report     },
2856 silly audit report     {
2856 silly audit report       id: 1116244,
2856 silly audit report       url: 'https://github.com/advisories/GHSA-26pp-8wgv-hjvm',
2856 silly audit report       title: 'Hono missing validation of cookie name on write path in setCookie()',
2856 silly audit report       severity: 'moderate',
2856 silly audit report       vulnerable_versions: '<4.12.12',
2856 silly audit report       cwe: [Array],
2856 silly audit report       cvss: [Object]
2856 silly audit report     },
2856 silly audit report     {
2856 silly audit report       id: 1116277,
2856 silly audit report       url: 'https://github.com/advisories/GHSA-r5rp-j6wh-rvv4',
2856 silly audit report       title: 'Hono: Non-breaking space prefix bypass in cookie name handling in getCookie()',
2856 silly audit report       severity: 'moderate',
2856 silly audit report       vulnerable_versions: '<4.12.12',
2856 silly audit report       cwe: [Array],
2856 silly audit report       cvss: [Object]
2856 silly audit report     },
2856 silly audit report     {
2856 silly audit report       id: 1116279,
2856 silly audit report       url: 'https://github.com/advisories/GHSA-xf4j-xp2r-rqqx',
2856 silly audit report       title: 'Hono: Path traversal in toSSG() allows writing files outside the output directory',
2856 silly audit report       severity: 'moderate',
2856 silly audit report       vulnerable_versions: '>=4.0.0 <=4.12.11',
2856 silly audit report       cwe: [Array],
2856 silly audit report       cvss: [Object]
2856 silly audit report     },
2856 silly audit report     {
2856 silly audit report       id: 1116280,
2856 silly audit report       url: 'https://github.com/advisories/GHSA-wmmm-f939-6g9c',
2856 silly audit report       title: 'Hono: Middleware bypass via repeated slashes in serveStatic',
2856 silly audit report       severity: 'moderate',
2856 silly audit report       vulnerable_versions: '<4.12.12',
2856 silly audit report       cwe: [Array],
2856 silly audit report       cvss: [Object]
2856 silly audit report     },
2856 silly audit report     {
2856 silly audit report       id: 1117087,
2856 silly audit report       url: 'https://github.com/advisories/GHSA-xpcf-pg52-r92g',
2856 silly audit report       title: 'Hono has incorrect IP matching in ipRestriction() for IPv4-mapped IPv6 addresses',
2856 silly audit report       severity: 'moderate',
2856 silly audit report       vulnerable_versions: '<4.12.12',
2856 silly audit report       cwe: [Array],
2856 silly audit report       cvss: [Object]
2856 silly audit report     },
2856 silly audit report     {
2856 silly audit report       id: 1123997,
2856 silly audit report       url: 'https://github.com/advisories/GHSA-rv63-4mwf-qqc2',
2856 silly audit report       title: 'hono: Body Limit Middleware can be bypassed on AWS Lambda by understating `Content-Length`',
2856 silly audit report       severity: 'moderate',
2856 silly audit report       vulnerable_versions: '<4.12.25',
2856 silly audit report       cwe: [Array],
2856 silly audit report       cvss: [Object]
2856 silly audit report     },
2856 silly audit report     {
2856 silly audit report       id: 1123998,
2856 silly audit report       url: 'https://github.com/advisories/GHSA-wgpf-jwqj-8h8p',
2856 silly audit report       title: 'hono: Lambda@Edge adapter keeps only the last value of a repeated request header, dropping the rest',
2856 silly audit report       severity: 'moderate',
2856 silly audit report       vulnerable_versions: '<4.12.25',
2856 silly audit report       cwe: [Array],
2856 silly audit report       cvss: [Object]
2856 silly audit report     },
2856 silly audit report     {
2856 silly audit report       id: 1123999,
2856 silly audit report       url: 'https://github.com/advisories/GHSA-88fw-hqm2-52qc',
2856 silly audit report       title: 'hono: CORS Middleware reflects any Origin with credentials when `origin` defaults to the wildcard',
2856 silly audit report       severity: 'high',
2856 silly audit report       vulnerable_versions: '<4.12.25',
2856 silly audit report       cwe: [Array],
2856 silly audit report       cvss: [Object]
2856 silly audit report     },
2856 silly audit report     {
2856 silly audit report       id: 1124000,
2856 silly audit report       url: 'https://github.com/advisories/GHSA-wwfh-h76j-fc44',
2856 silly audit report       title: 'hono: Path traversal in `serve-static` on Windows via encoded backslash (`%5C`)',
2856 silly audit report       severity: 'moderate',
2856 silly audit report       vulnerable_versions: '<4.12.25',
2856 silly audit report       cwe: [Array],
2856 silly audit report       cvss: [Object]
2856 silly audit report     },
2856 silly audit report     {
2856 silly audit report       id: 1124001,
2856 silly audit report       url: 'https://github.com/advisories/GHSA-j6c9-x7qj-28xf',
2856 silly audit report       title: 'hono: AWS Lambda adapter merges multiple `Set-Cookie` headers into one value, dropping cookies on ALB single-header and Lattice',
2856 silly audit report       severity: 'moderate',
2856 silly audit report       vulnerable_versions: '<4.12.25',
2856 silly audit report       cwe: [Array],
2856 silly audit report       cvss: [Object]
2856 silly audit report     },
2856 silly audit report     {
2856 silly audit report       id: 1124005,
2856 silly audit report       url: 'https://github.com/advisories/GHSA-xgm2-5f3f-mvvc',
2856 silly audit report       title: 'Hono: API Gateway v1 adapter can drop a distinct repeated request header value during de-duplication',
2856 silly audit report       severity: 'moderate',
2856 silly audit report       vulnerable_versions: '>=4.3.3 <4.12.27',
2856 silly audit report       cwe: [Array],
2856 silly audit report       cvss: [Object]
2856 silly audit report     },
2856 silly audit report     {
2856 silly audit report       id: 1124010,
2856 silly audit report       url: 'https://github.com/advisories/GHSA-w62v-xxxg-mg59',
2856 silly audit report       title: 'Hono: Server-Side XSS via JSX Escaping Bypass in cx() Utility',
2856 silly audit report       severity: 'moderate',
2856 silly audit report       vulnerable_versions: '>=4.0.0 <4.12.27',
2856 silly audit report       cwe: [Array],
2856 silly audit report       cvss: [Object]
2856 silly audit report     },
2856 silly audit report     {
2856 silly audit report       id: 1138771,
2856 silly audit report       url: 'https://github.com/advisories/GHSA-f23p-vx2j-j53r',
2856 silly audit report       title: 'Hono: `memo()` retains SSR output across requests, leading to cross-user data disclosure',
2856 silly audit report       severity: 'moderate',
2856 silly audit report       vulnerable_versions: '>=3.8.0 <4.12.34',
2856 silly audit report       cwe: [Array],
2856 silly audit report       cvss: [Object]
2856 silly audit report     },
2856 silly audit report     {
2856 silly audit report       id: 1138772,
2856 silly audit report       url: 'https://github.com/advisories/GHSA-79qm-7rj5-m7r9',
2856 silly audit report       title: 'Hono: Proxy Helper does not remove response headers listed in the `Connection` header',
2856 silly audit report       severity: 'low',
2856 silly audit report       vulnerable_versions: '>=4.7.0 <4.12.34',
2856 silly audit report       cwe: [Array],
2856 silly audit report       cvss: [Object]
2856 silly audit report     }
2856 silly audit report   ],
2856 silly audit report   valibot: [
2856 silly audit report     {
2856 silly audit report       id: 1124298,
2856 silly audit report       url: 'https://github.com/advisories/GHSA-5qjj-4xww-7phc',
2856 silly audit report       title: 'Valibot: record() issue paths can make flatten() throw for inherited Object property names',
2856 silly audit report       severity: 'moderate',
2856 silly audit report       vulnerable_versions: '<=1.4.1',
2856 silly audit report       cwe: [Array],
2856 silly audit report       cvss: [Object]
2856 silly audit report     }
2856 silly audit report   ],
2856 silly audit report   lodash: [
2856 silly audit report     {
2856 silly audit report       id: 1120370,
2856 silly audit report       url: 'https://github.com/advisories/GHSA-xxjr-mmjv-4gpg',
2856 silly audit report       title: 'Lodash has Prototype Pollution Vulnerability in `_.unset` and `_.omit` functions',
2856 silly audit report       severity: 'moderate',
2856 silly audit report       vulnerable_versions: '>=4.0.0 <=4.17.22',
2856 silly audit report       cwe: [Array],
2856 silly audit report       cvss: [Object]
2856 silly audit report     },
2856 silly audit report     {
2856 silly audit report       id: 1115806,
2856 silly audit report       url: 'https://github.com/advisories/GHSA-r5fr-rjxr-66jc',
2856 silly audit report       title: 'lodash vulnerable to Code Injection via `_.template` imports key names',
2856 silly audit report       severity: 'high',
2856 silly audit report       vulnerable_versions: '>=4.0.0 <=4.17.23',
2856 silly audit report       cwe: [Array],
2856 silly audit report       cvss: [Object]
2856 silly audit report     },
2856 silly audit report     {
2856 silly audit report       id: 1115810,
2856 silly audit report       url: 'https://github.com/advisories/GHSA-f23m-r3pf-42rh',
2856 silly audit report       title: 'lodash vulnerable to Prototype Pollution via array path bypass in `_.unset` and `_.omit`',
2856 silly audit report       severity: 'moderate',
2856 silly audit report       vulnerable_versions: '<=4.17.23',
2856 silly audit report       cwe: [Array],
2856 silly audit report       cvss: [Object]
2856 silly audit report     }
2856 silly audit report   ]
2856 silly audit report }
2857 silly packumentCache corgi:https://registry.npmjs.org/@hono%2fnode-server cache-miss
2858 silly packumentCache corgi:https://registry.npmjs.org/hono cache-miss
2859 silly packumentCache corgi:https://registry.npmjs.org/valibot cache-miss
2860 silly packumentCache corgi:https://registry.npmjs.org/lodash cache-miss
2861 http fetch GET 200 https://registry.npmjs.org/ansi-regex/-/ansi-regex-6.3.0.tgz 166ms (cache miss)
2862 http fetch GET 200 https://registry.npmjs.org/onetime/-/onetime-5.1.2.tgz 165ms (cache miss)
2863 http fetch GET 200 https://registry.npmjs.org/mimic-fn/-/mimic-fn-2.1.0.tgz 167ms (cache miss)
2864 http fetch GET 200 https://registry.npmjs.org/bare-path/-/bare-path-3.1.1.tgz 174ms (cache miss)
2865 http fetch GET 200 https://registry.npmjs.org/string_decoder/-/string_decoder-1.1.1.tgz 177ms (cache miss)
2866 http fetch GET 200 https://registry.npmjs.org/safe-buffer/-/safe-buffer-5.1.2.tgz 178ms (cache miss)
2867 http fetch GET 200 https://registry.npmjs.org/@rolldown/pluginutils/-/pluginutils-1.0.1.tgz 179ms (cache miss)
2868 http fetch GET 200 https://registry.npmjs.org/inherits/-/inherits-2.0.4.tgz 179ms (cache miss)
2869 http fetch GET 200 https://registry.npmjs.org/@isaacs/fs-minipass/-/fs-minipass-4.0.1.tgz 180ms (cache miss)
2870 http fetch GET 200 https://registry.npmjs.org/util-deprecate/-/util-deprecate-1.0.2.tgz 181ms (cache miss)
2871 http fetch GET 200 https://registry.npmjs.org/@oxc-project/types/-/types-0.139.0.tgz 187ms (cache miss)
2872 http fetch GET 200 https://registry.npmjs.org/core-util-is/-/core-util-is-1.0.3.tgz 196ms (cache miss)
2873 http fetch GET 200 https://registry.npmjs.org/is-docker/-/is-docker-3.0.0.tgz 203ms (cache miss)
2874 http fetch GET 200 https://registry.npmjs.org/parse-ms/-/parse-ms-4.0.0.tgz 203ms (cache miss)
2875 http fetch GET 200 https://registry.npmjs.org/openapi-typescript-helpers/-/openapi-typescript-helpers-0.0.15.tgz 204ms (cache miss)
2876 http fetch GET 200 https://registry.npmjs.org/bundle-name/-/bundle-name-4.1.0.tgz 206ms (cache miss)
2877 http fetch GET 200 https://registry.npmjs.org/destr/-/destr-2.0.5.tgz 206ms (cache miss)
2878 http fetch GET 200 https://registry.npmjs.org/@noble/hashes/-/hashes-2.4.0.tgz 210ms (cache miss)
2879 http fetch GET 200 https://registry.npmjs.org/wsl-utils/-/wsl-utils-1.0.0.tgz 206ms (cache miss)
2880 http fetch GET 200 https://registry.npmjs.org/powershell-utils/-/powershell-utils-0.2.0.tgz 207ms (cache miss)
2881 http fetch GET 200 https://registry.npmjs.org/default-browser-id/-/default-browser-id-5.0.1.tgz 207ms (cache miss)
2882 http fetch GET 200 https://registry.npmjs.org/retry/-/retry-0.12.0.tgz 208ms (cache miss)
2883 http fetch GET 200 https://registry.npmjs.org/run-applescript/-/run-applescript-7.1.0.tgz 211ms (cache miss)
2884 http fetch GET 200 https://registry.npmjs.org/minizlib/-/minizlib-3.1.0.tgz 212ms (cache miss)
2885 http fetch GET 200 https://registry.npmjs.org/default-browser/-/default-browser-5.5.1.tgz 213ms (cache miss)
2886 http fetch GET 200 https://registry.npmjs.org/define-lazy-prop/-/define-lazy-prop-3.0.0.tgz 213ms (cache miss)
2887 http fetch GET 200 https://registry.npmjs.org/bare-fs/-/bare-fs-4.8.1.tgz 216ms (cache miss)
2888 http fetch GET 200 https://registry.npmjs.org/vscode-languageserver-types/-/vscode-languageserver-types-3.18.0.tgz 219ms (cache miss)
2889 http fetch GET 200 https://registry.npmjs.org/is-in-ssh/-/is-in-ssh-1.0.0.tgz 214ms (cache miss)
2890 http fetch GET 200 https://registry.npmjs.org/whatwg-url/-/whatwg-url-5.0.0.tgz 216ms (cache miss)
2891 http fetch GET 200 https://registry.npmjs.org/node-gyp-build-optional-packages/-/node-gyp-build-optional-packages-5.2.2.tgz 220ms (cache miss)
2892 http fetch GET 200 https://registry.npmjs.org/vscode-jsonrpc/-/vscode-jsonrpc-9.0.1.tgz 226ms (cache miss)
2893 http fetch GET 200 https://registry.npmjs.org/msgpackr-extract/-/msgpackr-extract-3.0.4.tgz 226ms (cache miss)
2894 http fetch GET 200 https://registry.npmjs.org/unicorn-magic/-/unicorn-magic-0.3.0.tgz 232ms (cache miss)
2895 http fetch GET 200 https://registry.npmjs.org/process-nextick-args/-/process-nextick-args-2.0.1.tgz 235ms (cache miss)
2896 http fetch GET 200 https://registry.npmjs.org/vscode-languageserver-protocol/-/vscode-languageserver-protocol-3.18.2.tgz 245ms (cache miss)
2897 http fetch GET 200 https://registry.npmjs.org/abbrev/-/abbrev-3.0.1.tgz 242ms (cache miss)
2898 http fetch GET 200 https://registry.npmjs.org/is-inside-container/-/is-inside-container-1.0.0.tgz 243ms (cache miss)
2899 http fetch GET 200 https://registry.npmjs.org/bare-url/-/bare-url-2.5.2.tgz 248ms (cache miss)
2900 http fetch GET 200 https://registry.npmjs.org/immediate/-/immediate-3.0.6.tgz 244ms (cache miss)
2901 http fetch GET 200 https://registry.npmjs.org/setimmediate/-/setimmediate-1.0.5.tgz 255ms (cache miss)
2902 http fetch GET 200 https://registry.npmjs.org/@neon-rs/load/-/load-0.0.4.tgz 258ms (cache miss)
2903 http fetch GET 200 https://registry.npmjs.org/get-east-asian-width/-/get-east-asian-width-1.6.0.tgz 258ms (cache miss)
2904 http fetch GET 200 https://registry.npmjs.org/readable-stream/-/readable-stream-2.3.8.tgz 262ms (cache miss)
2905 http fetch GET 200 https://registry.npmjs.org/libsodium/-/libsodium-0.8.4.tgz 268ms (cache miss)
2906 http fetch GET 200 https://registry.npmjs.org/environment/-/environment-1.1.0.tgz 271ms (cache miss)
2907 http fetch GET 200 https://registry.npmjs.org/is-fullwidth-code-point/-/is-fullwidth-code-point-5.1.0.tgz 271ms (cache miss)
2908 http fetch GET 200 https://registry.npmjs.org/convert-to-spaces/-/convert-to-spaces-2.0.1.tgz 271ms (cache miss)
2909 http fetch GET 200 https://registry.npmjs.org/pako/-/pako-1.0.11.tgz 274ms (cache miss)
2910 http fetch GET 200 https://registry.npmjs.org/widest-line/-/widest-line-6.0.0.tgz 279ms (cache miss)
2911 http fetch GET 200 https://registry.npmjs.org/lie/-/lie-3.3.0.tgz 281ms (cache miss)
2912 http fetch GET 200 https://registry.npmjs.org/stack-utils/-/stack-utils-2.0.6.tgz 284ms (cache miss)
2913 http fetch GET 200 https://registry.npmjs.org/restore-cursor/-/restore-cursor-4.0.0.tgz 286ms (cache miss)
2914 http fetch GET 200 https://registry.npmjs.org/terminal-size/-/terminal-size-4.0.1.tgz 288ms (cache miss)
2915 http fetch GET 200 https://registry.npmjs.org/slice-ansi/-/slice-ansi-8.0.0.tgz 288ms (cache miss)
2916 http fetch GET 200 https://registry.npmjs.org/is-in-ci/-/is-in-ci-2.0.0.tgz 295ms (cache miss)
2917 http fetch GET 200 https://registry.npmjs.org/patch-console/-/patch-console-2.0.0.tgz 295ms (cache miss)
2918 http fetch GET 200 https://registry.npmjs.org/yoga-layout/-/yoga-layout-3.2.1.tgz 300ms (cache miss)
2919 http fetch GET 200 https://registry.npmjs.org/code-excerpt/-/code-excerpt-4.0.0.tgz 302ms (cache miss)
2920 http fetch GET 200 https://registry.npmjs.org/cli-cursor/-/cli-cursor-4.0.0.tgz 305ms (cache miss)
2921 http fetch GET 200 https://registry.npmjs.org/indent-string/-/indent-string-5.0.0.tgz 307ms (cache miss)
2922 http fetch GET 200 https://registry.npmjs.org/react-reconciler/-/react-reconciler-0.33.0.tgz 309ms (cache miss)
2923 http fetch GET 200 https://registry.npmjs.org/ansi-escapes/-/ansi-escapes-7.3.0.tgz 327ms (cache miss)
2924 http fetch GET 200 https://registry.npmjs.org/cli-boxes/-/cli-boxes-3.0.0.tgz 327ms (cache miss)
2925 http fetch GET 200 https://registry.npmjs.org/auto-bind/-/auto-bind-5.0.1.tgz 328ms (cache miss)
2926 http fetch GET 200 https://registry.npmjs.org/@alcalzone/ansi-tokenize/-/ansi-tokenize-0.2.5.tgz 327ms (cache miss)
2927 http fetch GET 200 https://registry.npmjs.org/is-unicode-supported/-/is-unicode-supported-2.1.0.tgz 328ms (cache miss)
2928 http fetch GET 200 https://registry.npmjs.org/strnum/-/strnum-2.4.2.tgz 329ms (cache miss)
2929 http fetch GET 200 https://registry.npmjs.org/xml-naming/-/xml-naming-0.3.0.tgz 329ms (cache miss)
2930 http fetch GET 200 https://registry.npmjs.org/@sec-ant/readable-stream/-/readable-stream-0.4.1.tgz 329ms (cache miss)
2931 http fetch GET 200 https://registry.npmjs.org/agent-base/-/agent-base-7.1.4.tgz 334ms (cache miss)
2932 http fetch GET 200 https://registry.npmjs.org/minipass/-/minipass-7.1.3.tgz 338ms (cache miss)
2933 http fetch GET 200 https://registry.npmjs.org/path-scurry/-/path-scurry-2.0.2.tgz 339ms (cache miss)
2934 http fetch GET 200 https://registry.npmjs.org/strip-final-newline/-/strip-final-newline-4.0.0.tgz 346ms (cache miss)
2935 http fetch GET 200 https://registry.npmjs.org/yoctocolors/-/yoctocolors-2.2.0.tgz 347ms (cache miss)
2936 http fetch GET 200 https://registry.npmjs.org/fast-string-truncated-width/-/fast-string-truncated-width-3.0.3.tgz 349ms (cache miss)
2937 http fetch GET 200 https://registry.npmjs.org/fast-xml-builder/-/fast-xml-builder-1.3.1.tgz 353ms (cache miss)
2938 http fetch GET 200 https://registry.npmjs.org/cli-truncate/-/cli-truncate-5.2.0.tgz 358ms (cache miss)
2939 http fetch GET 200 https://registry.npmjs.org/is-unsafe/-/is-unsafe-2.0.2.tgz 356ms (cache miss)
2940 http fetch GET 200 https://registry.npmjs.org/pretty-ms/-/pretty-ms-9.3.0.tgz 356ms (cache miss)
2941 http fetch GET 200 https://registry.npmjs.org/npm-run-path/-/npm-run-path-6.0.0.tgz 358ms (cache miss)
2942 http fetch GET 200 https://registry.npmjs.org/path-expression-matcher/-/path-expression-matcher-1.6.2.tgz 360ms (cache miss)
2943 http fetch GET 200 https://registry.npmjs.org/@nodable/entities/-/entities-3.0.0.tgz 363ms (cache miss)
2944 http fetch GET 200 https://registry.npmjs.org/is-stream/-/is-stream-4.0.1.tgz 367ms (cache miss)
2945 http fetch GET 200 https://registry.npmjs.org/is-plain-obj/-/is-plain-obj-4.1.0.tgz 373ms (cache miss)
2946 http fetch GET 200 https://registry.npmjs.org/human-signals/-/human-signals-8.0.1.tgz 372ms (cache miss)
2947 http fetch GET 200 https://registry.npmjs.org/signal-exit/-/signal-exit-4.1.0.tgz 374ms (cache miss)
2948 http fetch GET 200 https://registry.npmjs.org/@sindresorhus/merge-streams/-/merge-streams-4.0.0.tgz 386ms (cache miss)
2949 http fetch GET 200 https://registry.npmjs.org/readdirp/-/readdirp-5.1.1.tgz 385ms (cache miss)
2950 http fetch GET 200 https://registry.npmjs.org/figures/-/figures-6.1.0.tgz 387ms (cache miss)
2951 http fetch GET 200 https://registry.npmjs.org/typanion/-/typanion-3.14.0.tgz 392ms (cache miss)
2952 http fetch GET 200 https://registry.npmjs.org/regexp-to-ast/-/regexp-to-ast-0.5.0.tgz 393ms (cache miss)
2953 http fetch GET 200 https://registry.npmjs.org/@rolldown/binding-darwin-arm64/-/binding-darwin-arm64-1.1.5.tgz 407ms (cache miss)
2954 http fetch GET 200 https://registry.npmjs.org/get-stream/-/get-stream-9.0.1.tgz 397ms (cache miss)
2955 http fetch GET 200 https://registry.npmjs.org/fast-check/-/fast-check-4.9.0.tgz 401ms (cache miss)
2956 http fetch GET 200 https://registry.npmjs.org/pure-rand/-/pure-rand-8.4.2.tgz 404ms (cache miss)
2957 http fetch GET 200 https://registry.npmjs.org/type-fest/-/type-fest-5.8.0.tgz 418ms (cache miss)
2958 http fetch GET 200 https://registry.npmjs.org/msgpackr/-/msgpackr-2.1.0.tgz 413ms (cache miss)
2959 http fetch GET 200 https://registry.npmjs.org/pkg-types/-/pkg-types-2.3.1.tgz 420ms (cache miss)
2960 http fetch GET 200 https://registry.npmjs.org/perfect-debounce/-/perfect-debounce-2.1.0.tgz 424ms (cache miss)
2961 http fetch GET 200 https://registry.npmjs.org/ohash/-/ohash-2.0.12.tgz 433ms (cache miss)
2962 http fetch GET 200 https://registry.npmjs.org/@chevrotain/utils/-/utils-10.5.0.tgz 435ms (cache miss)
2963 http fetch GET 200 https://registry.npmjs.org/defu/-/defu-6.1.7.tgz 437ms (cache miss)
2964 http fetch GET 200 https://registry.npmjs.org/@chevrotain/cst-dts-gen/-/cst-dts-gen-10.5.0.tgz 447ms (cache miss)
2965 http fetch GET 200 https://registry.npmjs.org/@chevrotain/types/-/types-10.5.0.tgz 448ms (cache miss)
2966 http fetch GET 200 https://registry.npmjs.org/exsolve/-/exsolve-1.1.1.tgz 448ms (cache miss)
2967 http fetch GET 200 https://registry.npmjs.org/chokidar/-/chokidar-5.0.0.tgz 449ms (cache miss)
2968 http fetch GET 200 https://registry.npmjs.org/giget/-/giget-3.3.1.tgz 449ms (cache miss)
2969 http fetch GET 200 https://registry.npmjs.org/@msgpackr-extract/msgpackr-extract-darwin-arm64/-/msgpackr-extract-darwin-arm64-3.0.4.tgz 465ms (cache miss)
2970 http fetch GET 200 https://registry.npmjs.org/arkregex/-/arkregex-0.0.8.tgz 453ms (cache miss)
2971 http fetch GET 200 https://registry.npmjs.org/confbox/-/confbox-0.2.4.tgz 457ms (cache miss)
2972 http fetch GET 200 https://registry.npmjs.org/rc9/-/rc9-3.0.1.tgz 482ms (cache miss)
2973 http fetch GET 200 https://registry.npmjs.org/file-uri-to-path/-/file-uri-to-path-1.0.0.tgz 484ms (cache miss)
2974 http fetch GET 200 https://registry.npmjs.org/@smithy/is-array-buffer/-/is-array-buffer-2.2.0.tgz 494ms (cache miss)
2975 http fetch GET 200 https://registry.npmjs.org/@chevrotain/gast/-/gast-10.5.0.tgz 503ms (cache miss)
2976 http fetch GET 200 https://registry.npmjs.org/lilconfig/-/lilconfig-2.1.0.tgz 504ms (cache miss)
2977 http fetch GET 200 https://registry.npmjs.org/@prisma/debug/-/debug-7.2.0.tgz 516ms (cache miss)
2978 http fetch GET 200 https://registry.npmjs.org/zeptomatch/-/zeptomatch-2.1.0.tgz 516ms (cache miss)
2979 http fetch GET 200 https://registry.npmjs.org/@smithy/util-buffer-from/-/util-buffer-from-2.2.0.tgz 517ms (cache miss)
2980 http fetch GET 200 https://registry.npmjs.org/modern-tar/-/modern-tar-0.8.4.tgz 519ms (cache miss)
2981 http fetch GET 200 https://registry.npmjs.org/yargs/-/yargs-18.1.0.tgz 524ms (cache miss)
2982 http fetch GET 200 https://registry.npmjs.org/@ark/util/-/util-0.56.2.tgz 533ms (cache miss)
2983 http fetch GET 200 https://registry.npmjs.org/proper-lockfile/-/proper-lockfile-4.1.2.tgz 547ms (cache miss)
2984 http fetch GET 200 https://registry.npmjs.org/std-env/-/std-env-3.10.0.tgz 549ms (cache miss)
2985 http fetch GET 200 https://registry.npmjs.org/get-port-please/-/get-port-please-3.2.0.tgz 567ms (cache miss)
2986 http fetch GET 200 https://registry.npmjs.org/valibot/-/valibot-1.2.0.tgz 570ms (cache miss)
2987 http fetch GET 200 https://registry.npmjs.org/@esbuild/darwin-arm64/-/darwin-arm64-0.28.2.tgz 577ms (cache miss)
2988 http fetch GET 200 https://registry.npmjs.org/http-status-codes/-/http-status-codes-2.3.0.tgz 576ms (cache miss)
2989 http fetch GET 200 https://registry.npmjs.org/@prisma/get-platform/-/get-platform-7.2.0.tgz 603ms (cache miss)
2990 http fetch GET 200 https://registry.npmjs.org/@hono/node-server/-/node-server-1.19.9.tgz 610ms (cache miss)
2991 http fetch GET 200 https://registry.npmjs.org/@electric-sql/pglite-socket/-/pglite-socket-0.0.20.tgz 631ms (cache miss)
2992 http fetch GET 200 https://registry.npmjs.org/@electric-sql/pglite-tools/-/pglite-tools-0.2.20.tgz 648ms (cache miss)
2993 http fetch GET 200 https://registry.npmjs.org/@octokit/webhooks-methods/-/webhooks-methods-6.0.0.tgz 657ms (cache miss)
2994 http fetch GET 200 https://registry.npmjs.org/content-type/-/content-type-3.0.0.tgz 657ms (cache miss)
2995 http fetch GET 200 https://registry.npmjs.org/universal-user-agent/-/universal-user-agent-7.0.3.tgz 663ms (cache miss)
2996 http fetch GET 200 https://registry.npmjs.org/@octokit/openapi-webhooks-types/-/openapi-webhooks-types-12.1.0.tgz 667ms (cache miss)
2997 http fetch GET 200 https://registry.npmjs.org/foreground-child/-/foreground-child-3.3.1.tgz 685ms (cache miss)
2998 http fetch GET 200 https://registry.npmjs.org/json-with-bigint/-/json-with-bigint-3.5.12.tgz 695ms (cache miss)
2999 http fetch GET 200 https://registry.npmjs.org/lodash/-/lodash-4.17.21.tgz 718ms (cache miss)
3000 http fetch GET 200 https://registry.npmjs.org/@octokit/openapi-types/-/openapi-types-28.0.0.tgz 720ms (cache miss)
3001 http fetch GET 200 https://registry.npmjs.org/@octokit/request-error/-/request-error-7.1.1.tgz 721ms (cache miss)
3002 http fetch GET 200 https://registry.npmjs.org/@octokit/endpoint/-/endpoint-11.0.4.tgz 740ms (cache miss)
3003 http fetch GET 200 https://registry.npmjs.org/promise-limit/-/promise-limit-2.7.0.tgz 755ms (cache miss)
3004 http fetch GET 200 https://registry.npmjs.org/@types/ws/-/ws-8.18.1.tgz 756ms (cache miss)
3005 http fetch GET 200 https://registry.npmjs.org/libsql/-/libsql-0.5.29.tgz 761ms (cache miss)
3006 http fetch GET 200 https://registry.npmjs.org/@octokit/plugin-paginate-rest/-/plugin-paginate-rest-14.0.0.tgz 770ms (cache miss)
3007 http fetch GET 200 https://registry.npmjs.org/before-after-hook/-/before-after-hook-4.0.0.tgz 771ms (cache miss)
3008 http fetch GET 200 https://registry.npmjs.org/@octokit/types/-/types-17.0.0.tgz 772ms (cache miss)
3009 http fetch GET 200 https://registry.npmjs.org/js-base64/-/js-base64-3.9.3.tgz 771ms (cache miss)
3010 http fetch GET 200 https://registry.npmjs.org/@mrleebo/prisma-ast/-/prisma-ast-0.13.1.tgz 776ms (cache miss)
3011 http fetch GET 200 https://registry.npmjs.org/@ark/schema/-/schema-0.56.2.tgz 794ms (cache miss)
3012 http fetch GET 200 https://registry.npmjs.org/@smithy/util-base64/-/util-base64-4.6.2.tgz 792ms (cache miss)
3013 http fetch GET 200 https://registry.npmjs.org/@smithy/util-utf8/-/util-utf8-2.3.0.tgz 803ms (cache miss)
3014 http fetch GET 200 https://registry.npmjs.org/@libsql/isomorphic-ws/-/isomorphic-ws-0.1.5.tgz 824ms (cache miss)
3015 http fetch GET 200 https://registry.npmjs.org/@aws-crypto/crc32/-/crc32-5.2.0.tgz 823ms (cache miss)
3016 http fetch GET 200 https://registry.npmjs.org/@aws-sdk/signature-v4-multi-region/-/signature-v4-multi-region-3.996.46.tgz 823ms (cache miss)
3017 http fetch GET 200 https://registry.npmjs.org/@aws-sdk/token-providers/-/token-providers-3.1116.0.tgz 828ms (cache miss)
3018 http fetch GET 200 https://registry.npmjs.org/@prisma/query-plan-executor/-/query-plan-executor-7.2.0.tgz 834ms (cache miss)
3019 http fetch GET 200 https://registry.npmjs.org/@smithy/fetch-http-handler/-/fetch-http-handler-5.7.2.tgz 829ms (cache miss)
3020 http fetch GET 200 https://registry.npmjs.org/@octokit/request/-/request-10.0.15.tgz 839ms (cache miss)
3021 http fetch GET 200 https://registry.npmjs.org/@aws-crypto/util/-/util-5.2.0.tgz 849ms (cache miss)
3022 http fetch GET 200 https://registry.npmjs.org/bowser/-/bowser-2.14.1.tgz 851ms (cache miss)
3023 http fetch GET 200 https://registry.npmjs.org/chevrotain/-/chevrotain-10.5.0.tgz 862ms (cache miss)
3024 http fetch GET 200 https://registry.npmjs.org/@octokit/plugin-request-log/-/plugin-request-log-6.0.0.tgz 866ms (cache miss)
3025 http fetch GET 200 https://registry.npmjs.org/@aws-sdk/types/-/types-3.974.5.tgz 864ms (cache miss)
3026 http fetch GET 200 https://registry.npmjs.org/@aws-sdk/credential-provider-web-identity/-/credential-provider-web-identity-3.972.76.tgz 866ms (cache miss)
3027 http fetch GET 200 https://registry.npmjs.org/@smithy/node-http-handler/-/node-http-handler-4.11.3.tgz 869ms (cache miss)
3028 http fetch GET 200 https://registry.npmjs.org/@aws/lambda-invoke-store/-/lambda-invoke-store-0.3.0.tgz 870ms (cache miss)
3029 http fetch GET 200 https://registry.npmjs.org/@aws-sdk/credential-provider-sso/-/credential-provider-sso-3.973.14.tgz 871ms (cache miss)
3030 http fetch GET 200 https://registry.npmjs.org/@aws-sdk/credential-provider-node/-/credential-provider-node-3.972.81.tgz 901ms (cache miss)
3031 http fetch GET 200 https://registry.npmjs.org/@aws-sdk/credential-provider-http/-/credential-provider-http-3.972.72.tgz 902ms (cache miss)
3032 http fetch GET 200 https://registry.npmjs.org/@aws-sdk/credential-provider-login/-/credential-provider-login-3.972.77.tgz 903ms (cache miss)
3033 http fetch GET 200 https://registry.npmjs.org/@aws-sdk/credential-provider-ini/-/credential-provider-ini-3.973.15.tgz 903ms (cache miss)
3034 http fetch GET 200 https://registry.npmjs.org/@aws-sdk/credential-provider-env/-/credential-provider-env-3.972.70.tgz 903ms (cache miss)
3035 http fetch GET 200 https://registry.npmjs.org/yauzl/-/yauzl-3.4.0.tgz 903ms (cache miss)
3036 http fetch GET 200 https://registry.npmjs.org/@octokit/core/-/core-7.0.7.tgz 907ms (cache miss)
3037 http fetch GET 200 https://registry.npmjs.org/@aws-sdk/credential-provider-process/-/credential-provider-process-3.972.70.tgz 907ms (cache miss)
3038 http fetch GET 200 https://registry.npmjs.org/@aws-sdk/xml-builder/-/xml-builder-3.972.40.tgz 915ms (cache miss)
3039 http fetch GET 200 https://registry.npmjs.org/@libsql/hrana-client/-/hrana-client-0.10.0.tgz 916ms (cache miss)
3040 http fetch GET 200 https://registry.npmjs.org/@libsql/core/-/core-0.17.4.tgz 930ms (cache miss)
3041 http fetch GET 200 https://registry.npmjs.org/@smithy/credential-provider-imds/-/credential-provider-imds-4.5.2.tgz 932ms (cache miss)
3042 http fetch GET 200 https://registry.npmjs.org/@aws-sdk/credential-provider-cognito-identity/-/credential-provider-cognito-identity-3.972.69.tgz 941ms (cache miss)
3043 http fetch GET 200 https://registry.npmjs.org/@octokit/plugin-rest-endpoint-methods/-/plugin-rest-endpoint-methods-17.0.0.tgz 948ms (cache miss)
3044 http fetch GET 200 https://registry.npmjs.org/libsodium-wrappers/-/libsodium-wrappers-0.8.4.tgz 944ms (cache miss)
3045 http fetch GET 200 https://registry.npmjs.org/@cloudflare/unenv-preset/-/unenv-preset-2.16.1.tgz 959ms (cache miss)
3046 http fetch GET 200 https://registry.npmjs.org/aws4fetch/-/aws4fetch-1.0.20.tgz 961ms (cache miss)
3047 http fetch GET 200 https://registry.npmjs.org/@octokit/rest/-/rest-22.0.1.tgz 973ms (cache miss)
3048 http fetch GET 200 https://registry.npmjs.org/@smithy/shared-ini-file-loader/-/shared-ini-file-loader-4.7.2.tgz 975ms (cache miss)
3049 http fetch GET 200 https://registry.npmjs.org/@smithy/node-config-provider/-/node-config-provider-4.6.2.tgz 974ms (cache miss)
3050 http fetch GET 200 https://registry.npmjs.org/@libsql/client/-/client-0.17.4.tgz 999ms (cache miss)
3051 http fetch GET 200 https://registry.npmjs.org/capnweb/-/capnweb-0.6.1.tgz 1014ms (cache miss)
3052 http fetch GET 200 https://registry.npmjs.org/rolldown/-/rolldown-1.1.5.tgz 1021ms (cache miss)
3053 http fetch GET 200 https://registry.npmjs.org/jszip/-/jszip-3.10.1.tgz 1024ms (cache miss)
3054 http fetch GET 200 https://registry.npmjs.org/capnp-es/-/capnp-es-0.0.14.tgz 1025ms (cache miss)
3055 http fetch GET 200 https://registry.npmjs.org/workerd/-/workerd-1.20260704.1.tgz 1032ms (cache miss)
3056 http fetch GET 200 https://registry.npmjs.org/@types/aws-lambda/-/aws-lambda-8.10.162.tgz 1034ms (cache miss)
3057 http fetch GET 200 https://registry.npmjs.org/@alchemy.run/node-utils/-/node-utils-2.0.0-beta.74.tgz 1032ms (cache miss)
3058 http fetch GET 200 https://registry.npmjs.org/@smithy/signature-v4/-/signature-v4-5.7.3.tgz 1049ms (cache miss)
3059 http fetch GET 200 https://registry.npmjs.org/@octokit/webhooks/-/webhooks-14.2.0.tgz 1053ms (cache miss)
3060 http fetch GET 200 https://registry.npmjs.org/remeda/-/remeda-2.33.4.tgz 1071ms (cache miss)
3061 http fetch GET 200 https://registry.npmjs.org/nopt/-/nopt-8.1.0.tgz 1066ms (cache miss)
3062 http fetch GET 200 https://registry.npmjs.org/fast-xml-parser/-/fast-xml-parser-5.11.1.tgz 1076ms (cache miss)
3063 http fetch GET 200 https://registry.npmjs.org/@puppeteer/browsers/-/browsers-3.2.1.tgz 1080ms (cache miss)
3064 http fetch GET 200 https://registry.npmjs.org/@aws-sdk/credential-providers/-/credential-providers-3.1120.0.tgz 1080ms (cache miss)
3065 http fetch GET 200 https://registry.npmjs.org/@distilled.cloud/fly-io/-/fly-io-1.0.0-rc.6.tgz 1093ms (cache miss)
3066 http fetch GET 200 https://registry.npmjs.org/https-proxy-agent/-/https-proxy-agent-7.0.6.tgz 1100ms (cache miss)
3067 http fetch GET 200 https://registry.npmjs.org/node-fetch/-/node-fetch-2.7.0.tgz 1102ms (cache miss)
3068 http fetch GET 200 https://registry.npmjs.org/node-gyp-build/-/node-gyp-build-4.8.4.tgz 1103ms (cache miss)
3069 http fetch GET 200 https://registry.npmjs.org/@distilled.cloud/planetscale/-/planetscale-1.0.0-rc.6.tgz 1112ms (cache miss)
3070 http fetch GET 200 https://registry.npmjs.org/estree-walker/-/estree-walker-2.0.2.tgz 1112ms (cache miss)
3071 http fetch GET 200 https://registry.npmjs.org/bindings/-/bindings-1.5.0.tgz 1114ms (cache miss)
3072 http fetch GET 200 https://registry.npmjs.org/async-sema/-/async-sema-3.1.1.tgz 1115ms (cache miss)
3073 http fetch GET 200 https://registry.npmjs.org/acorn-import-attributes/-/acorn-import-attributes-1.9.5.tgz 1116ms (cache miss)
3074 http fetch GET 200 https://registry.npmjs.org/@libsql/darwin-arm64/-/darwin-arm64-0.5.29.tgz 1166ms (cache miss)
3075 http fetch GET 200 https://registry.npmjs.org/consola/-/consola-3.4.2.tgz 1141ms (cache miss)
3076 http fetch GET 200 https://registry.npmjs.org/@distilled.cloud/axiom/-/axiom-1.0.0-rc.6.tgz 1157ms (cache miss)
3077 http fetch GET 200 https://registry.npmjs.org/wrap-ansi/-/wrap-ansi-10.0.1.tgz 1160ms (cache miss)
3078 http fetch GET 200 https://registry.npmjs.org/@rollup/pluginutils/-/pluginutils-5.4.0.tgz 1161ms (cache miss)
3079 http fetch GET 200 https://registry.npmjs.org/vscode-languageserver-textdocument/-/vscode-languageserver-textdocument-1.0.12.tgz 1162ms (cache miss)
3080 http fetch GET 200 https://registry.npmjs.org/@distilled.cloud/neon/-/neon-1.0.0-rc.6.tgz 1166ms (cache miss)
3081 http fetch GET 200 https://registry.npmjs.org/strip-ansi/-/strip-ansi-7.2.0.tgz 1164ms (cache miss)
3082 http fetch GET 200 https://registry.npmjs.org/pathe/-/pathe-2.0.3.tgz 1164ms (cache miss)
3083 http fetch GET 200 https://registry.npmjs.org/@prisma/dev/-/dev-0.20.0.tgz 1181ms (cache miss)
3084 http fetch GET 200 https://registry.npmjs.org/closest-match/-/closest-match-1.3.3.tgz 1196ms (cache miss)
3085 http fetch GET 200 https://registry.npmjs.org/@effect/vitest/-/vitest-4.0.0-rc.112.tgz 1202ms (cache miss)
3086 http fetch GET 200 https://registry.npmjs.org/@alchemy.run/floci/-/floci-2.0.0-beta.74.tgz 1202ms (cache miss)
3087 http fetch GET 200 https://registry.npmjs.org/ink/-/ink-6.8.0.tgz 1211ms (cache miss)
3088 http fetch GET 200 https://registry.npmjs.org/jsonc-parser/-/jsonc-parser-3.3.1.tgz 1207ms (cache miss)
3089 http fetch GET 200 https://registry.npmjs.org/ci-info/-/ci-info-4.4.0.tgz 1208ms (cache miss)
3090 http fetch GET 200 https://registry.npmjs.org/tar-stream/-/tar-stream-3.2.1.tgz 1213ms (cache miss)
3091 http fetch GET 200 https://registry.npmjs.org/tiny-invariant/-/tiny-invariant-1.3.3.tgz 1225ms (cache miss)
3092 http fetch GET 200 https://registry.npmjs.org/@mapbox/node-pre-gyp/-/node-pre-gyp-2.0.3.tgz 1230ms (cache miss)
3093 http fetch GET 200 https://registry.npmjs.org/magicast/-/magicast-0.5.4.tgz 1232ms (cache miss)
3094 http fetch GET 200 https://registry.npmjs.org/openapi-fetch/-/openapi-fetch-0.14.0.tgz 1236ms (cache miss)
3095 http fetch GET 200 https://registry.npmjs.org/ws/-/ws-8.21.3.tgz 1238ms (cache miss)
3096 http fetch GET 200 https://registry.npmjs.org/@distilled.cloud/core/-/core-1.0.0-rc.6.tgz 1257ms (cache miss)
3097 http fetch GET 200 https://registry.npmjs.org/@standard-schema/spec/-/spec-1.1.0.tgz 1254ms (cache miss)
3098 http fetch GET 200 https://registry.npmjs.org/vscode-languageserver/-/vscode-languageserver-10.1.0.tgz 1269ms (cache miss)
3099 http fetch GET 200 https://registry.npmjs.org/esbuild/-/esbuild-0.28.2.tgz 1268ms (cache miss)
3100 http fetch GET 200 https://registry.npmjs.org/glob/-/glob-13.0.6.tgz 1274ms (cache miss)
3101 http fetch GET 200 https://registry.npmjs.org/@vercel/nft/-/nft-1.11.0.tgz 1296ms (cache miss)
3102 http fetch GET 200 https://registry.npmjs.org/@cloudflare/workers-types/-/workers-types-5.20260827.1.tgz 1297ms (cache miss)
3103 http fetch GET 200 https://registry.npmjs.org/sisteransi/-/sisteransi-1.0.5.tgz 1304ms (cache miss)
3104 http fetch GET 200 https://registry.npmjs.org/uniku/-/uniku-0.5.0.tgz 1318ms (cache miss)
3105 http fetch GET 200 https://registry.npmjs.org/fast-wrap-ansi/-/fast-wrap-ansi-0.2.2.tgz 1321ms (cache miss)
3106 http fetch GET 200 https://registry.npmjs.org/fast-string-width/-/fast-string-width-3.0.2.tgz 1335ms (cache miss)
3107 http fetch GET 200 https://registry.npmjs.org/@smithy/types/-/types-4.17.2.tgz 1350ms (cache miss)
3108 http fetch GET 200 https://registry.npmjs.org/string-width/-/string-width-8.2.2.tgz 1347ms (cache miss)
3109 http fetch GET 200 https://registry.npmjs.org/package-manager-detector/-/package-manager-detector-1.8.0.tgz 1353ms (cache miss)
3110 http fetch GET 200 https://registry.npmjs.org/@clack/core/-/core-1.4.0.tgz 1356ms (cache miss)
3111 http fetch GET 200 https://registry.npmjs.org/clipanion/-/clipanion-4.0.0-rc.4.tgz 1359ms (cache miss)
3112 http fetch GET 200 https://registry.npmjs.org/undici/-/undici-7.29.0.tgz 1371ms (cache miss)
3113 http fetch GET 200 https://registry.npmjs.org/colorette/-/colorette-2.0.20.tgz 1365ms (cache miss)
3114 http fetch GET 200 https://registry.npmjs.org/c12/-/c12-3.3.4.tgz 1392ms (cache miss)
3115 http fetch GET 200 https://registry.npmjs.org/open/-/open-11.0.1.tgz 1396ms (cache miss)
3116 http fetch GET 200 https://registry.npmjs.org/@stricli/core/-/core-1.3.0.tgz 1400ms (cache miss)
3117 http fetch GET 200 https://registry.npmjs.org/jju/-/jju-1.4.0.tgz 1402ms (cache miss)
3118 http fetch GET 200 https://registry.npmjs.org/@vercel/detect-agent/-/detect-agent-1.2.5.tgz 1403ms (cache miss)
3119 http fetch GET 200 https://registry.npmjs.org/@clack/prompts/-/prompts-1.5.0.tgz 1405ms (cache miss)
3120 http fetch GET 200 https://registry.npmjs.org/better-result/-/better-result-2.10.0.tgz 1404ms (cache miss)
3121 http fetch GET 200 https://registry.npmjs.org/dotenv/-/dotenv-17.4.2.tgz 1409ms (cache miss)
3122 http fetch GET 200 https://registry.npmjs.org/ansi-styles/-/ansi-styles-6.2.3.tgz 1421ms (cache miss)
3123 http fetch GET 200 https://registry.npmjs.org/string-width/-/string-width-7.2.0.tgz 1424ms (cache miss)
3124 http fetch GET 200 https://registry.npmjs.org/wrap-ansi/-/wrap-ansi-9.0.2.tgz 1431ms (cache miss)
3125 http fetch GET 200 https://registry.npmjs.org/@types/bcryptjs/-/bcryptjs-2.4.6.tgz 1433ms (cache miss)
3126 http fetch GET 200 https://registry.npmjs.org/@distilled.cloud/hetzner/-/hetzner-1.0.0-rc.6.tgz 1459ms (cache miss)
3127 http fetch GET 200 https://registry.npmjs.org/isarray/-/isarray-1.0.0.tgz 1448ms (cache miss)
3128 http fetch GET 200 https://registry.npmjs.org/prisma/-/prisma-8.0.0-rc.12.tgz 1449ms (cache miss)
3129 http fetch GET 200 https://registry.npmjs.org/powershell-utils/-/powershell-utils-0.1.0.tgz 1454ms (cache miss)
3130 http fetch GET 200 https://registry.npmjs.org/signal-exit/-/signal-exit-3.0.7.tgz 1455ms (cache miss)
3131 http fetch GET 200 https://registry.npmjs.org/escape-string-regexp/-/escape-string-regexp-2.0.0.tgz 1461ms (cache miss)
3132 http fetch GET 200 https://registry.npmjs.org/ansi-styles/-/ansi-styles-6.2.3.tgz 1461ms (cache miss)
3133 http fetch GET 200 https://registry.npmjs.org/@prisma/management-api-sdk/-/management-api-sdk-1.69.0.tgz 1467ms (cache miss)
3134 http fetch GET 200 https://registry.npmjs.org/ansi-styles/-/ansi-styles-6.2.3.tgz 1462ms (cache miss)
3135 http fetch GET 200 https://registry.npmjs.org/path-key/-/path-key-4.0.0.tgz 1465ms (cache miss)
3136 http fetch GET 200 https://registry.npmjs.org/@prisma/cli-engine/-/cli-engine-0.3.0.tgz 1476ms (cache miss)
3137 http fetch GET 200 https://registry.npmjs.org/signal-exit/-/signal-exit-3.0.7.tgz 1479ms (cache miss)
3138 http fetch GET 200 https://registry.npmjs.org/emoji-regex/-/emoji-regex-10.6.0.tgz 1482ms (cache miss)
3139 http fetch GET 200 https://registry.npmjs.org/arktype/-/arktype-2.2.3.tgz 1494ms (cache miss)
3140 http fetch GET 200 https://registry.npmjs.org/emoji-regex/-/emoji-regex-10.6.0.tgz 1488ms (cache miss)
3141 http fetch GET 200 https://registry.npmjs.org/@electric-sql/pglite/-/pglite-0.3.15.tgz 1515ms (cache miss)
3142 http fetch GET 200 https://registry.npmjs.org/prettier/-/prettier-3.9.6.tgz 1505ms (cache miss)
3143 http fetch GET 200 https://registry.npmjs.org/@effect/sql-d1/-/sql-d1-4.0.0-rc.112.tgz 1512ms (cache miss)
3144 http fetch GET 200 https://registry.npmjs.org/detect-libc/-/detect-libc-2.0.2.tgz 1508ms (cache miss)
3145 http fetch GET 200 https://registry.npmjs.org/@octokit/auth-token/-/auth-token-6.0.0.tgz 1511ms (cache miss)
3146 http fetch GET 200 https://registry.npmjs.org/@prisma/composer-cli/-/composer-cli-0.16.0.tgz 1518ms (cache miss)
3147 http fetch GET 200 https://registry.npmjs.org/wrap-ansi/-/wrap-ansi-9.0.2.tgz 1513ms (cache miss)
3148 http fetch GET 200 https://registry.npmjs.org/signal-exit/-/signal-exit-3.0.7.tgz 1528ms (cache miss)
3149 http fetch GET 200 https://registry.npmjs.org/@octokit/types/-/types-16.0.0.tgz 1531ms (cache miss)
3150 http fetch GET 200 https://registry.npmjs.org/@effect/sql-sqlite-do/-/sql-sqlite-do-4.0.0-rc.112.tgz 1540ms (cache miss)
3151 http fetch GET 200 https://registry.npmjs.org/tar/-/tar-7.5.22.tgz 1545ms (cache miss)
3152 http fetch GET 200 https://registry.npmjs.org/string-width/-/string-width-7.2.0.tgz 1532ms (cache miss)
3153 http fetch GET 200 https://registry.npmjs.org/@prisma/composer/-/composer-0.16.0.tgz 1577ms (cache miss)
3154 http fetch GET 200 https://registry.npmjs.org/ansi-styles/-/ansi-styles-6.2.3.tgz 1572ms (cache miss)
3155 http fetch GET 200 https://registry.npmjs.org/yallist/-/yallist-5.0.0.tgz 1581ms (cache miss)
3156 http fetch GET 200 https://registry.npmjs.org/resolve-from/-/resolve-from-5.0.0.tgz 1581ms (cache miss)
3157 http fetch GET 200 https://registry.npmjs.org/ansi-styles/-/ansi-styles-6.2.3.tgz 1581ms (cache miss)
3158 http fetch GET 200 https://registry.npmjs.org/@octokit/graphql/-/graphql-9.0.4.tgz 1584ms (cache miss)
3159 http fetch GET 200 https://registry.npmjs.org/@clack/core/-/core-1.4.3.tgz 1582ms (cache miss)
3160 http fetch GET 200 https://registry.npmjs.org/@clack/prompts/-/prompts-1.7.0.tgz 1583ms (cache miss)
3161 http fetch GET 200 https://registry.npmjs.org/lodash 1473ms (cache miss)
3162 silly packumentCache corgi:https://registry.npmjs.org/lodash set size:undefined disposed:false
3163 http fetch GET 200 https://registry.npmjs.org/@hono%2fnode-server 1477ms (cache miss)
3164 silly packumentCache corgi:https://registry.npmjs.org/@hono%2fnode-server set size:undefined disposed:false
3165 http fetch GET 200 https://registry.npmjs.org/valibot 1478ms (cache miss)
3166 silly packumentCache corgi:https://registry.npmjs.org/valibot set size:undefined disposed:false
3167 http fetch GET 200 https://registry.npmjs.org/chalk/-/chalk-5.6.2.tgz 1594ms (cache miss)
3168 http fetch GET 200 https://registry.npmjs.org/hono 1488ms (cache miss)
3169 silly packumentCache corgi:https://registry.npmjs.org/hono set size:undefined disposed:false
3170 http fetch GET 200 https://registry.npmjs.org/@octokit/types/-/types-16.0.0.tgz 1670ms (cache miss)
3171 silly packumentCache corgi:https://registry.npmjs.org/@prisma%2fdev cache-miss
3172 http fetch GET 200 https://registry.npmjs.org/@octokit/openapi-types/-/openapi-types-27.0.0.tgz 1687ms (cache miss)
3173 http fetch GET 200 https://registry.npmjs.org/@octokit/openapi-types/-/openapi-types-27.0.0.tgz 1704ms (cache miss)
3174 http fetch GET 200 https://registry.npmjs.org/@prisma/orm-framework/-/orm-framework-8.0.0-rc.8.tgz 1717ms (cache miss)
3175 http fetch GET 200 https://registry.npmjs.org/execa/-/execa-9.6.1.tgz 1715ms (cache miss)
3176 http fetch GET 200 https://registry.npmjs.org/fast-glob/-/fast-glob-3.3.3.tgz 1710ms (cache miss)
3177 http fetch GET 200 https://registry.npmjs.org/@prisma/orm-toolchain/-/orm-toolchain-8.0.0-rc.8.tgz 1732ms (cache miss)
3178 http fetch GET 200 https://registry.npmjs.org/hono/-/hono-4.11.4.tgz 1760ms (cache miss)
3179 http fetch GET 200 https://registry.npmjs.org/@prisma/compute-sdk/-/compute-sdk-0.42.0.tgz 1743ms (cache miss)
3180 http fetch GET 200 https://registry.npmjs.org/lru-cache/-/lru-cache-11.5.2.tgz 1743ms (cache miss)
3181 http fetch GET 200 https://registry.npmjs.org/@prisma%2fdev 86ms (cache miss)
3182 silly packumentCache corgi:https://registry.npmjs.org/@prisma%2fdev set size:undefined disposed:false
3183 silly packumentCache corgi:https://registry.npmjs.org/chevrotain cache-miss
3184 silly packumentCache corgi:https://registry.npmjs.org/@chevrotain%2fcst-dts-gen cache-miss
3185 silly packumentCache corgi:https://registry.npmjs.org/@chevrotain%2fgast cache-miss
3186 http fetch GET 200 https://registry.npmjs.org/@manypkg/tools/-/tools-2.1.2.tgz 1834ms (cache miss)
3187 http fetch GET 200 https://registry.npmjs.org/@aws-sdk/nested-clients/-/nested-clients-3.997.44.tgz 1872ms (cache miss)
3188 http fetch GET 200 https://registry.npmjs.org/yaml/-/yaml-2.9.0.tgz 1862ms (cache miss)
3189 http fetch GET 200 https://registry.npmjs.org/chevrotain 52ms (cache miss)
3190 silly packumentCache corgi:https://registry.npmjs.org/chevrotain set size:undefined disposed:false
3191 http fetch GET 200 https://registry.npmjs.org/@chevrotain%2fgast 56ms (cache miss)
3192 silly packumentCache corgi:https://registry.npmjs.org/@chevrotain%2fgast set size:undefined disposed:false
3193 http fetch GET 200 https://registry.npmjs.org/@chevrotain%2fcst-dts-gen 56ms (cache miss)
3194 silly packumentCache corgi:https://registry.npmjs.org/@chevrotain%2fcst-dts-gen set size:undefined disposed:false
3195 silly packumentCache corgi:https://registry.npmjs.org/alchemy cache-miss
3196 http fetch GET 200 https://registry.npmjs.org/unenv/-/unenv-2.0.0-rc.24.tgz 1914ms (cache miss)
3197 http fetch GET 200 https://registry.npmjs.org/@aws-sdk/core/-/core-3.977.9.tgz 1931ms (cache miss)
3198 http fetch GET 200 https://registry.npmjs.org/alchemy 46ms (cache miss)
3199 silly packumentCache corgi:https://registry.npmjs.org/alchemy set size:undefined disposed:false
3200 silly packumentCache corgi:https://registry.npmjs.org/@mrleebo%2fprisma-ast cache-miss
3201 http fetch GET 200 https://registry.npmjs.org/@mrleebo%2fprisma-ast 41ms (cache miss)
3202 silly packumentCache corgi:https://registry.npmjs.org/@mrleebo%2fprisma-ast set size:undefined disposed:false
3203 silly packumentCache corgi:https://registry.npmjs.org/@prisma%2fcomposer-cli cache-miss
3204 silly packumentCache corgi:https://registry.npmjs.org/@prisma%2fcomposer cache-miss
3205 http fetch GET 200 https://registry.npmjs.org/@cloudflare/workerd-darwin-arm64/-/workerd-darwin-arm64-1.20260704.1.tgz 2080ms (cache miss)
3206 http fetch GET 200 https://registry.npmjs.org/@prisma%2fcomposer-cli 50ms (cache miss)
3207 silly packumentCache corgi:https://registry.npmjs.org/@prisma%2fcomposer-cli set size:undefined disposed:false
3208 http fetch GET 200 https://registry.npmjs.org/@prisma%2fcomposer 218ms (cache miss)
3209 silly packumentCache corgi:https://registry.npmjs.org/@prisma%2fcomposer set size:undefined disposed:false
3210 silly packumentCache corgi:https://registry.npmjs.org/prisma cache-miss
3211 http fetch GET 200 https://registry.npmjs.org/@smithy/core/-/core-3.33.3.tgz 2413ms (cache miss)
3212 http fetch GET 200 https://registry.npmjs.org/@alchemy.run/cloudflare-runtime/-/cloudflare-runtime-2.0.0-beta.74.tgz 2412ms (cache miss)
3213 http fetch GET 200 https://registry.npmjs.org/@distilled.cloud/cloudflare/-/cloudflare-1.0.0-rc.6.tgz 2458ms (cache miss)
3214 http fetch GET 200 https://registry.npmjs.org/es-toolkit/-/es-toolkit-1.51.0.tgz 2787ms (cache miss)
3215 http fetch GET 200 https://registry.npmjs.org/prisma 617ms (cache miss)
3216 silly packumentCache corgi:https://registry.npmjs.org/prisma set size:undefined disposed:false
3217 http fetch GET 200 https://registry.npmjs.org/effect/-/effect-4.0.0-rc.112.tgz 3052ms (cache miss)
3218 http fetch GET 200 https://registry.npmjs.org/@distilled.cloud/aws/-/aws-1.0.0-rc.6.tgz 3438ms (cache miss)
3219 http fetch GET 200 https://registry.npmjs.org/alchemy/-/alchemy-2.0.0-beta.74.tgz 7661ms (cache miss)
3220 info run msgpackr-extract@3.0.4 install node_modules/msgpackr-extract node-gyp-build-optional-packages
3221 info run msgpackr-extract@3.0.4 install { code: 0, signal: null }
3222 info run esbuild@0.28.2 postinstall node_modules/esbuild node install.js
3223 info run workerd@1.20260704.1 postinstall node_modules/workerd node install.js
3224 info run esbuild@0.28.2 postinstall { code: 0, signal: null }
3225 info run workerd@1.20260704.1 postinstall { code: 0, signal: null }
3226 silly ADD node_modules/graphmatch
3227 silly ADD node_modules/grammex
3228 silly ADD node_modules/pend
3229 silly ADD node_modules/yargs-parser
3230 silly ADD node_modules/y18n
3231 silly ADD node_modules/get-caller-file
3232 silly ADD node_modules/cliui
3233 silly ADD node_modules/cliui/node_modules/ansi-styles
3234 silly ADD node_modules/cliui/node_modules/emoji-regex
3235 silly ADD node_modules/cliui/node_modules/wrap-ansi
3236 silly ADD node_modules/cliui/node_modules/string-width
3237 silly ADD node_modules/is-wsl
3238 silly ADD node_modules/@cloudflare/workerd-darwin-arm64
3239 silly ADD node_modules/webidl-conversions
3240 silly ADD node_modules/tr46
3241 silly ADD node_modules/vscode-languageserver-types
3242 silly ADD node_modules/vscode-jsonrpc
3243 silly ADD node_modules/vscode-languageserver-protocol
3244 silly ADD node_modules/@noble/hashes
3245 silly ADD node_modules/tagged-tag
3246 silly ADD node_modules/text-decoder
3247 silly ADD node_modules/events-universal
3248 silly ADD node_modules/teex
3249 silly ADD node_modules/bare-url
3250 silly ADD node_modules/bare-stream
3251 silly ADD node_modules/bare-path
3252 silly ADD node_modules/bare-events
3253 silly ADD node_modules/streamx
3254 silly ADD node_modules/fast-fifo
3255 silly ADD node_modules/bare-fs
3256 silly ADD node_modules/b4a
3257 silly ADD node_modules/minizlib
3258 silly ADD node_modules/chownr
3259 silly ADD node_modules/@isaacs/fs-minipass
3260 silly ADD node_modules/anynum
3261 silly ADD node_modules/ansi-regex
3262 silly ADD node_modules/@rolldown/pluginutils
3263 silly ADD node_modules/@rolldown/binding-darwin-arm64
3264 silly ADD node_modules/@oxc-project/types
3265 silly ADD node_modules/mimic-fn
3266 silly ADD node_modules/onetime
3267 silly ADD node_modules/util-deprecate
3268 silly ADD node_modules/string_decoder
3269 silly ADD node_modules/safe-buffer
3270 silly ADD node_modules/process-nextick-args
3271 silly ADD node_modules/inherits
3272 silly ADD node_modules/core-util-is
3273 silly ADD node_modules/destr
3274 silly ADD node_modules/retry
3275 silly ADD node_modules/parse-ms
3276 silly ADD node_modules/openapi-typescript-helpers
3277 silly ADD node_modules/is-docker
3278 silly ADD node_modules/run-applescript
3279 silly ADD node_modules/default-browser-id
3280 silly ADD node_modules/bundle-name
3281 silly ADD node_modules/wsl-utils
3282 silly ADD node_modules/wsl-utils/node_modules/powershell-utils
3283 silly ADD node_modules/powershell-utils
3284 silly ADD node_modules/is-inside-container
3285 silly ADD node_modules/is-in-ssh
3286 silly ADD node_modules/define-lazy-prop
3287 silly ADD node_modules/default-browser
3288 silly ADD node_modules/unicorn-magic
3289 silly ADD node_modules/abbrev
3290 silly ADD node_modules/whatwg-url
3291 silly ADD node_modules/node-gyp-build-optional-packages
3292 silly ADD node_modules/@msgpackr-extract/msgpackr-extract-darwin-arm64
3293 silly ADD node_modules/msgpackr-extract
3294 silly ADD node_modules/immediate
3295 silly ADD node_modules/@neon-rs/load
3296 silly ADD node_modules/@libsql/darwin-arm64
3297 silly ADD node_modules/libsodium
3298 silly ADD node_modules/setimmediate
3299 silly ADD node_modules/readable-stream
3300 silly ADD node_modules/readable-stream/node_modules/isarray
3301 silly ADD node_modules/pako
3302 silly ADD node_modules/lie
3303 silly ADD node_modules/get-east-asian-width
3304 silly ADD node_modules/convert-to-spaces
3305 silly ADD node_modules/restore-cursor
3306 silly ADD node_modules/restore-cursor/node_modules/signal-exit
3307 silly ADD node_modules/environment
3308 silly ADD node_modules/is-fullwidth-code-point
3309 silly ADD node_modules/yoga-layout
3310 silly ADD node_modules/widest-line
3311 silly ADD node_modules/type-fest
3312 silly ADD node_modules/terminal-size
3313 silly ADD node_modules/stack-utils
3314 silly ADD node_modules/stack-utils/node_modules/escape-string-regexp
3315 silly ADD node_modules/slice-ansi
3316 silly ADD node_modules/slice-ansi/node_modules/ansi-styles
3317 silly ADD node_modules/react-reconciler
3318 silly ADD node_modules/patch-console
3319 silly ADD node_modules/is-in-ci
3320 silly ADD node_modules/indent-string
3321 silly ADD node_modules/es-toolkit
3322 silly ADD node_modules/code-excerpt
3323 silly ADD node_modules/cli-truncate
3324 silly ADD node_modules/cli-cursor
3325 silly ADD node_modules/cli-boxes
3326 silly ADD node_modules/auto-bind
3327 silly ADD node_modules/ansi-escapes
3328 silly ADD node_modules/@alcalzone/ansi-tokenize
3329 silly ADD node_modules/@alcalzone/ansi-tokenize/node_modules/ansi-styles
3330 silly ADD node_modules/agent-base
3331 silly ADD node_modules/path-scurry
3332 silly ADD node_modules/path-scurry/node_modules/lru-cache
3333 silly ADD node_modules/minipass
3334 silly ADD node_modules/@sec-ant/readable-stream
3335 silly ADD node_modules/is-unicode-supported
3336 silly ADD node_modules/xml-naming
3337 silly ADD node_modules/strnum
3338 silly ADD node_modules/path-expression-matcher
3339 silly ADD node_modules/is-unsafe
3340 silly ADD node_modules/fast-xml-builder
3341 silly ADD node_modules/@nodable/entities
3342 silly ADD node_modules/fast-string-truncated-width
3343 silly ADD node_modules/pure-rand
3344 silly ADD node_modules/yoctocolors
3345 silly ADD node_modules/strip-final-newline
3346 silly ADD node_modules/signal-exit
3347 silly ADD node_modules/pretty-ms
3348 silly ADD node_modules/npm-run-path
3349 silly ADD node_modules/npm-run-path/node_modules/path-key
3350 silly ADD node_modules/is-stream
3351 silly ADD node_modules/is-plain-obj
3352 silly ADD node_modules/human-signals
3353 silly ADD node_modules/get-stream
3354 silly ADD node_modules/figures
3355 silly ADD node_modules/@sindresorhus/merge-streams
3356 silly ADD node_modules/@esbuild/darwin-arm64
3357 silly ADD node_modules/msgpackr
3358 silly ADD node_modules/fast-check
3359 silly ADD node_modules/typanion
3360 silly ADD node_modules/readdirp
3361 silly ADD node_modules/regexp-to-ast
3362 silly ADD node_modules/lodash
3363 silly ADD node_modules/@chevrotain/utils
3364 silly ADD node_modules/@chevrotain/types
3365 silly ADD node_modules/@chevrotain/gast
3366 silly ADD node_modules/@chevrotain/cst-dts-gen
3367 silly ADD node_modules/rc9
3368 silly ADD node_modules/pkg-types
3369 silly ADD node_modules/perfect-debounce
3370 silly ADD node_modules/ohash
3371 silly ADD node_modules/giget
3372 silly ADD node_modules/exsolve
3373 silly ADD node_modules/defu
3374 silly ADD node_modules/confbox
3375 silly ADD node_modules/chokidar
3376 silly ADD node_modules/file-uri-to-path
3377 silly ADD node_modules/arkregex
3378 silly ADD node_modules/@ark/util
3379 silly ADD node_modules/@ark/schema
3380 silly ADD node_modules/@smithy/is-array-buffer
3381 silly ADD node_modules/@smithy/util-buffer-from
3382 silly ADD node_modules/yargs
3383 silly ADD node_modules/modern-tar
3384 silly ADD node_modules/@prisma/debug
3385 silly ADD node_modules/lilconfig
3386 silly ADD node_modules/chevrotain
3387 silly ADD node_modules/zeptomatch
3388 silly ADD node_modules/valibot
3389 silly ADD node_modules/std-env
3390 silly ADD node_modules/remeda
3391 silly ADD node_modules/proper-lockfile
3392 silly ADD node_modules/proper-lockfile/node_modules/signal-exit
3393 silly ADD node_modules/http-status-codes
3394 silly ADD node_modules/hono
3395 silly ADD node_modules/get-port-please
3396 silly ADD node_modules/foreground-child
3397 silly ADD node_modules/@prisma/query-plan-executor
3398 silly ADD node_modules/@prisma/get-platform
3399 silly ADD node_modules/@mrleebo/prisma-ast
3400 silly ADD node_modules/@hono/node-server
3401 silly ADD node_modules/@electric-sql/pglite-tools
3402 silly ADD node_modules/@electric-sql/pglite-socket
3403 silly ADD node_modules/@electric-sql/pglite
3404 silly ADD node_modules/@octokit/webhooks-methods
3405 silly ADD node_modules/@octokit/openapi-webhooks-types
3406 silly ADD node_modules/@octokit/openapi-types
3407 silly ADD node_modules/json-with-bigint
3408 silly ADD node_modules/content-type
3409 silly ADD node_modules/@octokit/endpoint
3410 silly ADD node_modules/universal-user-agent
3411 silly ADD node_modules/before-after-hook
3412 silly ADD node_modules/@octokit/types
3413 silly ADD node_modules/@octokit/request-error
3414 silly ADD node_modules/@octokit/request
3415 silly ADD node_modules/@octokit/graphql
3416 silly ADD node_modules/@octokit/auth-token
3417 silly ADD node_modules/@octokit/plugin-rest-endpoint-methods
3418 silly ADD node_modules/@octokit/plugin-rest-endpoint-methods/node_modules/@octokit/openapi-types
3419 silly ADD node_modules/@octokit/plugin-rest-endpoint-methods/node_modules/@octokit/types
3420 silly ADD node_modules/@octokit/plugin-request-log
3421 silly ADD node_modules/@octokit/plugin-paginate-rest
3422 silly ADD node_modules/@octokit/plugin-paginate-rest/node_modules/@octokit/openapi-types
3423 silly ADD node_modules/@octokit/plugin-paginate-rest/node_modules/@octokit/types
3424 silly ADD node_modules/@octokit/core
3425 silly ADD node_modules/@types/ws
3426 silly ADD node_modules/@libsql/isomorphic-ws
3427 silly ADD node_modules/promise-limit
3428 silly ADD node_modules/libsql
3429 silly ADD node_modules/libsql/node_modules/detect-libc
3430 silly ADD node_modules/js-base64
3431 silly ADD node_modules/@libsql/hrana-client
3432 silly ADD node_modules/@libsql/core
3433 silly ADD node_modules/@smithy/util-utf8
3434 silly ADD node_modules/@smithy/util-base64
3435 silly ADD node_modules/@aws-crypto/util
3436 silly ADD node_modules/@aws-crypto/crc32
3437 silly ADD node_modules/@aws-sdk/signature-v4-multi-region
3438 silly ADD node_modules/@aws-sdk/token-providers
3439 silly ADD node_modules/@smithy/node-http-handler
3440 silly ADD node_modules/@smithy/fetch-http-handler
3441 silly ADD node_modules/bowser
3442 silly ADD node_modules/@smithy/signature-v4
3443 silly ADD node_modules/@aws/lambda-invoke-store
3444 silly ADD node_modules/@aws-sdk/xml-builder
3445 silly ADD node_modules/@smithy/credential-provider-imds
3446 silly ADD node_modules/@smithy/core
3447 silly ADD node_modules/@aws-sdk/types
3448 silly ADD node_modules/@aws-sdk/nested-clients
3449 silly ADD node_modules/@aws-sdk/credential-provider-web-identity
3450 silly ADD node_modules/@aws-sdk/credential-provider-sso
3451 silly ADD node_modules/@aws-sdk/credential-provider-process
3452 silly ADD node_modules/@aws-sdk/credential-provider-node
3453 silly ADD node_modules/@aws-sdk/credential-provider-login
3454 silly ADD node_modules/@aws-sdk/credential-provider-ini
3455 silly ADD node_modules/@aws-sdk/credential-provider-http
3456 silly ADD node_modules/@aws-sdk/credential-provider-env
3457 silly ADD node_modules/@aws-sdk/credential-provider-cognito-identity
3458 silly ADD node_modules/@aws-sdk/core
3459 silly ADD node_modules/yauzl
3460 silly ADD node_modules/workerd
3461 silly ADD node_modules/unenv
3462 silly ADD node_modules/capnp-es
3463 silly ADD node_modules/@puppeteer/browsers
3464 silly ADD node_modules/@cloudflare/unenv-preset
3465 silly ADD node_modules/undici
3466 silly ADD node_modules/rolldown
3467 silly ADD node_modules/libsodium-wrappers
3468 silly ADD node_modules/jszip
3469 silly ADD node_modules/ink
3470 silly ADD node_modules/ink/node_modules/emoji-regex
3471 silly ADD node_modules/ink/node_modules/wrap-ansi
3472 silly ADD node_modules/ink/node_modules/wrap-ansi/node_modules/string-width
3473 silly ADD node_modules/ink/node_modules/signal-exit
3474 silly ADD node_modules/ink/node_modules/chalk
3475 silly ADD node_modules/ink/node_modules/ansi-styles
3476 silly ADD node_modules/fast-xml-parser
3477 silly ADD node_modules/capnweb
3478 silly ADD node_modules/aws4fetch
3479 silly ADD node_modules/@types/aws-lambda
3480 silly ADD node_modules/@smithy/types
3481 silly ADD node_modules/@smithy/shared-ini-file-loader
3482 silly ADD node_modules/@smithy/node-config-provider
3483 silly ADD node_modules/@prisma/dev
3484 silly ADD node_modules/@octokit/webhooks
3485 silly ADD node_modules/@octokit/rest
3486 silly ADD node_modules/@libsql/client
3487 silly ADD node_modules/@effect/vitest
3488 silly ADD node_modules/@distilled.cloud/planetscale
3489 silly ADD node_modules/@distilled.cloud/neon
3490 silly ADD node_modules/@distilled.cloud/hetzner
3491 silly ADD node_modules/@distilled.cloud/fly-io
3492 silly ADD node_modules/@distilled.cloud/core
3493 silly ADD node_modules/@distilled.cloud/cloudflare
3494 silly ADD node_modules/@distilled.cloud/axiom
3495 silly ADD node_modules/@distilled.cloud/aws
3496 silly ADD node_modules/@aws-sdk/credential-providers
3497 silly ADD node_modules/@alchemy.run/node-utils
3498 silly ADD node_modules/@alchemy.run/floci
3499 silly ADD node_modules/@alchemy.run/cloudflare-runtime
3500 silly ADD node_modules/tar
3501 silly ADD node_modules/tar/node_modules/yallist
3502 silly ADD node_modules/nopt
3503 silly ADD node_modules/node-fetch
3504 silly ADD node_modules/https-proxy-agent
3505 silly ADD node_modules/consola
3506 silly ADD node_modules/node-gyp-build
3507 silly ADD node_modules/glob
3508 silly ADD node_modules/glob/node_modules/balanced-match
3509 silly ADD node_modules/glob/node_modules/brace-expansion
3510 silly ADD node_modules/glob/node_modules/minimatch
3511 silly ADD node_modules/estree-walker
3512 silly ADD node_modules/bindings
3513 silly ADD node_modules/async-sema
3514 silly ADD node_modules/acorn-import-attributes
3515 silly ADD node_modules/@rollup/pluginutils
3516 silly ADD node_modules/@rollup/pluginutils/node_modules/picomatch
3517 silly ADD node_modules/@mapbox/node-pre-gyp
3518 silly ADD node_modules/@mapbox/node-pre-gyp/node_modules/semver
3519 silly ADD node_modules/uniku
3520 silly ADD node_modules/wrap-ansi
3521 silly ADD node_modules/wrap-ansi/node_modules/ansi-styles
3522 silly ADD node_modules/vscode-languageserver-textdocument
3523 silly ADD node_modules/vscode-languageserver
3524 silly ADD node_modules/strip-ansi
3525 silly ADD node_modules/prettier
3526 silly ADD node_modules/pathe
3527 silly ADD node_modules/jsonc-parser
3528 silly ADD node_modules/closest-match
3529 silly ADD node_modules/clipanion
3530 silly ADD node_modules/ci-info
3531 silly ADD node_modules/@prisma/orm-framework
3532 silly ADD node_modules/openapi-fetch
3533 silly ADD node_modules/ws
3534 silly ADD node_modules/tiny-invariant
3535 silly ADD node_modules/tar-stream
3536 silly ADD node_modules/magicast
3537 silly ADD node_modules/@vercel/nft
3538 silly ADD node_modules/@vercel/nft/node_modules/resolve-from
3539 silly ADD node_modules/@vercel/nft/node_modules/picomatch
3540 silly ADD node_modules/@cloudflare/workers-types
3541 silly ADD node_modules/arktype
3542 silly ADD node_modules/@standard-schema/spec
3543 silly ADD node_modules/@effect/sql-sqlite-do
3544 silly ADD node_modules/@effect/sql-d1
3545 silly ADD node_modules/esbuild
3546 silly ADD node_modules/effect
3547 silly ADD node_modules/alchemy
3548 silly ADD node_modules/alchemy/node_modules/glob-parent
3549 silly ADD node_modules/alchemy/node_modules/@clack/core
3550 silly ADD node_modules/alchemy/node_modules/picomatch
3551 silly ADD node_modules/alchemy/node_modules/fast-glob
3552 silly ADD node_modules/alchemy/node_modules/@clack/prompts
3553 silly ADD node_modules/@prisma/composer
3554 silly ADD node_modules/sisteransi
3555 silly ADD node_modules/fast-wrap-ansi
3556 silly ADD node_modules/fast-string-width
3557 silly ADD node_modules/@clack/core
3558 silly ADD node_modules/string-width
3559 silly ADD node_modules/package-manager-detector
3560 silly ADD node_modules/colorette
3561 silly ADD node_modules/c12
3562 silly ADD node_modules/@stricli/core
3563 silly ADD node_modules/@clack/prompts
3564 silly ADD node_modules/yaml
3565 silly ADD node_modules/jju
3566 silly ADD node_modules/open
3567 silly ADD node_modules/execa
3568 silly ADD node_modules/dotenv
3569 silly ADD node_modules/better-result
3570 silly ADD node_modules/@vercel/detect-agent
3571 silly ADD node_modules/@prisma/orm-toolchain
3572 silly ADD node_modules/@prisma/management-api-sdk
3573 silly ADD node_modules/@prisma/compute-sdk
3574 silly ADD node_modules/@prisma/compute-sdk/node_modules/picomatch
3575 silly ADD node_modules/@prisma/composer-cli
3576 silly ADD node_modules/@prisma/cli-engine
3577 silly ADD node_modules/@manypkg/tools
3578 silly ADD node_modules/prisma
3579 silly ADD node_modules/@types/bcryptjs
3580 warn allow-scripts 4 packages have install scripts not yet covered by allowScripts:
3580 warn allow-scripts   unrs-resolver@1.12.2 (postinstall: node postinstall.js)
3580 warn allow-scripts   esbuild@0.28.2 (postinstall: node install.js)
3580 warn allow-scripts   workerd@1.20260704.1 (postinstall: node install.js)
3580 warn allow-scripts   msgpackr-extract@3.0.4 (install: node-gyp-build-optional-packages)
3580 warn allow-scripts
3580 warn allow-scripts Run `npm approve-scripts --allow-scripts-pending` to review, or `npm approve-scripts <pkg>` to allow.
3581 verbose cwd /Users/hazael/Desktop/uniswap
3582 verbose os Darwin 23.6.0
3583 verbose node v24.19.0
3584 verbose npm  v11.17.0
3585 verbose exit 0
3586 info ok
